candidate_id,model_name,threshold,accuracy,precision,recall,specificity,balanced_accuracy,f1,f2,fpr,fnr,mcc,roc_auc,pr_auc,brier_score,log_loss,true_negative,false_positive,false_negative,true_positive,predicted_benign,predicted_attack
RANDOM_FOREST,Random Forest,0.05,0.7499933923615699,0.5322960867515323,0.9503367003367004,0.6710754153925506,0.8107060578646255,0.682381384103959,0.8213298414084098,0.32892458460744944,0.049663299663299666,0.5596187016359322,0.9541407534541635,0.9306468926130665,0.05719989161832677,0.24949221172888497,18215,8928,531,10161,18746,19089
RANDOM_FOREST,Random Forest,0.055,0.7656667107175895,0.5496519469219056,0.9452861952861953,0.6949121320414103,0.8200991636638029,0.6951169188445667,0.826329387141082,0.30508786795858966,0.054713804713804715,0.5767390780582807,0.9541407534541635,0.9306468926130665,0.05719989161832677,0.24949221172888497,18862,8281,585,10107,19447,18388
RANDOM_FOREST,Random Forest,0.06,0.7660103079159508,0.5500571615221297,0.9450056116722784,0.6955016026231441,0.8202536071477112,0.6953649220604935,0.8263408410618774,0.3044983973768559,0.05499438832772166,0.5770338726142654,0.9541407534541635,0.9306468926130665,0.05719989161832677,0.24949221172888497,18878,8265,588,10104,19466,18369
RANDOM_FOREST,Random Forest,0.065,0.779463459759482,0.5662229241877257,0.9388327721661055,0.7166857016542019,0.8277592369101536,0.7064039408866996,0.8296416291986247,0.2833142983457982,0.0611672278338945,0.5914796720258058,0.9541407534541635,0.9306468926130665,0.05719989161832677,0.24949221172888497,19453,7690,654,10038,20107,17728
RANDOM_FOREST,Random Forest,0.07,0.7798599180652834,0.5667099542657106,0.9387392442947998,0.7172751722359356,0.8280072082653678,0.7067563285568426,0.8297921592618924,0.2827248277640644,0.06126075570520015,0.5919609875670578,0.9541407534541635,0.9306468926130665,0.05719989161832677,0.24949221172888497,19469,7674,655,10037,20124,17711
RANDOM_FOREST,Random Forest,0.075,0.7917536672393287,0.5820738752407072,0.9329405162738497,0.7361382308514166,0.8345393735626332,0.7168780768263322,0.8325682330356398,0.26386176914858345,0.06705948372615039,0.6052071409754164,0.9541407534541635,0.9306468926130665,0.05719989161832677,0.24949221172888497,19981,7162,717,9975,20698,17137
RANDOM_FOREST,Random Forest,0.08,0.7918593894542091,0.5822289684161364,0.9327534605312383,0.7363592823195667,0.8345563714254025,0.7169404406743107,0.832512479756916,0.26364071768043323,0.06724653946876169,0.6052622524328696,0.9541407534541635,0.9306468926130665,0.05719989161832677,0.24949221172888497,19987,7156,719,9973,20706,17129
RANDOM_FOREST,Random Forest,0.085,0.8024580414959693,0.5967644936252104,0.9280770669659558,0.7529749843421877,0.8405260256540718,0.7264275256222547,0.835325611152266,0.24702501565781232,0.07192293303404415,0.6178443472894398,0.9541407534541635,0.9306468926130665,0.05719989161832677,0.24949221172888497,20438,6705,769,9923,21207,16628
RANDOM_FOREST,Random Forest,0.09,0.8025637637108497,0.5969547424169476,0.9277029554807332,0.7532697196330546,0.8404863375568938,0.7264537864362092,0.8351576182136602,0.24673028036694544,0.07229704451926675,0.617820601394611,0.9541407534541635,0.9306468926130665,0.05719989161832677,0.24949221172888497,20446,6697,773,9919,21219,16616
RANDOM_FOREST,Random Forest,0.095,0.8120787630500859,0.610760667903525,0.9236812570145904,0.7681170099104742,0.8458991334625323,0.7353138262229171,0.8378295836302555,0.23188299008952584,0.07631874298540965,0.6296562397068874,0.9541407534541635,0.9306468926130665,0.05719989161832677,0.24949221172888497,20849,6294,816,9876,21665,16170
RANDOM_FOREST,Random Forest,0.1,0.8122373463724065,0.6110148514851486,0.923494201271979,0.768411745201341,0.84595297323666,0.7354387010278565,0.8378020635351616,0.23158825479865897,0.07650579872802095,0.629803732580958,0.9541407534541635,0.9306468926130665,0.05719989161832677,0.24949221172888497,20857,6286,818,9874,21675,16160
RANDOM_FOREST,Random Forest,0.105,0.8223338178934849,0.6265621015047181,0.9190983913206136,0.784216925174078,0.8516576582473459,0.7451471034273582,0.8406042564839525,0.21578307482592196,0.08090160867938646,0.6428111309501969,0.9541407534541635,0.9306468926130665,0.05719989161832677,0.24949221172888497,21286,5857,865,9827,22151,15684
RANDOM_FOREST,Random Forest,0.11,0.8225981234306858,0.6270104671942813,0.9188178077066966,0.7846958700217367,0.8517568388642167,0.7453717754172989,0.8405777260592784,0.21530412997826326,0.08118219229330341,0.6430884382904,0.9541407534541635,0.9306468926130665,0.05719989161832677,0.24949221172888497,21299,5844,868,9824,22167,15668
RANDOM_FOREST,Random Forest,0.115,0.8309237478525175,0.6406076081974726,0.9150766928544707,0.797774748553955,0.8564257207042129,0.7536298863855191,0.8428524663599869,0.20222525144604503,0.08492330714552937,0.654193850161068,0.9541407534541635,0.9306468926130665,0.05719989161832677,0.24949221172888497,21654,5489,908,9784,22562,15273
RANDOM_FOREST,Random Forest,0.12,0.8310823311748381,0.6408778250900753,0.914983164983165,0.7980326419334635,0.8565079034583143,0.7537851061370728,0.8428824978891319,0.20196735806653648,0.08501683501683502,0.6544001231733773,0.9541407534541635,0.9306468926130665,0.05719989161832677,0.24949221172888497,21661,5482,909,9783,22570,15265
RANDOM_FOREST,Random Forest,0.125,0.8381921501255452,0.6534999328227865,0.9098391320613542,0.8099694212135725,0.8599042766374634,0.7606536867620611,0.8436535192701288,0.19003057878642743,0.09016086793864572,0.6634443669678751,0.9541407534541635,0.9306468926130665,0.05719989161832677,0.24949221172888497,21985,5158,964,9728,22949,14886
RANDOM_FOREST,Random Forest,0.13,0.8383243028941456,0.6537608388788062,0.909652076318743,0.8102273145930811,0.859939695455912,0.7607649888536899,0.8436117616445485,0.1897726854069189,0.09034792368125702,0.6635802193033982,0.9541407534541635,0.9306468926130665,0.05719989161832677,0.24949221172888497,21992,5151,966,9726,22958,14877
RANDOM_FOREST,Random Forest,0.135,0.8447469274481301,0.6656580937972768,0.9053497942386831,0.8208746269756475,0.8631122106071654,0.7672188317349607,0.8445297504798465,0.1791253730243525,0.09465020576131687,0.6722092185604656,0.9541407534541635,0.9306468926130665,0.05719989161832677,0.24949221172888497,22281,4862,1012,9680,23293,14542
RANDOM_FOREST,Random Forest,0.14,0.8448790802167305,0.6659098727210182,0.9052562663673774,0.8210956784437977,0.8631759724055876,0.7673524398461964,0.8445456607856482,0.17890432155620234,0.09474373363262252,0.672388107544559,0.9541407534541635,0.9306468926130665,0.05719989161832677,0.24949221172888497,22287,4856,1013,9679,23300,14535
RANDOM_FOREST,Random Forest,0.145,0.8513809964318753,0.6784230904611053,0.9013280957725402,0.8317061489150057,0.866517122343773,0.7741494959232036,0.8457514963228195,0.16829385108499428,0.09867190422745978,0.6816009425359624,0.9541407534541635,0.9306468926130665,0.05719989161832677,0.24949221172888497,22575,4568,1055,9637,23630,14205
RANDOM_FOREST,Random Forest,0.15,0.8515660103079159,0.6788079470198676,0.9011410400299289,0.8320377261172309,0.8665893830735799,0.7743309491280237,0.8457392647730066,0.16796227388276905,0.09885895997007108,0.6818407531679989,0.9541407534541635,0.9306468926130665,0.05719989161832677,0.24949221172888497,22584,4559,1057,9635,23641,14194
RANDOM_FOREST,Random Forest,0.155,0.857116426589137,0.6902533832421538,0.8968387579498691,0.8414692554249714,0.8691540066874203,0.7801008786202408,0.846187786798447,0.15853074457502855,0.10316124205013094,0.6896429651542273,0.9541407534541635,0.9306468926130665,0.05719989161832677,0.24949221172888497,22840,4303,1103,9589,23943,13892
RANDOM_FOREST,Random Forest,0.16,0.8572485793577376,0.6905293482175009,0.8967452300785634,0.8416903068931216,0.8692177684858425,0.7802416893843838,0.8462040845145006,0.1583096931068784,0.10325476992143659,0.6898350968655813,0.9541407534541635,0.9306468926130665,0.05719989161832677,0.24949221172888497,22846,4297,1104,9588,23950,13885
RANDOM_FOREST,Random Forest,0.165,0.8627989956389587,0.70228726925057,0.8930976430976431,0.8508639428213536,0.8719807929594983,0.7862818559841903,0.8470682160915461,0.14913605717864642,0.1069023569023569,0.6981342915822499,0.9541407534541635,0.9306468926130665,0.05719989161832677,0.24949221172888497,23095,4048,1143,9549,24238,13597
RANDOM_FOREST,Random Forest,0.17,0.862904717853839,0.702523728938268,0.8930041152263375,0.8510481523781454,0.8720261338022415,0.7863937734217353,0.8470696783122484,0.14895184762185462,0.10699588477366255,0.6982870678844089,0.9541407534541635,0.9306468926130665,0.05719989161832677,0.24949221172888497,23100,4043,1144,9548,24244,13591
RANDOM_FOREST,Random Forest,0.175,0.867900092506938,0.7138350608382155,0.8888888888888888,0.8596323177246435,0.8742606033067661,0.7918020494876282,0.8473306943404301,0.14036768227535645,0.1111111111111111,0.7057309150222197,0.9541407534541635,0.9306468926130665,0.05719989161832677,0.24949221172888497,23333,3810,1188,9504,24521,13314
RANDOM_FOREST,Random Forest,0.18,0.8679529536143782,0.7139423076923077,0.8888888888888888,0.8597060015473603,0.8742974452181246,0.7918680219963339,0.847360912981455,0.14029399845263973,0.1111111111111111,0.7058246205638514,0.9541407534541635,0.9306468926130665,0.05719989161832677,0.24949221172888497,23335,3808,1188,9504,24523,13312
RANDOM_FOREST,Random Forest,0.185,0.8727368838377164,0.7252932607528942,0.8847736625514403,0.8679954316029915,0.8763845470772159,0.7971350326522013,0.8475031803766282,0.13200456839700844,0.11522633744855967,0.7131414010754584,0.9541407534541635,0.9306468926130665,0.05719989161832677,0.24949221172888497,23560,3583,1232,9460,24792,13043
RANDOM_FOREST,Random Forest,0.19,0.8728690366063169,0.7255714066574628,0.8847736625514403,0.8681796411597834,0.8764766518556119,0.7973029919932574,0.8475791133569867,0.13182035884021662,0.11522633744855967,0.713380743627995,0.9541407534541635,0.9306468926130665,0.05719989161832677,0.24949221172888497,23565,3578,1232,9460,24797,13038
RANDOM_FOREST,Random Forest,0.195,0.8773886612924541,0.7366486824614903,0.88112607557052,0.8759164425450392,0.8785212590577796,0.8024360120948851,0.8478679554331586,0.12408355745496076,0.11887392442947999,0.7205949068977318,0.9541407534541635,0.9306468926130665,0.05719989161832677,0.24949221172888497,23775,3368,1271,9421,25046,12789
RANDOM_FOREST,Random Forest,0.2,0.8774943835073344,0.736953290039903,0.8809390198279087,0.8761374940131894,0.8785382569205491,0.8025390874621906,0.847810041584907,0.12386250598681059,0.11906098017209128,0.7207376643797,0.9541407534541635,0.9306468926130665,0.05719989161832677,0.24949221172888497,23781,3362,1273,9419,25054,12781
RANDOM_FOREST,Random Forest,0.205,0.8812475221355888,0.7470311628277676,0.8766367377478489,0.8830637733485613,0.8798502555482051,0.8066612160592108,0.8472385428907168,0.11693622665143867,0.12336326225215113,0.7265635835027711,0.9541407534541635,0.9306468926130665,0.05719989161832677,0.24949221172888497,23969,3174,1319,9373,25288,12547
RANDOM_FOREST,Random Forest,0.21,0.881326813796749,0.7472098214285714,0.8766367377478489,0.8831742990826364,0.8799055184152427,0.8067653640902048,0.8472844952270755,0.11682570091736359,0.12336326225215113,0.7267130726090204,0.9541407534541635,0.9306468926130665,0.05719989161832677,0.24949221172888497,23972,3171,1319,9373,25291,12544
RANDOM_FOREST,Random Forest,0.215,0.8850535218712832,0.7571139035265505,0.8734567901234568,0.8896216335703496,0.8815392118469032,0.8111347548529987,0.8474130265139829,0.11037836642965038,0.12654320987654322,0.732972878514501,0.9541407534541635,0.9306468926130665,0.05719989161832677,0.24949221172888497,24147,2996,1353,9339,25500,12335
RANDOM_FOREST,Random Forest,0.22,0.8851063829787233,0.7572366820724884,0.8734567901234568,0.8896953173930664,0.8815760537582615,0.8112052117263843,0.8474437850492732,0.11030468260693364,0.12654320987654322,0.7330743430266852,0.9541407534541635,0.9306468926130665,0.05719989161832677,0.24949221172888497,24149,2994,1353,9339,25502,12333
RANDOM_FOREST,Random Forest,0.225,0.888965243821858,0.7678468267723034,0.8701833146277591,0.8963637033489298,0.8832735089883444,0.8158183173308782,0.8475904163250434,0.10363629665107026,0.12981668537224092,0.7397433112071136,0.9541407534541635,0.9306468926130665,0.05719989161832677,0.24949221172888497,24330,2813,1388,9304,25718,12117
RANDOM_FOREST,Random Forest,0.23,0.8890445354830183,0.7680369820042926,0.8701833146277591,0.8964742290830048,0.883328771855382,0.8159256336051915,0.8476367479319268,0.10352577091699518,0.12981668537224092,0.7398984242303417,0.9541407534541635,0.9306468926130665,0.05719989161832677,0.24949221172888497,24333,2810,1388,9304,25721,12114
RANDOM_FOREST,Random Forest,0.235,0.8917404519624686,0.7768636668905305,0.8655069210624766,0.9020741996094758,0.8837905603359761,0.8187931339585913,0.8461960497439649,0.09792580039052426,0.13449307893752338,0.7441281096285968,0.9541407534541635,0.9306468926130665,0.05719989161832677,0.24949221172888497,24485,2658,1438,9254,25923,11912
RANDOM_FOREST,Random Forest,0.24,0.8917933130699088,0.777087182932975,0.8653198653198653,0.9022215672549092,0.8837707162873872,0.8188335250907159,0.8461060101693674,0.09777843274509082,0.13468013468013468,0.7441909833873885,0.9541407534541635,0.9306468926130665,0.05719989161832677,0.24949221172888497,24489,2654,1440,9252,25929,11906
RANDOM_FOREST,Random Forest,0.245,0.8942513545658781,0.7846991745383372,0.8624205013093902,0.906789964263346,0.884605232786368,0.8217261506928664,0.8456684825473689,0.09321003573665401,0.1375794986906098,0.7484780590715796,0.9541407534541635,0.9306468926130665,0.05719989161832677,0.24949221172888497,24613,2530,1471,9221,26084,11751
RANDOM_FOREST,Random Forest,0.25,0.8943042156733183,0.7848812462756448,0.8623269734380845,0.906900489997421,0.8846137317177527,0.821783501938589,0.8456388150050443,0.09309951000257893,0.13767302656191546,0.748564629560343,0.9541407534541635,0.9306468926130665,0.05719989161832677,0.24949221172888497,24616,2527,1472,9220,26088,11747
RANDOM_FOREST,Random Forest,0.255,0.8967093960618475,0.7926155969634231,0.8593340815563038,0.9114320450944995,0.8853830633254016,0.8246275354514451,0.8451066961000736,0.0885679549055005,0.14066591844369622,0.7528268362534996,0.9541407534541635,0.9306468926130665,0.05719989161832677,0.24949221172888497,24739,2404,1504,9188,26243,11592
RANDOM_FOREST,Random Forest,0.26,0.8968151182767279,0.7928891957197101,0.8593340815563038,0.9115794127399329,0.8854567471481183,0.8247755834829443,0.8451688865994553,0.08842058726006705,0.14066591844369622,0.7530433318979497,0.9541407534541635,0.9306468926130665,0.05719989161832677,0.24949221172888497,24743,2400,1504,9188,26247,11588
RANDOM_FOREST,Random Forest,0.265,0.8995638958636183,0.8017513134851139,0.856341189674523,0.91658991268467,0.8864655511795965,0.8281476121562952,0.8448364951649813,0.08341008731532992,0.143658810325477,0.7581250072496125,0.9541407534541635,0.9306468926130665,0.05719989161832677,0.24949221172888497,24879,2264,1536,9156,26415,11420
RANDOM_FOREST,Random Forest,0.27,0.8996960486322189,0.8021554367826164,0.8562476618032173,0.9168109641528203,0.8865293129780187,0.8283193847545804,0.8448533618796257,0.08318903584717975,0.14375233819678265,0.75838210397056,0.9541407534541635,0.9306468926130665,0.05719989161832677,0.24949221172888497,24885,2258,1537,9155,26422,11413
RANDOM_FOREST,Random Forest,0.275,0.9022333817893485,0.8105515587529976,0.8535353535353535,0.9214162030726154,0.8874757783039844,0.8314883148831488,0.8445777111444277,0.0785837969273846,0.14646464646464646,0.7631997794962471,0.9541407534541635,0.9306468926130665,0.05719989161832677,0.24949221172888497,25010,2133,1566,9126,26576,11259
RANDOM_FOREST,Random Forest,0.28,0.9023126734505088,0.8107675906183369,0.8535353535353535,0.9215267288066905,0.887531041171022,0.8316019682886823,0.8446246112838738,0.0784732711933095,0.14646464646464646,0.7633672579311745,0.9541407534541635,0.9306468926130665,0.05719989161832677,0.24949221172888497,25013,2130,1566,9126,26579,11256
RANDOM_FOREST,Random Forest,0.285,0.9046914232853178,0.8186724230976794,0.8512906846240179,0.9257267067015437,0.8885086956627808,0.8346629986244841,0.8445607393386036,0.07427329329845632,0.14870931537598203,0.7680366730039601,0.9541407534541635,0.9306468926130665,0.05719989161832677,0.24949221172888497,25127,2016,1590,9102,26717,11118
RANDOM_FOREST,Random Forest,0.29,0.9048235760539183,0.8190407630702781,0.8512906846240179,0.9259109162583354,0.8886008004411767,0.8348543911946802,0.844639112117444,0.07408908374166452,0.14870931537598203,0.7683196629792476,0.9541407534541635,0.9306468926130665,0.05719989161832677,0.24949221172888497,25132,2011,1590,9102,26722,11113
RANDOM_FOREST,Random Forest,0.295,0.9069908814589666,0.8269669067371684,0.8483913206135428,0.9300740522418303,0.8892326864276865,0.8375421264022899,0.8440180880957254,0.0699259477581697,0.15160867938645717,0.7725252340694391,0.9541407534541635,0.9306468926130665,0.05719989161832677,0.24949221172888497,25245,1898,1621,9071,26866,10969
RANDOM_FOREST,Random Forest,0.3,0.9070437425664067,0.8271177167867239,0.8483913206135428,0.930147736064547,0.8892695283390449,0.8376194653492773,0.8440495021866566,0.06985226393545298,0.15160867938645717,0.7726400414948883,0.9541407534541635,0.9306468926130665,0.05719989161832677,0.24949221172888497,25247,1896,1621,9071,26868,10967
RANDOM_FOREST,Random Forest,0.305,0.9084974230210123,0.832811636899282,0.8460531238309016,0.9330950889732159,0.8895741064020588,0.8393801614549503,0.8433712474361365,0.06690491102678407,0.15394687616909838,0.7754591982318224,0.9541407534541635,0.9306468926130665,0.05719989161832677,0.24949221172888497,25327,1816,1646,9046,26973,10862
RANDOM_FOREST,Random Forest,0.31,0.9085502841284525,0.8330263400257875,0.8459595959595959,0.933205614707291,0.8895826053334435,0.8394431554524362,0.8433409167195018,0.06679438529270898,0.15404040404040403,0.7755614376789496,0.9541407534541635,0.9306468926130665,0.05719989161832677,0.24949221172888497,25330,1813,1647,9045,26977,10858
RANDOM_FOREST,Random Forest,0.315,0.9099511034756178,0.8386796838679684,0.8436213991769548,0.9360792837932432,0.889850341485099,0.8411432834429059,0.842628402742746,0.06392071620675681,0.15637860082304528,0.7783174646024282,0.9541407534541635,0.9306468926130665,0.05719989161832677,0.24949221172888497,25408,1735,1672,9020,27080,10755
RANDOM_FOREST,Random Forest,0.32,0.9099775340293379,0.8388206845238095,0.8435278713056491,0.9361529676159599,0.8898404194608045,0.8411676925946652,0.8425822122571002,0.06384703238404009,0.15647212869435093,0.7783631142030437,0.9541407534541635,0.9306468926130665,0.05719989161832677,0.24949221172888497,25410,1733,1673,9019,27083,10752
RANDOM_FOREST,Random Forest,0.325,0.9119862561120655,0.8461538461538461,0.8415637860082305,0.939726633017721,0.8906452095129758,0.8438525743224233,0.842477809819857,0.06027336698227904,0.15843621399176955,0.7825825030948671,0.9541407534541635,0.9306468926130665,0.05719989161832677,0.24949221172888497,25507,1636,1694,8998,27201,10634
RANDOM_FOREST,Random Forest,0.33,0.9119862561120655,0.8461538461538461,0.8415637860082305,0.939726633017721,0.8906452095129758,0.8438525743224233,0.842477809819857,0.06027336698227904,0.15843621399176955,0.7825825030948671,0.9541407534541635,0.9306468926130665,0.05719989161832677,0.24949221172888497,25507,1636,1694,8998,27201,10634
RANDOM_FOREST,Random Forest,0.335,0.9131756310294701,0.8516092281401311,0.8389450056116723,0.9424160925468813,0.8906805490792769,0.8452296819787986,0.8414476276242472,0.05758390745311867,0.1610549943883277,0.7849408119332631,0.9541407534541635,0.9306468926130665,0.05719989161832677,0.24949221172888497,25580,1563,1722,8970,27302,10533
RANDOM_FOREST,Random Forest,0.34,0.9132020615831902,0.8516900873528295,0.8389450056116723,0.9424529344582397,0.890698970034956,0.8452695062193744,0.8414634146341464,0.057547065541760305,0.1610549943883277,0.7850007119521281,0.9541407534541635,0.9306468926130665,0.05719989161832677,0.24949221172888497,25581,1562,1722,8970,27303,10532
RANDOM_FOREST,Random Forest,0.345,0.9145500198229153,0.8574029707714422,0.8367938645716424,0.9451792358987584,0.8909865502352003,0.8469730676385667,0.8408360430802774,0.05482076410124157,0.16320613542835766,0.7878230878751447,0.9541407534541635,0.9306468926130665,0.05719989161832677,0.24949221172888497,25655,1488,1745,8947,27400,10435
RANDOM_FOREST,Random Forest,0.35,0.9145764503766354,0.8575536809815951,0.8367003367003367,0.9452529197214752,0.890976628210906,0.8469986744934671,0.8407894736842105,0.05474708027852485,0.1632996632996633,0.7878732335655858,0.9541407534541635,0.9306468926130665,0.05719989161832677,0.24949221172888497,25657,1486,1746,8946,27403,10432
RANDOM_FOREST,Random Forest,0.355,0.91579225584776,0.8629593810444874,0.8345491956603067,0.9477950116052021,0.8911721036327545,0.848516546215291,0.8400805904948405,0.052204988394797924,0.16545080433969322,0.7904404163628284,0.9541407534541635,0.9306468926130665,0.05719989161832677,0.24949221172888497,25726,1417,1769,8923,27495,10340
RANDOM_FOREST,Random Forest,0.36,0.9158451169552002,0.863126330044496,0.8345491956603067,0.9478686954279189,0.8912089455441128,0.8485972420351878,0.8401122283734418,0.0521313045720812,0.16545080433969322,0.7905625734858971,0.9541407534541635,0.9306468926130665,0.05719989161832677,0.24949221172888497,25728,1415,1769,8923,27497,10338
RANDOM_FOREST,Random Forest,0.365,0.917351658517246,0.8694208418790897,0.8325851103628882,0.950742364513871,0.8916637374383796,0.8506043667287755,0.8397004169260663,0.04925763548612902,0.16741488963711185,0.7938709647935889,0.9541407534541635,0.9306468926130665,0.05719989161832677,0.24949221172888497,25806,1337,1790,8902,27596,10239
RANDOM_FOREST,Random Forest,0.37,0.917351658517246,0.8694208418790897,0.8325851103628882,0.950742364513871,0.8916637374383796,0.8506043667287755,0.8397004169260663,0.04925763548612902,0.16741488963711185,0.7938709647935889,0.9541407534541635,0.9306468926130665,0.05719989161832677,0.24949221172888497,25806,1337,1790,8902,27596,10239
RANDOM_FOREST,Random Forest,0.375,0.9180124223602485,0.8729363207547169,0.8308080808080808,0.9523634086136389,0.8915857447108598,0.8513513513513513,0.8389052583862195,0.04763659138636112,0.1691919191919192,0.7952587955636171,0.9541407534541635,0.9306468926130665,0.05719989161832677,0.24949221172888497,25850,1293,1809,8883,27659,10176
RANDOM_FOREST,Random Forest,0.38,0.9180388529139686,0.873022113022113,0.8308080808080808,0.9524002505249972,0.891604165666539,0.8513921502851393,0.8389211038286459,0.04759974947500276,0.1691919191919192,0.7953209088963142,0.9541407534541635,0.9306468926130665,0.05719989161832677,0.24949221172888497,25851,1292,1809,8883,27660,10175
RANDOM_FOREST,Random Forest,0.385,0.919228227831373,0.8786947034318587,0.8285634118967452,0.9549423424087241,0.8917528771527347,0.8528930393761432,0.8381267738883632,0.045057657591275835,0.17143658810325477,0.7979437444853102,0.9541407534541635,0.9306468926130665,0.05719989161832677,0.24949221172888497,25920,1223,1833,8859,27753,10082
RANDOM_FOREST,Random Forest,0.39,0.919228227831373,0.8787698412698413,0.8284698840254395,0.9549791843200826,0.8917245341727611,0.8528788754092047,0.8380638813200121,0.045020815679917475,0.17153011597456042,0.7979364145427223,0.9541407534541635,0.9306468926130665,0.05719989161832677,0.24949221172888497,25921,1222,1834,8858,27755,10080
RANDOM_FOREST,Random Forest,0.395,0.9203911721950575,0.8843843843843844,0.8263187429854096,0.9574475923810928,0.8918831676832513,0.8543661154627212,0.83731377231889,0.042552407618907266,0.17368125701459033,0.8005503444500417,0.9541407534541635,0.9306468926130665,0.05719989161832677,0.24949221172888497,25988,1155,1857,8835,27845,9990
RANDOM_FOREST,Random Forest,0.4,0.9204176027487776,0.8844729202122334,0.8263187429854096,0.9574844342924511,0.8919015886389303,0.8544074271070065,0.8373296434596356,0.04251556570754891,0.17368125701459033,0.8006136716648447,0.9541407534541635,0.9306468926130665,0.05719989161832677,0.24949221172888497,25989,1154,1857,8835,27846,9989
RANDOM_FOREST,Random Forest,0.405,0.9209726443768997,0.8882056451612903,0.8240740740740741,0.9591423203035774,0.8916081971888257,0.8549388705608384,0.8361486486486487,0.04085767969642265,0.17592592592592593,0.8017990102410018,0.9541407534541635,0.9306468926130665,0.05719989161832677,0.24949221172888497,26034,1109,1881,8811,27915,9920
RANDOM_FOREST,Random Forest,0.41,0.9209726443768997,0.8882056451612903,0.8240740740740741,0.9591423203035774,0.8916081971888257,0.8549388705608384,0.8361486486486487,0.04085767969642265,0.17592592592592593,0.8017990102410018,0.9541407534541635,0.9306468926130665,0.05719989161832677,0.24949221172888497,26034,1109,1881,8811,27915,9920
RANDOM_FOREST,Random Forest,0.415,0.9217391304347826,0.8923170607936669,0.8222970445192668,0.9609107320487786,0.8916038882840227,0.8558773424190802,0.8354079169913152,0.03908926795122131,0.17770295548073325,0.8035479026029736,0.9541407534541635,0.9306468926130665,0.05719989161832677,0.24949221172888497,26082,1061,1900,8792,27982,9853
RANDOM_FOREST,Random Forest,0.42,0.9217919915422228,0.8925779266930652,0.8222035166479611,0.9610212577828537,0.8916123872154074,0.8559466432987682,0.8353763992625957,0.03897874221714623,0.1777964833520389,0.8036710624319939,0.9541407534541635,0.9306468926130665,0.05719989161832677,0.24949221172888497,26085,1058,1901,8791,27986,9849
RANDOM_FOREST,Random Forest,0.425,0.9224263248315052,0.8967774936061381,0.8198653198653199,0.9628265114394134,0.8913459156523666,0.856598426735721,0.8341739146984375,0.037173488560586526,0.18013468013468015,0.805094728931573,0.9541407534541635,0.9306468926130665,0.05719989161832677,0.24949221172888497,26134,1009,1926,8766,28060,9775
RANDOM_FOREST,Random Forest,0.43,0.9223998942777851,0.8967669326785349,0.8197717919940142,0.9628265114394134,0.8912991517167138,0.8565425583895241,0.8340946290586579,0.037173488560586526,0.1802282080059858,0.8050253589911505,0.9541407534541635,0.9306468926130665,0.05719989161832677,0.24949221172888497,26134,1009,1927,8765,28061,9774
RANDOM_FOREST,Random Forest,0.435,0.9230606581207876,0.9005456604550602,0.8180882903105126,0.964410713627823,0.8912495019691677,0.8573388875275668,0.8333492120958061,0.03558928637217699,0.18191170968948747,0.8065706145006338,0.9541407534541635,0.9306468926130665,0.05719989161832677,0.24949221172888497,26177,966,1945,8747,28122,9713
RANDOM_FOREST,Random Forest,0.44,0.9230870886745077,0.9006383855024712,0.8180882903105126,0.9644475555391814,0.891267922924847,0.8573809057047638,0.8333650914634146,0.03555244446081863,0.18191170968948747,0.8066357734873784,0.9541407534541635,0.9306468926130665,0.05719989161832677,0.24949221172888497,26178,965,1945,8747,28123,9712
RANDOM_FOREST,Random Forest,0.445,0.9238800052861107,0.9051026757934039,0.8162177328843996,0.9662896511070994,0.8912536919957494,0.858365299498377,0.8325701202060676,0.03371034889290057,0.18378226711560045,0.8085234742849529,0.9541407534541635,0.9306468926130665,0.05719989161832677,0.24949221172888497,26228,915,1965,8727,28193,9642
RANDOM_FOREST,Random Forest,0.45,0.9239064358398309,0.9051965563738201,0.8162177328843996,0.9663264930184577,0.8912721129514287,0.8584075148772929,0.8325860062203057,0.0336735069815422,0.18378226711560045,0.8085891333652715,0.9541407534541635,0.9306468926130665,0.05719989161832677,0.24949221172888497,26229,914,1965,8727,28194,9641
RANDOM_FOREST,Random Forest,0.455,0.9245671996828334,0.9087400917813934,0.8149083426861204,0.9677633275614339,0.8913358351237772,0.8592702169625247,0.832091832836733,0.032236672438566115,0.18509165731387953,0.8101917844735507,0.9541407534541635,0.9306468926130665,0.05719989161832677,0.24949221172888497,26268,875,1979,8713,28247,9588
RANDOM_FOREST,Random Forest,0.46,0.9245936302365535,0.9088348805674351,0.8149083426861204,0.9678001694727922,0.8913542560794563,0.8593125893781746,0.8321077261006589,0.03219983052720775,0.18509165731387953,0.8102578351644392,0.9541407534541635,0.9306468926130665,0.05719989161832677,0.24949221172888497,26269,874,1979,8713,28248,9587
RANDOM_FOREST,Random Forest,0.465,0.9251486718646755,0.9122089364380114,0.8134118967452301,0.9691633201930516,0.8912876084691408,0.859982201127262,0.8314213605598257,0.030836679806948385,0.18658810325476993,0.8116074486883601,0.9541407534541635,0.9306468926130665,0.05719989161832677,0.24949221172888497,26306,837,1995,8697,28301,9534
RANDOM_FOREST,Random Forest,0.47,0.9252279635258359,0.9124960654705697,0.8134118967452301,0.9692738459271267,0.8913428713361784,0.8601097759976264,0.8314690529455631,0.0307261540728733,0.18658810325476993,0.8118067884991118,0.9541407534541635,0.9306468926130665,0.05719989161832677,0.24949221172888497,26309,834,1995,8697,28304,9531
RANDOM_FOREST,Random Forest,0.475,0.9255451301704771,0.9150416359228418,0.8119154508043397,0.9703054194451608,0.8911104351247503,0.8603994251449527,0.8306382164386182,0.029694580554839187,0.1880845491956603,0.8125725276530065,0.9541407534541635,0.9306468926130665,0.05719989161832677,0.24949221172888497,26337,806,2011,8681,28348,9487
RANDOM_FOREST,Random Forest,0.48,0.9255715607241972,0.9151380982500527,0.8119154508043397,0.9703422613565191,0.8911288560804294,0.8604420656160174,0.8306541126038197,0.029657738643480824,0.1880845491956603,0.8126392969347623,0.9541407534541635,0.9306468926130665,0.05719989161832677,0.24949221172888497,26338,805,2011,8681,28349,9486
RANDOM_FOREST,Random Forest,0.485,0.9261530329060393,0.9185036032217041,0.8106060606060606,0.9716685701654202,0.8911373153857404,0.8611883942766295,0.8301088039230712,0.028331429834579817,0.1893939393939394,0.8140895025801688,0.9541407534541635,0.9306468926130665,0.05719989161832677,0.24949221172888497,26374,769,2025,8667,28399,9436
RANDOM_FOREST,Random Forest,0.49,0.9261794634597594,0.9186009538950716,0.8106060606060606,0.9717054120767785,0.8911557363414195,0.861231181994336,0.8301247054766967,0.028294587923221457,0.1893939393939394,0.8141566516051678,0.9541407534541635,0.9306468926130665,0.05719989161832677,0.24949221172888497,26375,768,2025,8667,28400,9435
RANDOM_FOREST,Random Forest,0.495,0.9265494912118409,0.9215769845498135,0.8089225589225589,0.9728843532402461,0.8909034560814025,0.8615829058126214,0.8291948689433014,0.027115646759753895,0.19107744107744107,0.8150788618953452,0.9541407534541635,0.9306468926130665,0.05719989161832677,0.24949221172888497,26407,736,2043,8649,28450,9385
RANDOM_FOREST,Random Forest,0.5,0.9265494912118409,0.9215769845498135,0.8089225589225589,0.9728843532402461,0.8909034560814025,0.8615829058126214,0.8291948689433014,0.027115646759753895,0.19107744107744107,0.8150788618953452,0.9541407534541635,0.9306468926130665,0.05719989161832677,0.24949221172888497,26407,736,2043,8649,28450,9385
RANDOM_FOREST,Random Forest,0.505,0.9267873661953218,0.923908390410959,0.8074261129816686,0.9738054010242051,0.8906157570029368,0.8617488520662807,0.8283120970217992,0.026194598975794865,0.19257388701833147,0.8156763888017439,0.9541407534541635,0.9306468926130665,0.05719989161832677,0.24949221172888497,26432,711,2059,8633,28491,9344
RANDOM_FOREST,Random Forest,0.51,0.9267873661953218,0.923908390410959,0.8074261129816686,0.9738054010242051,0.8906157570029368,0.8617488520662807,0.8283120970217992,0.026194598975794865,0.19257388701833147,0.8156763888017439,0.9541407534541635,0.9306468926130665,0.05719989161832677,0.24949221172888497,26432,711,2059,8633,28491,9344
RANDOM_FOREST,Random Forest,0.515,0.927104532839963,0.9266508926650893,0.8058361391694725,0.9748738164535976,0.890354977811535,0.8620310155077539,0.8274113625014405,0.02512618354640239,0.1941638608305275,0.8164868364849411,0.9541407534541635,0.9306468926130665,0.05719989161832677,0.24949221172888497,26461,682,2076,8616,28537,9298
RANDOM_FOREST,Random Forest,0.52,0.927104532839963,0.9267426850258176,0.8057426112981668,0.9749106583649559,0.8903266348315614,0.8620172103261957,0.827347111247695,0.025089341635044025,0.19425738870183315,0.8164867627771458,0.9541407534541635,0.9306468926130665,0.05719989161832677,0.24949221172888497,26462,681,2077,8615,28539,9296
RANDOM_FOREST,Random Forest,0.525,0.927897449451566,0.9308591214022939,0.804620276842499,0.9764580186420071,0.8905391477422531,0.8631483896859636,0.8270524899057874,0.023541981357992854,0.19537972315750093,0.8185404087309321,0.9541407534541635,0.9306468926130665,0.05719989161832677,0.24949221172888497,26504,639,2089,8603,28593,9242
RANDOM_FOREST,Random Forest,0.53,0.9279503105590062,0.931060606060606,0.804620276842499,0.9765317024647239,0.8905759896536114,0.8632349989965884,0.8270842947238886,0.02346829753527613,0.19537972315750093,0.8186775851706228,0.9541407534541635,0.9306468926130665,0.05719989161832677,0.24949221172888497,26506,637,2089,8603,28595,9240
RANDOM_FOREST,Random Forest,0.535,0.9280560327738866,0.9335291557876414,0.8025626636737748,0.9774895921600413,0.890026127916908,0.8631060148863409,0.8257313317936874,0.022510407839958738,0.1974373363262252,0.8189697038093043,0.9541407534541635,0.9306468926130665,0.05719989161832677,0.24949221172888497,26532,611,2111,8581,28643,9192
RANDOM_FOREST,Random Forest,0.54,0.9280560327738866,0.9335291557876414,0.8025626636737748,0.9774895921600413,0.890026127916908,0.8631060148863409,0.8257313317936874,0.022510407839958738,0.1974373363262252,0.8189697038093043,0.9541407534541635,0.9306468926130665,0.05719989161832677,0.24949221172888497,26532,611,2111,8581,28643,9192
RANDOM_FOREST,Random Forest,0.545,0.9283467688648077,0.9359772752103136,0.8012532734754957,0.9784106399440003,0.889831956709748,0.8633912824389015,0.8250033705051906,0.021589360055999707,0.1987467265245043,0.8197461486432162,0.9541407534541635,0.9306468926130665,0.05719989161832677,0.24949221172888497,26557,586,2125,8567,28682,9153
RANDOM_FOREST,Random Forest,0.55,0.9284524910796881,0.9363864903268116,0.8012532734754957,0.9785580075894338,0.8899056405324648,0.8635653444886849,0.8250669337596548,0.02144199241056626,0.1987467265245043,0.8200231274232268,0.9541407534541635,0.9306468926130665,0.05719989161832677,0.24949221172888497,26561,582,2125,8567,28686,9149
RANDOM_FOREST,Random Forest,0.555,0.9288489493854897,0.9393673110720563,0.799850355405911,0.9796632649301846,0.8897568101680478,0.8640129319054354,0.8243368291178286,0.020336735069815422,0.20014964459408904,0.821089712311806,0.9541407534541635,0.9306468926130665,0.05719989161832677,0.24949221172888497,26591,552,2140,8552,28731,9104
RANDOM_FOREST,Random Forest,0.56,0.9289018104929299,0.939573720061525,0.799850355405911,0.9797369487529013,0.8897936520794061,0.8641002323936546,0.8243686138422981,0.0202630512470987,0.20014964459408904,0.8212289566366626,0.9541407534541635,0.9306468926130665,0.05719989161832677,0.24949221172888497,26593,550,2140,8552,28733,9102
RANDOM_FOREST,Random Forest,0.565,0.9295361437822123,0.9431316254416962,0.7988215488215489,0.9810264156504439,0.8899239822359963,0.8649989872392142,0.8240390552639704,0.018973584349556056,0.20117845117845118,0.822928843981704,0.9541407534541635,0.9306468926130665,0.05719989161832677,0.24949221172888497,26628,515,2151,8541,28779,9056
RANDOM_FOREST,Random Forest,0.57,0.9295361437822123,0.9433274414494034,0.7986344930789375,0.9811000994731607,0.8898672962760491,0.8649716369529984,0.8239096873793903,0.018899900526839333,0.20136550692106248,0.8229337972348924,0.9541407534541635,0.9306468926130665,0.05719989161832677,0.24949221172888497,26630,513,2153,8539,28783,9052
RANDOM_FOREST,Random Forest,0.575,0.9296154354433726,0.9453133666112036,0.7970445192667415,0.9818369377003279,0.8894407284835346,0.8648703506368296,0.8228569221559199,0.018163062299672107,0.2029554807332585,0.823189664854416,0.9541407534541635,0.9306468926130665,0.05719989161832677,0.24949221172888497,26650,493,2170,8522,28820,9015
RANDOM_FOREST,Random Forest,0.58,0.9295890048896525,0.9453072997559352,0.7969509913954358,0.9818369377003279,0.8893939645478819,0.8648127473865828,0.8227762542968597,0.018163062299672107,0.20304900860456415,0.8231221911712462,0.9541407534541635,0.9306468926130665,0.05719989161832677,0.24949221172888497,26650,493,2171,8521,28821,9014
RANDOM_FOREST,Random Forest,0.585,0.9298533104268535,0.9480490523968785,0.7953610175832398,0.9828316693070036,0.8890963434451218,0.865018818024616,0.8218330820673394,0.017168330692996354,0.2046389824167602,0.8238792047691298,0.9541407534541635,0.9306468926130665,0.05719989161832677,0.24949221172888497,26677,466,2188,8504,28865,8970
RANDOM_FOREST,Random Forest,0.59,0.9298533104268535,0.9480490523968785,0.7953610175832398,0.9828316693070036,0.8890963434451218,0.865018818024616,0.8218330820673394,0.017168330692996354,0.2046389824167602,0.8238792047691298,0.9541407534541635,0.9306468926130665,0.05719989161832677,0.24949221172888497,26677,466,2188,8504,28865,8970
RANDOM_FOREST,Random Forest,0.595,0.9301176159640544,0.9509188704616763,0.7936775158997381,0.9838632428250378,0.888770379362388,0.8652120717781403,0.8208233382341561,0.016136757174962237,0.20632248410026188,0.8246510661012099,0.9541407534541635,0.9306468926130665,0.05719989161832677,0.24949221172888497,26705,438,2206,8486,28911,8924
RANDOM_FOREST,Random Forest,0.6,0.9301176159640544,0.9509188704616763,0.7936775158997381,0.9838632428250378,0.888770379362388,0.8652120717781403,0.8208233382341561,0.016136757174962237,0.20632248410026188,0.8246510661012099,0.9541407534541635,0.9306468926130665,0.05719989161832677,0.24949221172888497,26705,438,2206,8486,28911,8924
RANDOM_FOREST,Random Forest,0.605,0.9303026298400952,0.9534962279022633,0.7919940142162364,0.9847842906089967,0.8883891524126166,0.8652735911715117,0.8197641774284109,0.015215709391003205,0.20800598578376356,0.8252209894286991,0.9541407534541635,0.9306468926130665,0.05719989161832677,0.24949221172888497,26730,413,2224,8468,28954,8881
RANDOM_FOREST,Random Forest,0.61,0.9303290603938152,0.9536036036036036,0.7919940142162364,0.9848211325203552,0.8884075733682958,0.8653178009401186,0.8197800495662948,0.015178867479644843,0.20800598578376356,0.8252923433138688,0.9541407534541635,0.9306468926130665,0.05719989161832677,0.24949221172888497,26731,412,2224,8468,28955,8880
RANDOM_FOREST,Random Forest,0.615,0.9305405048235761,0.9559023066485753,0.7906846240179574,0.9856316545702392,0.8881581392940983,0.8654791154791155,0.8189955824226924,0.014368345429760896,0.20931537598204264,0.8259259783496102,0.9541407534541635,0.9306468926130665,0.05719989161832677,0.24949221172888497,26753,390,2238,8454,28991,8844
RANDOM_FOREST,Random Forest,0.62,0.9305933659310163,0.9561185252205383,0.7906846240179574,0.9857053383929558,0.8881949812054566,0.8655677280638886,0.8190273202867662,0.014294661607044174,0.20931537598204264,0.8260692903534146,0.9541407534541635,0.9306468926130665,0.05719989161832677,0.24949221172888497,26755,388,2238,8454,28993,8842
RANDOM_FOREST,Random Forest,0.625,0.9312805603277389,0.9602957906712173,0.7894687616909839,0.9871421729359319,0.8883054673134578,0.866543476029155,0.8185926529345593,0.012857827064068085,0.2105312383090161,0.8280027354124003,0.9541407534541635,0.9306468926130665,0.05719989161832677,0.24949221172888497,26794,349,2251,8441,29045,8790
RANDOM_FOREST,Random Forest,0.63,0.931306990881459,0.9604050517692571,0.7894687616909839,0.9871790148472903,0.8883238882691371,0.8665879574970484,0.8186085303644511,0.012820985152709723,0.2105312383090161,0.8280748657919916,0.9541407534541635,0.9306468926130665,0.05719989161832677,0.24949221172888497,26795,348,2251,8441,29046,8789
RANDOM_FOREST,Random Forest,0.635,0.9313598519888991,0.961990640337861,0.7882528993640104,0.9877316435176657,0.8879922714408381,0.8664987405541561,0.8177919229948184,0.012268356482334304,0.21174710063598953,0.828289651973973,0.9541407534541635,0.9306468926130665,0.05719989161832677,0.24949221172888497,26810,333,2264,8428,29074,8761
RANDOM_FOREST,Random Forest,0.64,0.9313862825426192,0.9621004566210045,0.7882528993640104,0.9877684854290241,0.8880106923965172,0.8665432860374255,0.8178077938208352,0.012231514570975942,0.21174710063598953,0.828362009280356,0.9541407534541635,0.9306468926130665,0.05719989161832677,0.24949221172888497,26811,332,2264,8428,29075,8760
RANDOM_FOREST,Random Forest,0.645,0.931333421435179,0.9638927097661623,0.7864758698092031,0.9883947979221162,0.8874353338656596,0.8661928306551299,0.8165346073176414,0.0116052020778838,0.21352413019079686,0.8283258771238716,0.9541407534541635,0.9306468926130665,0.05719989161832677,0.24949221172888497,26828,315,2283,8409,29111,8724
RANDOM_FOREST,Random Forest,0.65,0.9314127130963393,0.9642242862057103,0.7864758698092031,0.9885053236561913,0.8874905967326971,0.8663266883016535,0.8165821826021091,0.011494676343808716,0.21352413019079686,0.8285438153581131,0.9541407534541635,0.9306468926130665,0.05719989161832677,0.24949221172888497,26831,312,2283,8409,29114,8721
RANDOM_FOREST,Random Forest,0.655,0.9318091714021409,0.9670658682634731,0.785447063224841,0.9894632133515087,0.8874551382881748,0.8668455821635013,0.8161004431314622,0.010536786648491324,0.214552936775159,0.829703997764476,0.9541407534541635,0.9306468926130665,0.05719989161832677,0.24949221172888497,26857,286,2294,8398,29151,8684
RANDOM_FOREST,Random Forest,0.66,0.9317827408484207,0.96706207531959,0.7853535353535354,0.9894632133515087,0.8874083743525221,0.8667870967741935,0.8160191249927115,0.010536786648491324,0.21464646464646464,0.8296373970370291,0.9541407534541635,0.9306468926130665,0.05719989161832677,0.24949221172888497,26857,286,2295,8397,29152,8683
RANDOM_FOREST,Random Forest,0.665,0.9321791991542223,0.9701457995834297,0.7841376730265619,0.9904947868695428,0.8873162299480524,0.8672804386055653,0.8154055631200154,0.009505213130457208,0.21586232697343807,0.8308212486632032,0.9541407534541635,0.9306468926130665,0.05719989161832677,0.24949221172888497,26885,258,2308,8384,29193,8642
RANDOM_FOREST,Random Forest,0.67,0.9322056297079424,0.9702580719824094,0.7841376730265619,0.9905316287809012,0.8873346509037315,0.8673252987120468,0.8154214242642339,0.009468371219098846,0.21586232697343807,0.8308946072694708,0.9541407534541635,0.9306468926130665,0.05719989161832677,0.24949221172888497,26886,257,2308,8384,29194,8641
RANDOM_FOREST,Random Forest,0.675,0.932390643583983,0.9725772716709272,0.7828282828282829,0.9913053089194267,0.8870667958738547,0.8674474038760492,0.8146143963872777,0.00869469108057326,0.21717171717171718,0.8315084403661482,0.9541407534541635,0.9306468926130665,0.05719989161832677,0.24949221172888497,26907,236,2322,8370,29229,8606
RANDOM_FOREST,Random Forest,0.68,0.932390643583983,0.9725772716709272,0.7828282828282829,0.9913053089194267,0.8870667958738547,0.8674474038760492,0.8146143963872777,0.00869469108057326,0.21717171717171718,0.8315084403661482,0.9541407534541635,0.9306468926130665,0.05719989161832677,0.24949221172888497,26907,236,2322,8370,29229,8606
RANDOM_FOREST,Random Forest,0.685,0.9328135324435047,0.9751632462686567,0.7821735877291432,0.992152672880669,0.8871631303049061,0.8680714137429935,0.8144086942972888,0.00784732711933095,0.21782641227085672,0.8327416007630514,0.9541407534541635,0.9306468926130665,0.05719989161832677,0.24949221172888497,26930,213,2329,8363,29259,8576
RANDOM_FOREST,Random Forest,0.69,0.9328663935509449,0.9753907161184978,0.7821735877291432,0.9922263567033858,0.8871999722162645,0.8681615280805564,0.8144404191500136,0.007773643296614228,0.21782641227085672,0.8328895053275829,0.9541407534541635,0.9306468926130665,0.05719989161832677,0.24949221172888497,26932,211,2329,8363,29261,8574
RANDOM_FOREST,Random Forest,0.695,0.9326813796749042,0.976706075149245,0.780396558174336,0.9926684596396861,0.8865325089070111,0.8675851312711204,0.8130810157665996,0.007331540360313893,0.21960344182566405,0.8325200541581663,0.9541407534541635,0.9306468926130665,0.05719989161832677,0.24949221172888497,26944,199,2348,8344,29292,8543
RANDOM_FOREST,Random Forest,0.7,0.9326813796749042,0.976706075149245,0.780396558174336,0.9926684596396861,0.8865325089070111,0.8675851312711204,0.8130810157665996,0.007331540360313893,0.21960344182566405,0.8325200541581663,0.9541407534541635,0.9306468926130665,0.05719989161832677,0.24949221172888497,26944,199,2348,8344,29292,8543
RANDOM_FOREST,Random Forest,0.705,0.9328399629972248,0.978513561113068,0.7794612794612794,0.9932579302214198,0.8863596048413496,0.8677182570669998,0.8125182801988886,0.0067420697785801125,0.22053872053872053,0.8330472084306365,0.9541407534541635,0.9306468926130665,0.05719989161832677,0.24949221172888497,26960,183,2358,8334,29318,8517
RANDOM_FOREST,Random Forest,0.71,0.9328663935509449,0.9786284640676374,0.7794612794612794,0.9932947721327783,0.8863780257970288,0.8677634319033736,0.8125341237032992,0.006705227867221751,0.22053872053872053,0.833121630039389,0.9541407534541635,0.9306468926130665,0.05719989161832677,0.24949221172888497,26961,182,2358,8334,29319,8516
RANDOM_FOREST,Random Forest,0.715,0.9330249768732655,0.9803344324069713,0.7786195286195287,0.9938474008031537,0.8862334647113412,0.8679107589658048,0.8120366757705813,0.0061525991968463326,0.22138047138047137,0.8336447979522376,0.9541407534541635,0.9306468926130665,0.05719989161832677,0.24949221172888497,26976,167,2367,8325,29343,8492
RANDOM_FOREST,Random Forest,0.72,0.9330249768732655,0.9803344324069713,0.7786195286195287,0.9938474008031537,0.8862334647113412,0.8679107589658048,0.8120366757705813,0.0061525991968463326,0.22138047138047137,0.8336447979522376,0.9541407534541635,0.9306468926130665,0.05719989161832677,0.24949221172888497,26976,167,2367,8325,29343,8492
RANDOM_FOREST,Random Forest,0.725,0.9331042685344259,0.9820437093916126,0.7774971941638609,0.9944000294735291,0.885948611818695,0.8678811922534845,0.8112935022348878,0.005599970526470913,0.22250280583613916,0.833973830045372,0.9541407534541635,0.9306468926130665,0.05719989161832677,0.24949221172888497,26991,152,2379,8313,29370,8465
RANDOM_FOREST,Random Forest,0.73,0.9331306990881459,0.9821597353497165,0.7774971941638609,0.9944368713848875,0.8859670327743742,0.8679264982250992,0.811309337913804,0.005563128615112552,0.22250280583613916,0.8340487027798754,0.9541407534541635,0.9306468926130665,0.05719989161832677,0.24949221172888497,26992,151,2379,8313,29371,8464
RANDOM_FOREST,Random Forest,0.735,0.9332628518567464,0.9835405565423327,0.7768424990647212,0.9948789743211878,0.8858607366929545,0.868056644197105,0.8109269130884735,0.005121025678812217,0.22315750093527872,0.8344865921729671,0.9541407534541635,0.9306468926130665,0.05719989161832677,0.24949221172888497,27004,139,2386,8306,29390,8445
RANDOM_FOREST,Random Forest,0.74,0.9332892824104665,0.9836570345807674,0.7768424990647212,0.9949158162325461,0.8858791576486337,0.8681020066889632,0.8109427477934859,0.005084183767453856,0.22315750093527872,0.8345616464385157,0.9541407534541635,0.9306468926130665,0.05719989161832677,0.24949221172888497,27005,138,2386,8306,29391,8444
RANDOM_FOREST,Random Forest,0.745,0.933421435179067,0.9855055245336818,0.7758136924803591,0.99550528681428,0.8856594896473196,0.868177298655084,0.8102959851518999,0.004494713185720075,0.22418630751964086,0.8350398103058644,0.9541407534541635,0.9306468926130665,0.05719989161832677,0.24949221172888497,27021,122,2397,8295,29418,8417
RANDOM_FOREST,Random Forest,0.75,0.933421435179067,0.9855055245336818,0.7758136924803591,0.99550528681428,0.8856594896473196,0.868177298655084,0.8102959851518999,0.004494713185720075,0.22418630751964086,0.8350398103058644,0.9541407534541635,0.9306468926130665,0.05719989161832677,0.24949221172888497,27021,122,2397,8295,29418,8417
RANDOM_FOREST,Random Forest,0.755,0.9333157129641866,0.9863078937968806,0.774784885895997,0.9957631801937884,0.8852740330448927,0.8678434864595883,0.8095061269959153,0.0042368198062115465,0.225215114104003,0.834843260252505,0.9541407534541635,0.9306468926130665,0.05719989161832677,0.24949221172888497,27028,115,2408,8284,29436,8399
RANDOM_FOREST,Random Forest,0.76,0.9333157129641866,0.9863078937968806,0.774784885895997,0.9957631801937884,0.8852740330448927,0.8678434864595883,0.8095061269959153,0.0042368198062115465,0.225215114104003,0.834843260252505,0.9541407534541635,0.9306468926130665,0.05719989161832677,0.24949221172888497,27028,115,2408,8284,29436,8399
RANDOM_FOREST,Random Forest,0.765,0.9331042685344259,0.9869912877431675,0.7734754956977179,0.9959842316619386,0.8847298636798282,0.8672854071627077,0.8084540637769567,0.004015768338061379,0.22652450430228208,0.8343750554091269,0.9541407534541635,0.9306468926130665,0.05719989161832677,0.24949221172888497,27034,109,2422,8270,29456,8379
RANDOM_FOREST,Random Forest,0.77,0.9331042685344259,0.9869912877431675,0.7734754956977179,0.9959842316619386,0.8847298636798282,0.8672854071627077,0.8084540637769567,0.004015768338061379,0.22652450430228208,0.8343750554091269,0.9541407534541635,0.9306468926130665,0.05719989161832677,0.24949221172888497,27034,109,2422,8270,29456,8379
RANDOM_FOREST,Random Forest,0.775,0.9327871018897846,0.987672052663076,0.7717919940142163,0.9962052831300888,0.8839986385721526,0.8664881608652282,0.8070731373354458,0.003794716869911211,0.22820800598578375,0.8336449275291182,0.9541407534541635,0.9306468926130665,0.05719989161832677,0.24949221172888497,27040,103,2440,8252,29480,8355
RANDOM_FOREST,Random Forest,0.78,0.9327871018897846,0.987672052663076,0.7717919940142163,0.9962052831300888,0.8839986385721526,0.8664881608652282,0.8070731373354458,0.003794716869911211,0.22820800598578375,0.8336449275291182,0.9541407534541635,0.9306468926130665,0.05719989161832677,0.24949221172888497,27040,103,2440,8252,29480,8355
RANDOM_FOREST,Random Forest,0.785,0.9327606713360644,0.9887236084452975,0.7708567153011597,0.996536860332314,0.8836967878167369,0.8663022913601008,0.806394802755166,0.0034631396676859595,0.22914328469884027,0.8336697774927857,0.9541407534541635,0.9306468926130665,0.05719989161832677,0.24949221172888497,27049,94,2450,8242,29499,8336
RANDOM_FOREST,Random Forest,0.79,0.9327606713360644,0.9887236084452975,0.7708567153011597,0.996536860332314,0.8836967878167369,0.8663022913601008,0.806394802755166,0.0034631396676859595,0.22914328469884027,0.8336697774927857,0.9541407534541635,0.9306468926130665,0.05719989161832677,0.24949221172888497,27049,94,2450,8242,29499,8336
RANDOM_FOREST,Random Forest,0.795,0.9325756574600238,0.9896547576085649,0.769453797231575,0.9968315956231809,0.883142696427378,0.865772165219679,0.8052896380258804,0.0031684043768190695,0.230546202768425,0.8332919132151182,0.9541407534541635,0.9306468926130665,0.05719989161832677,0.24949221172888497,27057,86,2465,8227,29522,8313
RANDOM_FOREST,Random Forest,0.8,0.9326020880137439,0.9897738209817132,0.769453797231575,0.9968684375345392,0.8831611173830571,0.8658177225847191,0.8053054032889585,0.0031315624654607082,0.230546202768425,0.8333679892082403,0.9541407534541635,0.9306468926130665,0.05719989161832677,0.24949221172888497,27058,85,2465,8227,29523,8312
RANDOM_FOREST,Random Forest,0.805,0.9324170741377031,0.9907105802871276,0.7680508791619902,0.9971631728254062,0.8826070259936982,0.8652863389705495,0.8041992283134535,0.002836827174593818,0.23194912083800973,0.832992168628267,0.9541407534541635,0.9306468926130665,0.05719989161832677,0.24949221172888497,27066,77,2480,8212,29546,8289
RANDOM_FOREST,Random Forest,0.81,0.9324435046914232,0.9908301158301158,0.7680508791619902,0.9972000147367646,0.8826254469493774,0.8653319283456269,0.8042149796302099,0.0027999852632354565,0.23194912083800973,0.8330684298853679,0.9541407534541635,0.9306468926130665,0.05719989161832677,0.24949221172888497,27067,76,2480,8212,29547,8288
RANDOM_FOREST,Random Forest,0.815,0.9323113519228228,0.9916555810859838,0.7669285447063224,0.9974579081162731,0.8821932264112977,0.8649332841094879,0.8033387542371221,0.002542091883726928,0.2330714552936775,0.8328151129029767,0.9541407534541635,0.9306468926130665,0.05719989161832677,0.24949221172888497,27074,69,2492,8200,29566,8269
RANDOM_FOREST,Random Forest,0.82,0.9323113519228228,0.9916555810859838,0.7669285447063224,0.9974579081162731,0.8821932264112977,0.8649332841094879,0.8033387542371221,0.002542091883726928,0.2330714552936775,0.8328151129029767,0.9541407534541635,0.9306468926130665,0.05719989161832677,0.24949221172888497,27074,69,2492,8200,29566,8269
RANDOM_FOREST,Random Forest,0.825,0.9321527686005022,0.9922452441536411,0.7658997381219603,0.9976421176730649,0.8817709278975125,0.8645025072578517,0.8025126908527861,0.0023578823269351213,0.23410026187803964,0.8324756872625944,0.9541407534541635,0.9306468926130665,0.05719989161832677,0.24949221172888497,27079,64,2503,8189,29582,8253
RANDOM_FOREST,Random Forest,0.83,0.9321527686005022,0.9922452441536411,0.7658997381219603,0.9976421176730649,0.8817709278975125,0.8645025072578517,0.8025126908527861,0.0023578823269351213,0.23410026187803964,0.8324756872625944,0.9541407534541635,0.9306468926130665,0.05719989161832677,0.24949221172888497,27079,64,2503,8189,29582,8253
RANDOM_FOREST,Random Forest,0.835,0.9320470463856217,0.9928389367641705,0.7650579872802095,0.9978263272298566,0.881442157255033,0.8641910094553907,0.8018507263708902,0.002173672770143315,0.2349420127197905,0.8322682424089087,0.9541407534541635,0.9306468926130665,0.05719989161832677,0.24949221172888497,27084,59,2512,8180,29596,8239
RANDOM_FOREST,Random Forest,0.84,0.9320734769393418,0.9929594561786842,0.7650579872802095,0.9978631691412151,0.8814605782107123,0.8642366613840464,0.8018664470846567,0.002136830858784954,0.2349420127197905,0.8323448882923741,0.9541407534541635,0.9306468926130665,0.05719989161832677,0.24949221172888497,27085,58,2512,8180,29597,8238
RANDOM_FOREST,Random Forest,0.845,0.9320470463856217,0.9937978839839474,0.7643097643097643,0.9981210625207235,0.8812154134152439,0.8640761300555115,0.8013178796258164,0.0018789374792764248,0.2356902356902357,0.8323573721513051,0.9541407534541635,0.9306468926130665,0.05719989161832677,0.24949221172888497,27092,51,2520,8172,29612,8223
RANDOM_FOREST,Random Forest,0.85,0.9320470463856217,0.9937978839839474,0.7643097643097643,0.9981210625207235,0.8812154134152439,0.8640761300555115,0.8013178796258164,0.0018789374792764248,0.2356902356902357,0.8323573721513051,0.9541407534541635,0.9306468926130665,0.05719989161832677,0.24949221172888497,27092,51,2520,8172,29612,8223
RANDOM_FOREST,Random Forest,0.855,0.9319413241707414,0.9945168758376995,0.7633744855967078,0.9983421139888737,0.8808582997927907,0.863749404730409,0.8005885237861697,0.0016578860111262572,0.2366255144032922,0.832163060517893,0.9541407534541635,0.9306468926130665,0.05719989161832677,0.24949221172888497,27098,45,2530,8162,29628,8207
RANDOM_FOREST,Random Forest,0.86,0.9319413241707414,0.9945168758376995,0.7633744855967078,0.9983421139888737,0.8808582997927907,0.863749404730409,0.8005885237861697,0.0016578860111262572,0.2366255144032922,0.832163060517893,0.9541407534541635,0.9306468926130665,0.05719989161832677,0.24949221172888497,27098,45,2530,8162,29628,8207
RANDOM_FOREST,Random Forest,0.865,0.9317827408484207,0.9951165913807838,0.7623456790123457,0.9985263235456655,0.8804360012790056,0.863316210347932,0.7997605918483488,0.0014736764543344509,0.23765432098765432,0.8318272377220806,0.9541407534541635,0.9306468926130665,0.05719989161832677,0.24949221172888497,27103,40,2541,8151,29644,8191
RANDOM_FOREST,Random Forest,0.87,0.9317827408484207,0.9951165913807838,0.7623456790123457,0.9985263235456655,0.8804360012790056,0.863316210347932,0.7997605918483488,0.0014736764543344509,0.23765432098765432,0.8318272377220806,0.9541407534541635,0.9306468926130665,0.05719989161832677,0.24949221172888497,27103,40,2541,8151,29644,8191
RANDOM_FOREST,Random Forest,0.875,0.9317298797409805,0.9959633027522936,0.7615039281705949,0.998784216925174,0.8801440725478844,0.8630942916202894,0.7991284376656264,0.001215783074825922,0.23849607182940516,0.8317774900640342,0.9541407534541635,0.9306468926130665,0.05719989161832677,0.24949221172888497,27110,33,2550,8142,29660,8175
RANDOM_FOREST,Random Forest,0.88,0.9317563102947006,0.9960851480303401,0.7615039281705949,0.9988210588365325,0.8801624935035637,0.8631400402841091,0.7991441246908249,0.0011789411634675606,0.23849607182940516,0.8318546535125322,0.9541407534541635,0.9306468926130665,0.05719989161832677,0.24949221172888497,27111,32,2550,8142,29661,8174
RANDOM_FOREST,Random Forest,0.885,0.9316505880798203,0.9966911764705882,0.760662177328844,0.9990052683933243,0.8798337228610842,0.8628262253341822,0.7984802073515551,0.0009947316066757543,0.239337822671156,0.8316516835859762,0.9541407534541635,0.9306468926130665,0.05719989161832677,0.24949221172888497,27116,27,2559,8133,29675,8160
RANDOM_FOREST,Random Forest,0.89,0.9316505880798203,0.9966911764705882,0.760662177328844,0.9990052683933243,0.8798337228610842,0.8628262253341822,0.7984802073515551,0.0009947316066757543,0.239337822671156,0.8316516835859762,0.9541407534541635,0.9306468926130665,0.05719989161832677,0.24949221172888497,27116,27,2559,8133,29675,8160
RANDOM_FOREST,Random Forest,0.895,0.9314127130963393,0.9970534069981584,0.7595398428731762,0.9991157941273994,0.8793278185002877,0.862239210065297,0.797536974839432,0.0008842058726006705,0.24046015712682378,0.8310983964251463,0.9541407534541635,0.9306468926130665,0.05719989161832677,0.24949221172888497,27119,24,2571,8121,29690,8145
RANDOM_FOREST,Random Forest,0.9,0.9314127130963393,0.9970534069981584,0.7595398428731762,0.9991157941273994,0.8793278185002877,0.862239210065297,0.797536974839432,0.0008842058726006705,0.24046015712682378,0.8310983964251463,0.9541407534541635,0.9306468926130665,0.05719989161832677,0.24949221172888497,27119,24,2571,8121,29690,8145
RANDOM_FOREST,Random Forest,0.905,0.931069115897978,0.9974157026827467,0.7580433969322858,0.9992263198614744,0.8786348583968802,0.8614092889786376,0.7962628207647268,0.0007736801385255867,0.2419566030677142,0.8302837960571656,0.9541407534541635,0.9306468926130665,0.05719989161832677,0.24949221172888497,27122,21,2587,8105,29709,8126
RANDOM_FOREST,Random Forest,0.91,0.931069115897978,0.9974157026827467,0.7580433969322858,0.9992263198614744,0.8786348583968802,0.8614092889786376,0.7962628207647268,0.0007736801385255867,0.2419566030677142,0.8302837960571656,0.9541407534541635,0.9306468926130665,0.05719989161832677,0.24949221172888497,27122,21,2587,8105,29709,8126
RANDOM_FOREST,Random Forest,0.915,0.9307519492533368,0.9979027880582285,0.7565469509913955,0.9993736875069078,0.8779603192491516,0.860623470581977,0.795003341589024,0.0006263124930921416,0.24345304900860457,0.8295472940248976,0.9541407534541635,0.9306468926130665,0.05719989161832677,0.24949221172888497,27126,17,2603,8089,29729,8106
RANDOM_FOREST,Random Forest,0.92,0.9307519492533368,0.9979027880582285,0.7565469509913955,0.9993736875069078,0.8779603192491516,0.860623470581977,0.795003341589024,0.0006263124930921416,0.24345304900860457,0.8295472940248976,0.9541407534541635,0.9306468926130665,0.05719989161832677,0.24949221172888497,27126,17,2603,8089,29729,8106
RANDOM_FOREST,Random Forest,0.925,0.9302233381789349,0.9980207817911925,0.7545828656939768,0.9994105294182662,0.8769966975561215,0.8593949723050703,0.7932824667663022,0.0005894705817337803,0.2454171343060232,0.8282510659979486,0.9541407534541635,0.9306468926130665,0.05719989161832677,0.24949221172888497,27127,16,2624,8068,29751,8084
RANDOM_FOREST,Random Forest,0.93,0.9302233381789349,0.9980207817911925,0.7545828656939768,0.9994105294182662,0.8769966975561215,0.8593949723050703,0.7932824667663022,0.0005894705817337803,0.2454171343060232,0.8282510659979486,0.9541407534541635,0.9306468926130665,0.05719989161832677,0.24949221172888497,27127,16,2624,8068,29751,8084
RANDOM_FOREST,Random Forest,0.935,0.9298268798731334,0.9980171024910149,0.7531799476243921,0.9994105294182662,0.8762952385213292,0.8584830232930014,0.7920412298129316,0.0005894705817337803,0.24682005237560792,0.8272695145799646,0.9541407534541635,0.9306468926130665,0.05719989161832677,0.24949221172888497,27127,16,2639,8053,29766,8069
RANDOM_FOREST,Random Forest,0.94,0.9298268798731334,0.9980171024910149,0.7531799476243921,0.9994105294182662,0.8762952385213292,0.8584830232930014,0.7920412298129316,0.0005894705817337803,0.24682005237560792,0.8272695145799646,0.9541407534541635,0.9306468926130665,0.05719989161832677,0.24949221172888497,27127,16,2639,8053,29766,8069
RANDOM_FOREST,Random Forest,0.945,0.9292718382450113,0.9982595723520636,0.7510288065843621,0.9994842132409829,0.8752565099126726,0.8571733561058923,0.7901676769267103,0.0005157867590170578,0.24897119341563786,0.8259201417820147,0.9541407534541635,0.9306468926130665,0.05719989161832677,0.24949221172888497,27129,14,2662,8030,29791,8044
RANDOM_FOREST,Random Forest,0.95,0.9292718382450113,0.9982595723520636,0.7510288065843621,0.9994842132409829,0.8752565099126726,0.8571733561058923,0.7901676769267103,0.0005157867590170578,0.24897119341563786,0.8259201417820147,0.9541407534541635,0.9306468926130665,0.05719989161832677,0.24949221172888497,27129,14,2662,8030,29791,8044
