model,model_display,selected_outcome,feature_index,feature_name,case_count,mean_attribution,mean_absolute_attribution,median_absolute_attribution,maximum_absolute_attribution,top10_case_count,top10_case_rate,positive_case_fraction,mean_reference_sign_consistency,outcome_absolute_rank
cnn,CNN,FN,46,RST Flag Cnt,8,-0.12010259623180602,0.7465599253867838,0.7265320525607246,1.1230024114619284,6,0.75,0.375,0.625,1
cnn,CNN,FN,7,Fwd Pkt Len Max,8,0.5632419592116179,0.5632419592116179,0.42204054505413047,1.5512921806298776,4,0.5,1.0,0.60546875,2
cnn,CNN,FN,51,ECE Flag Cnt,8,0.0012623553202290305,0.4955590365537996,0.4427530646893155,1.3266395604538264,5,0.625,0.375,0.5859375,3
cnn,CNN,FN,0,Dst Port,8,0.4824771010038608,0.4824771010038608,0.4504714753148249,1.1867932445133078,6,0.75,1.0,0.546875,4
cnn,CNN,FN,11,Bwd Pkt Len Max,8,0.25320308274897185,0.43040152498516326,0.4246295120866806,0.7823232756744601,5,0.625,0.875,0.671875,5
cnn,CNN,FN,66,Init Fwd Win Byts,8,-0.12874983019651476,0.4115343887574054,0.17572592444681334,2.1029534370818386,3,0.375,0.75,0.54296875,6
cnn,CNN,FN,67,Init Bwd Win Byts,8,0.03371905106695266,0.41092491234424655,0.2780611579084419,1.4779461705064945,3,0.375,0.5,0.5390625,7
cnn,CNN,FN,10,Fwd Pkt Len Std,8,-0.37375020472305054,0.40496238497158576,0.1911422331833944,1.307748267149012,4,0.5,0.25,0.56640625,8
cnn,CNN,FN,14,Bwd Pkt Len Std,8,-0.1535589531391915,0.3720945831913833,0.3917574975031861,0.6032669751158036,5,0.625,0.5,0.53515625,9
cnn,CNN,FN,12,Bwd Pkt Len Min,8,0.223088597528913,0.34985563600122455,0.09101369149937302,1.4976384711613087,3,0.375,0.375,0.87109375,10
cnn,CNN,FN,2,Flow Duration,8,0.26758213870162995,0.34199401439545535,0.3524020502994516,0.5290285659388859,4,0.5,0.875,0.671875,11
cnn,CNN,FN,69,Fwd Seg Size Min,8,0.2032573830975815,0.3368084695940299,0.15243476868399264,1.0734823410145244,3,0.375,0.625,0.7265625,12
cnn,CNN,FN,40,Pkt Len Max,8,0.12581914682415307,0.3325741636293238,0.2656086869998375,1.0044725982757312,5,0.625,0.625,0.7265625,13
cnn,CNN,FN,23,Fwd IAT Std,8,0.021142709307181734,0.2727843414967158,0.14813192735644298,1.17570820321559,1,0.125,0.125,0.65234375,14
cnn,CNN,FN,1,Protocol,8,0.17450773558996352,0.2570356583347695,0.16505584548961189,0.7807492830767276,2,0.25,0.75,0.796875,15
cnn,CNN,FN,53,Pkt Size Avg,8,0.14577743564381673,0.2533433119944194,0.20408494435159033,0.6250557584964604,2,0.25,0.625,0.63671875,16
cnn,CNN,FN,48,ACK Flag Cnt,8,0.07757053972562757,0.24996149598302778,0.10188318709590273,1.1487879822529883,2,0.25,0.5,0.75390625,17
cnn,CNN,FN,52,Down/Up Ratio,8,0.14603564766769128,0.23666067581180783,0.08322660885013443,1.2441565653166005,1,0.125,0.625,0.515625,18
cnn,CNN,FN,47,PSH Flag Cnt,8,0.14396440324206305,0.2262491942573128,0.20966961530489892,0.41612043608198024,3,0.375,0.625,0.57421875,19
cnn,CNN,FN,13,Bwd Pkt Len Mean,8,0.1069322605369259,0.2141864117747599,0.18216697494537992,0.46780388599320244,0,0.0,0.75,0.6953125,20
cnn,CNN,FN,21,Fwd IAT Tot,8,-0.059890372012644924,0.21141763351980045,0.12827912146708267,0.9514528798209866,1,0.125,0.625,0.70703125,21
cnn,CNN,FN,19,Flow IAT Max,8,0.20965669480444632,0.20965669480444632,0.17815341606485324,0.5237753804554387,1,0.125,1.0,0.71875,22
cnn,CNN,FN,24,Fwd IAT Max,8,0.20569650038080964,0.20569650038080964,0.1992173212239389,0.4064477345917043,1,0.125,1.0,0.73828125,23
cnn,CNN,FN,17,Flow IAT Mean,8,0.20132837024826858,0.20132837024826858,0.15308951001657267,0.4254169174045363,2,0.25,1.0,0.62890625,24
cnn,CNN,FN,45,SYN Flag Cnt,8,0.15034117622231344,0.18955966839624663,0.019340816545021546,1.3470401307601703,1,0.125,0.375,0.96875,25
cnn,CNN,FN,18,Flow IAT Std,8,-0.004594120349972627,0.17111643111147778,0.09150296513219822,0.6660892430460206,1,0.125,0.125,0.6640625,26
cnn,CNN,FN,54,Fwd Seg Size Avg,8,0.03265770167402653,0.16945088006521472,0.13540830910886076,0.457912611967496,0,0.0,0.375,0.66015625,27
cnn,CNN,FN,26,Bwd IAT Tot,8,-0.08635072106173879,0.16717244769224654,0.11044591135806939,0.3557075860862051,0,0.0,0.125,0.6875,28
cnn,CNN,FN,42,Pkt Len Std,8,0.03326194101725782,0.14676025422696118,0.11508158161938334,0.42742576907670315,0,0.0,0.375,0.6484375,29
cnn,CNN,FN,29,Bwd IAT Max,8,0.1012568350396295,0.1456063026189522,0.0319944766185564,0.8861385992650679,1,0.125,0.5,0.66796875,30
cnn,CNN,FN,9,Fwd Pkt Len Mean,8,0.08916289403103471,0.1404772806330032,0.09974981872937928,0.3688510920485525,0,0.0,0.5,0.58984375,31
cnn,CNN,FN,41,Pkt Len Mean,8,0.01211724826446176,0.13966369507059187,0.07136064251460225,0.5738516239915198,1,0.125,0.25,0.67578125,32
cnn,CNN,FN,20,Flow IAT Min,8,-0.1366394838337196,0.1366394838337196,0.08807479048973407,0.3981007941029828,1,0.125,0.0,0.60546875,33
cnn,CNN,FN,31,Fwd PSH Flags,8,0.10652967088229004,0.1282748903961778,0.021158147499396724,0.7201610725716815,1,0.125,0.625,0.9375,34
cnn,CNN,FN,8,Fwd Pkt Len Min,8,0.08252539311142132,0.12242763146651811,0.04917333223273621,0.4115460426187038,2,0.25,0.75,0.859375,35
cnn,CNN,FN,55,Bwd Seg Size Avg,8,-0.03926258771508684,0.11132235436729851,0.08814456610427254,0.21862173969055138,0,0.0,0.375,0.59765625,36
cnn,CNN,FN,25,Fwd IAT Min,8,-0.08741258906519288,0.10395444525937095,0.043347245464674514,0.27764184717326534,0,0.0,0.25,0.60546875,37
cnn,CNN,FN,22,Fwd IAT Mean,8,-0.10224069256302482,0.10224069256302482,0.0837316520213755,0.2673118641834556,0,0.0,0.0,0.6484375,38
cnn,CNN,FN,77,Idle Min,8,-0.015017068644881247,0.06733518852686442,0.04870578540990789,0.20927247952793268,0,0.0,0.125,0.76953125,39
cnn,CNN,FN,74,Idle Mean,8,0.015169440935734952,0.05838699064235707,0.015894333871574125,0.29295207508812254,0,0.0,0.25,0.76171875,40
cnn,CNN,FN,27,Bwd IAT Mean,8,0.01742700081806775,0.055186885222240606,0.04176448931173241,0.14988508018342248,0,0.0,0.75,0.66015625,41
cnn,CNN,FN,39,Pkt Len Min,8,0.015696979523360865,0.0395748803864336,0.025374962482833115,0.11752130406025435,0,0.0,0.5,0.81640625,42
cnn,CNN,FN,76,Idle Max,8,-0.018931522352783878,0.03830383714878524,0.04002442983241669,0.07192262940602914,0,0.0,0.25,0.73828125,43
cnn,CNN,FN,43,Pkt Len Var,8,0.015134985086978548,0.03592312556024798,0.03473906772128192,0.07963516163767116,0,0.0,0.5,0.7265625,44
cnn,CNN,FN,37,Fwd Pkts/s,8,-0.002021574661518484,0.026663726932172102,0.013666735477754696,0.11120471180299107,0,0.0,0.625,0.71875,45
cnn,CNN,FN,36,Bwd Header Len,8,0.004875814995044938,0.026167086601692497,0.02133889853775489,0.09352903662668655,0,0.0,0.375,0.75390625,46
cnn,CNN,FN,28,Bwd IAT Std,8,0.015309247223676587,0.026125509825881306,0.022141568513250894,0.06077732271006036,0,0.0,0.875,0.578125,47
cnn,CNN,FN,4,Tot Bwd Pkts,8,0.0032778186356062825,0.01679396203399275,0.01074197074994688,0.050974084638487814,0,0.0,0.75,0.6171875,48
cnn,CNN,FN,16,Flow Pkts/s,8,0.011325218768460635,0.01669515736534582,0.012053971096159164,0.0558119234433187,0,0.0,0.75,0.70703125,49
cnn,CNN,FN,72,Active Max,8,-0.015095076616403556,0.015095076616403556,0.014299208846856747,0.02330434713135297,0,0.0,0.0,0.84375,50
cnn,CNN,FN,15,Flow Byts/s,8,-0.010331823885272018,0.013319541818057033,0.01148575841934661,0.0274386824460682,0,0.0,0.125,0.69921875,51
cnn,CNN,FN,64,Subflow Bwd Pkts,8,0.0076938045582584744,0.013067429204767736,0.008011667189247215,0.041165957878874664,0,0.0,0.5,0.64453125,52
cnn,CNN,FN,71,Active Std,8,-0.008862149774360216,0.008862149774360216,0.005820952227899058,0.029959263971342624,0,0.0,0.0,0.8359375,53
cnn,CNN,FN,38,Bwd Pkts/s,8,0.005450648923417955,0.0073618992565753355,0.004777080398933466,0.027796906640722204,0,0.0,0.75,0.58203125,54
cnn,CNN,FN,75,Idle Std,8,-0.006063795159384595,0.006084573572682544,0.0003838954469454293,0.04625723827721131,0,0.0,0.125,0.8125,55
cnn,CNN,FN,65,Subflow Bwd Byts,8,0.002500770996689201,0.005512454682655711,0.005588275751700584,0.01121649352888285,0,0.0,0.75,0.60546875,56
cnn,CNN,FN,70,Active Mean,8,0.0035717761967428417,0.004021964887707624,0.0036438097754272493,0.007175854431766677,0,0.0,0.75,0.84765625,57
cnn,CNN,FN,6,TotLen Bwd Pkts,8,-0.0014631642907698074,0.0038225968430502496,0.0041130714821661,0.00797378068065556,0,0.0,0.25,0.65625,58
cnn,CNN,FN,30,Bwd IAT Min,8,-0.0006180264934055024,0.002502267636059095,0.0014853842207662683,0.010743491572910888,0,0.0,0.75,0.609375,59
cnn,CNN,FN,73,Active Min,8,-0.0005205981059640016,0.0013169360279905956,0.0005987205891334064,0.007350136535818389,0,0.0,0.875,0.8515625,60
cnn,CNN,FN,63,Subflow Fwd Byts,8,-0.000486258423176735,0.0007050853344444559,0.0005555886782969296,0.0026623077958720827,0,0.0,0.125,0.72265625,61
cnn,CNN,FN,5,TotLen Fwd Pkts,8,-3.9273323435850735e-05,0.0003547603245506676,0.00020979864678325697,0.0010056273213384266,0,0.0,0.375,0.6015625,62
cnn,CNN,FN,35,Fwd Header Len,8,-0.00023560462351918747,0.00024684177513397657,0.0001465385297422848,0.0006051536817468343,0,0.0,0.25,0.578125,63
cnn,CNN,FN,3,Tot Fwd Pkts,8,-7.291652533814175e-06,0.00016127585590695897,0.0001017632750741219,0.0005637768467180495,0,0.0,0.625,0.6015625,64
cnn,CNN,FN,68,Fwd Act Data Pkts,8,-9.787471945097402e-05,0.00012675991658922224,6.393538385663902e-05,0.00040379265883676714,0,0.0,0.5,0.5,65
cnn,CNN,FN,62,Subflow Fwd Pkts,8,-9.604402481439446e-06,0.00011649304173087627,7.33751900796471e-05,0.0003865182148146003,0,0.0,0.625,0.55078125,66
cnn,CNN,FN,32,Bwd PSH Flags,8,0.0,0.0,0.0,0.0,0,0.0,0.0,1.0,67
cnn,CNN,FN,33,Fwd URG Flags,8,0.0,0.0,0.0,0.0,0,0.0,0.0,1.0,68
cnn,CNN,FN,34,Bwd URG Flags,8,0.0,0.0,0.0,0.0,0,0.0,0.0,1.0,69
cnn,CNN,FN,44,FIN Flag Cnt,8,0.0,0.0,0.0,0.0,0,0.0,0.0,1.0,70
cnn,CNN,FN,49,URG Flag Cnt,8,0.0,0.0,0.0,0.0,0,0.0,0.0,1.0,71
cnn,CNN,FN,50,CWE Flag Count,8,0.0,0.0,0.0,0.0,0,0.0,0.0,1.0,72
cnn,CNN,FN,56,Fwd Byts/b Avg,8,0.0,0.0,0.0,0.0,0,0.0,0.0,1.0,73
cnn,CNN,FN,57,Fwd Pkts/b Avg,8,0.0,0.0,0.0,0.0,0,0.0,0.0,1.0,74
cnn,CNN,FN,58,Fwd Blk Rate Avg,8,0.0,0.0,0.0,0.0,0,0.0,0.0,1.0,75
cnn,CNN,FN,59,Bwd Byts/b Avg,8,0.0,0.0,0.0,0.0,0,0.0,0.0,1.0,76
cnn,CNN,FN,60,Bwd Pkts/b Avg,8,0.0,0.0,0.0,0.0,0,0.0,0.0,1.0,77
cnn,CNN,FN,61,Bwd Blk Rate Avg,8,0.0,0.0,0.0,0.0,0,0.0,0.0,1.0,78
cnn,CNN,FP,69,Fwd Seg Size Min,8,1.2920551680445675,1.4201624107848607,0.43099576233354764,4.542423457771893,4,0.5,0.875,0.82421875,1
cnn,CNN,FP,51,ECE Flag Cnt,8,0.22435617341471478,1.239746727158651,0.9171198215418597,2.053785818030971,7,0.875,0.375,0.6171875,2
cnn,CNN,FP,46,RST Flag Cnt,8,0.10442583943187102,1.0093490590297771,1.0111075295329512,1.6374177464971635,6,0.75,0.375,0.609375,3
cnn,CNN,FP,66,Init Fwd Win Byts,8,0.8839710109806979,1.0093012276637723,0.4087841947431483,3.696895984301631,4,0.5,0.625,0.6640625,4
cnn,CNN,FP,53,Pkt Size Avg,8,0.8479911292610207,0.8479911292610207,0.8239745628714196,1.2918783188228957,6,0.75,1.0,0.74609375,5
cnn,CNN,FP,7,Fwd Pkt Len Max,8,0.8241377227416188,0.8241377227416188,0.7737018213481232,1.4979254291962736,6,0.75,1.0,0.6015625,6
cnn,CNN,FP,10,Fwd Pkt Len Std,8,-0.6384007344938889,0.7666887896159609,0.7091898487363825,1.4320167989674775,6,0.75,0.125,0.52734375,7
cnn,CNN,FP,40,Pkt Len Max,8,0.664362688158489,0.664362688158489,0.5055891110475993,1.5440253899397671,4,0.5,1.0,0.6640625,8
cnn,CNN,FP,11,Bwd Pkt Len Max,8,0.6422818733986838,0.6422818733986838,0.6870988590784562,0.8089761063434303,6,0.75,1.0,0.5859375,9
cnn,CNN,FP,27,Bwd IAT Mean,8,-0.4350564312038226,0.5421065812400327,0.06557798368487966,3.908652049775421,1,0.125,0.875,0.72265625,10
cnn,CNN,FP,30,Bwd IAT Min,8,0.5119433148715625,0.5120425912676813,0.0021074794280653703,4.082763535880759,1,0.125,0.875,0.66796875,11
cnn,CNN,FP,48,ACK Flag Cnt,8,0.2803905130981117,0.49487754454180066,0.1617636286716969,2.359423693724961,1,0.125,0.625,0.78125,12
cnn,CNN,FP,25,Fwd IAT Min,8,0.24453271633907708,0.4896408056459794,0.22844811703657167,1.8259601430932764,2,0.25,0.25,0.67578125,13
cnn,CNN,FP,13,Bwd Pkt Len Mean,8,0.47724131564763866,0.47724131564763866,0.35888458564629555,0.9392140101129092,2,0.25,1.0,0.6875,14
cnn,CNN,FP,17,Flow IAT Mean,8,0.24783043247944103,0.42970950760756016,0.25439738083458885,0.9984128102019978,2,0.25,0.875,0.7890625,15
cnn,CNN,FP,55,Bwd Seg Size Avg,8,0.17244360804014805,0.41003080432176753,0.4372976852375035,0.6235652323413433,2,0.25,0.75,0.6484375,16
cnn,CNN,FP,9,Fwd Pkt Len Mean,8,0.3454451834810596,0.35992766266270143,0.36871560306964396,0.6555810506086052,1,0.125,0.875,0.70703125,17
cnn,CNN,FP,14,Bwd Pkt Len Std,8,-0.35772222314693763,0.35772222314693763,0.40490884237195235,0.4974641954542545,2,0.25,0.0,0.4453125,18
cnn,CNN,FP,47,PSH Flag Cnt,8,-0.03032618315984774,0.35173952729403796,0.17495670097323268,1.0271112175413242,2,0.25,0.625,0.62109375,19
cnn,CNN,FP,24,Fwd IAT Max,8,0.05272451671454173,0.35012666034087914,0.3191424322078557,0.5513237100896383,0,0.0,0.625,0.796875,20
cnn,CNN,FP,54,Fwd Seg Size Avg,8,0.3467839361845141,0.3501082375281281,0.390712253909998,0.7855338286289747,2,0.25,0.875,0.71875,21
cnn,CNN,FP,52,Down/Up Ratio,8,0.3480880062012908,0.3480880062012908,0.32228497229831,0.6738603660914539,2,0.25,1.0,0.61328125,22
cnn,CNN,FP,20,Flow IAT Min,8,-0.02789597615655043,0.34374542223606963,0.275545815846015,1.1556653816705262,2,0.25,0.25,0.6328125,23
cnn,CNN,FP,42,Pkt Len Std,8,-0.034079168926788056,0.33851762406807956,0.24002207799022035,1.0606331149547925,2,0.25,0.25,0.57421875,24
cnn,CNN,FP,0,Dst Port,8,0.31197499492267566,0.31197499492267566,0.2410531754797469,0.7736605450120725,0,0.0,1.0,0.54296875,25
cnn,CNN,FP,67,Init Bwd Win Byts,8,0.22303537331582168,0.30427858276766834,0.24101716900995454,0.7017590959273257,0,0.0,0.75,0.55078125,26
cnn,CNN,FP,41,Pkt Len Mean,8,0.20391618940093917,0.29712859474781356,0.10012449180688063,1.0297812542613667,2,0.25,0.75,0.62890625,27
cnn,CNN,FP,2,Flow Duration,8,0.14240098849722788,0.2839833565649651,0.2780704756342203,0.5663294722709489,0,0.0,0.875,0.73046875,28
cnn,CNN,FP,18,Flow IAT Std,8,-0.016422284517164758,0.2520285384170281,0.1771783595573736,0.9424250155994534,1,0.125,0.125,0.64453125,29
cnn,CNN,FP,19,Flow IAT Max,8,0.023166604042096965,0.24672699331198905,0.19958022911544102,0.6273794614323864,1,0.125,0.5,0.76953125,30
cnn,CNN,FP,21,Fwd IAT Tot,8,-0.03932602014781246,0.22251351787478424,0.27254191257374005,0.39389464278645203,0,0.0,0.375,0.84375,31
cnn,CNN,FP,74,Idle Mean,8,0.01895701994520066,0.2215914978523146,0.14284974892396612,0.8811429144099028,1,0.125,0.375,0.8203125,32
cnn,CNN,FP,22,Fwd IAT Mean,8,-0.06229305032678374,0.19479575894491208,0.16008686507143638,0.5300108344725134,0,0.0,0.125,0.76953125,33
cnn,CNN,FP,26,Bwd IAT Tot,8,-0.13417097640981515,0.18193692210386803,0.153205772879478,0.49396843660940076,0,0.0,0.125,0.609375,34
cnn,CNN,FP,38,Bwd Pkts/s,8,0.11593487976454078,0.15506847533274204,0.007602735734530073,1.0562014365693435,1,0.125,0.625,0.78125,35
cnn,CNN,FP,1,Protocol,8,0.016932980344766223,0.151936622519993,0.12960825038211338,0.3891311244467554,0,0.0,0.25,0.84375,36
cnn,CNN,FP,12,Bwd Pkt Len Min,8,-0.14306238741595015,0.1443028655145332,0.1308218671900826,0.2678849171629801,0,0.0,0.125,0.875,37
cnn,CNN,FP,16,Flow Pkts/s,8,-0.08718540892145037,0.12666124527153694,0.032981380061803026,0.5272850134877876,1,0.125,0.625,0.81640625,38
cnn,CNN,FP,77,Idle Min,8,-0.022611142153204818,0.11165560473341402,0.07661733171226642,0.35617785032083676,0,0.0,0.125,0.75390625,39
cnn,CNN,FP,23,Fwd IAT Std,8,-0.06932839654263799,0.10968474164233441,0.06850167383438244,0.27746634659369873,0,0.0,0.125,0.671875,40
cnn,CNN,FP,70,Active Mean,8,0.10514200801796604,0.10514200801796604,0.007189904338700972,0.4289048556837641,0,0.0,1.0,0.78125,41
cnn,CNN,FP,76,Idle Max,8,-0.07347174537897508,0.07347174537897508,0.04748651711569068,0.29803153965364254,0,0.0,0.0,0.73828125,42
cnn,CNN,FP,73,Active Min,8,0.07016903189895636,0.07021581351545593,0.0002792763538285314,0.31366519120511915,0,0.0,0.625,0.83203125,43
cnn,CNN,FP,37,Fwd Pkts/s,8,-0.011779459633453213,0.06449875229739531,0.02706005006754567,0.29579863742642953,0,0.0,0.75,0.78125,44
cnn,CNN,FP,29,Bwd IAT Max,8,0.01880322506380378,0.059151852465482484,0.016942726299175828,0.2811609469315043,0,0.0,0.375,0.64453125,45
cnn,CNN,FP,8,Fwd Pkt Len Min,8,-0.058313744189108715,0.05846963769271101,0.056889222500421034,0.15022070441951346,0,0.0,0.125,0.875,46
cnn,CNN,FP,31,Fwd PSH Flags,8,0.013729346895956642,0.05070405548115467,0.023565063709143633,0.19653748307602076,0,0.0,0.375,0.96875,47
cnn,CNN,FP,43,Pkt Len Var,8,-0.03172605230384821,0.04425497336180427,0.044062415280578804,0.08463183213367136,0,0.0,0.25,0.703125,48
cnn,CNN,FP,28,Bwd IAT Std,8,0.039041171541283004,0.04376197524252687,0.033257692608398684,0.14110442671214435,0,0.0,0.75,0.515625,49
cnn,CNN,FP,45,SYN Flag Cnt,8,-0.012599644724805613,0.030300388531076226,0.016769989591866603,0.1422420114260168,0,0.0,0.5,0.96875,50
cnn,CNN,FP,4,Tot Bwd Pkts,8,0.02992245670824688,0.02992245670824688,0.0284351018718544,0.053640498276297244,0,0.0,1.0,0.66796875,51
cnn,CNN,FP,39,Pkt Len Min,8,-0.010451418123934957,0.021998830260118306,0.017191193570614452,0.05784601911557724,0,0.0,0.5,0.875,52
cnn,CNN,FP,36,Bwd Header Len,8,-0.01415871860154552,0.019172377457869403,0.016888335719084328,0.05961379206377284,0,0.0,0.25,0.6640625,53
cnn,CNN,FP,72,Active Max,8,0.001060581306831228,0.013101595633756149,0.012488885326939893,0.020716568333328467,0,0.0,0.5,0.796875,54
cnn,CNN,FP,15,Flow Byts/s,8,-0.006420563099287799,0.012684692626714433,0.007770300381176679,0.03857652053831949,0,0.0,0.25,0.65625,55
cnn,CNN,FP,64,Subflow Bwd Pkts,8,-0.002513738482760934,0.010846223041044725,0.005765598943933343,0.038375596345001615,0,0.0,0.375,0.62109375,56
cnn,CNN,FP,71,Active Std,8,-0.0027707645825976912,0.008789244579066654,0.008637358537343149,0.01703878546869038,0,0.0,0.5,0.875,57
cnn,CNN,FP,6,TotLen Bwd Pkts,8,-0.0037584275512814003,0.0037584275512814003,0.004124920572262321,0.005493871821213867,0,0.0,0.0,0.61328125,58
cnn,CNN,FP,65,Subflow Bwd Byts,8,0.001315582176446299,0.0025485202372496425,0.0016752511071938456,0.007360697740867627,0,0.0,0.625,0.53125,59
cnn,CNN,FP,5,TotLen Fwd Pkts,8,0.0006856316580341969,0.0010998004071712322,0.000869370293046544,0.0027530586768183354,0,0.0,0.75,0.68359375,60
cnn,CNN,FP,75,Idle Std,8,0.00046387120901075893,0.0006279401192956227,0.0005616239301305866,0.0021004925034540027,0,0.0,0.875,0.84375,61
cnn,CNN,FP,63,Subflow Fwd Byts,8,-0.00015416419995200746,0.0004914302673040174,0.00043434634694315536,0.0012337496465250608,0,0.0,0.375,0.63671875,62
cnn,CNN,FP,68,Fwd Act Data Pkts,8,0.00031867092446898494,0.00031995718357122907,0.00019241096598677355,0.0008226584557938648,0,0.0,0.875,0.65625,63
cnn,CNN,FP,35,Fwd Header Len,8,0.00011954415768460241,0.00024291516201900283,0.00014046188093114258,0.0006278827503632101,0,0.0,0.625,0.60546875,64
cnn,CNN,FP,3,Tot Fwd Pkts,8,0.00012047415249772845,0.00017800306562100959,0.00015921118546495194,0.00038454891402687477,0,0.0,0.75,0.5234375,65
cnn,CNN,FP,62,Subflow Fwd Pkts,8,5.9065472788733325e-05,7.065497494522905e-05,5.433420061019683e-05,0.00013920736388558898,0,0.0,0.875,0.5234375,66
cnn,CNN,FP,32,Bwd PSH Flags,8,0.0,0.0,0.0,0.0,0,0.0,0.0,1.0,67
cnn,CNN,FP,33,Fwd URG Flags,8,0.0,0.0,0.0,0.0,0,0.0,0.0,1.0,68
cnn,CNN,FP,34,Bwd URG Flags,8,0.0,0.0,0.0,0.0,0,0.0,0.0,1.0,69
cnn,CNN,FP,44,FIN Flag Cnt,8,0.0,0.0,0.0,0.0,0,0.0,0.0,1.0,70
cnn,CNN,FP,49,URG Flag Cnt,8,0.0,0.0,0.0,0.0,0,0.0,0.0,1.0,71
cnn,CNN,FP,50,CWE Flag Count,8,0.0,0.0,0.0,0.0,0,0.0,0.0,1.0,72
cnn,CNN,FP,56,Fwd Byts/b Avg,8,0.0,0.0,0.0,0.0,0,0.0,0.0,1.0,73
cnn,CNN,FP,57,Fwd Pkts/b Avg,8,0.0,0.0,0.0,0.0,0,0.0,0.0,1.0,74
cnn,CNN,FP,58,Fwd Blk Rate Avg,8,0.0,0.0,0.0,0.0,0,0.0,0.0,1.0,75
cnn,CNN,FP,59,Bwd Byts/b Avg,8,0.0,0.0,0.0,0.0,0,0.0,0.0,1.0,76
cnn,CNN,FP,60,Bwd Pkts/b Avg,8,0.0,0.0,0.0,0.0,0,0.0,0.0,1.0,77
cnn,CNN,FP,61,Bwd Blk Rate Avg,8,0.0,0.0,0.0,0.0,0,0.0,0.0,1.0,78
cnn,CNN,TN,46,RST Flag Cnt,8,-0.3189239754808506,0.8598481418338788,0.8088417177887255,2.163696665412113,6,0.75,0.125,0.625,1
cnn,CNN,TN,51,ECE Flag Cnt,8,-0.045495756958015554,0.6984996340640894,0.3586172831212511,2.592741053855152,4,0.5,0.25,0.625,2
cnn,CNN,TN,14,Bwd Pkt Len Std,8,-0.43967725306800703,0.6531328697655765,0.8268494317158612,1.0800936142003477,6,0.75,0.25,0.62109375,3
cnn,CNN,TN,11,Bwd Pkt Len Max,8,0.0963504494517565,0.5961845828752177,0.48855829359021496,1.8037391269269674,7,0.875,0.75,0.65234375,4
cnn,CNN,TN,67,Init Bwd Win Byts,8,0.04522396477120705,0.5857941667842081,0.4479141921825176,1.9976930327670894,5,0.625,0.25,0.6328125,5
cnn,CNN,TN,53,Pkt Size Avg,8,0.01066960352188353,0.5324246213719681,0.3211119069979109,2.0870200714003384,3,0.375,0.875,0.69921875,6
cnn,CNN,TN,10,Fwd Pkt Len Std,8,-0.4211099377253015,0.4886088750611299,0.28820583616247875,1.1805775208924696,5,0.625,0.125,0.66015625,7
cnn,CNN,TN,0,Dst Port,8,0.46490962327920626,0.46490962327920626,0.4224023071052885,0.7040468219509981,6,0.75,1.0,0.5,8
cnn,CNN,TN,2,Flow Duration,8,0.019737935094839273,0.45879009609937577,0.2950256036216274,1.756208644018146,3,0.375,0.875,0.71875,9
cnn,CNN,TN,55,Bwd Seg Size Avg,8,0.1808769138211953,0.4127207525562194,0.1595013301579421,2.1473439785084016,2,0.25,0.375,0.64453125,10
cnn,CNN,TN,13,Bwd Pkt Len Mean,8,0.36010099080578234,0.4125687432400023,0.16056194550082728,1.937095803148539,2,0.25,0.75,0.70703125,11
cnn,CNN,TN,40,Pkt Len Max,8,0.1412506746774606,0.36942548673302616,0.23611083846392994,1.1406153096320664,4,0.5,0.5,0.65625,12
cnn,CNN,TN,7,Fwd Pkt Len Max,8,0.33241753281642694,0.33241753281642694,0.35385321175678475,0.5828617760927335,3,0.375,1.0,0.59765625,13
cnn,CNN,TN,71,Active Std,8,0.27359805630477524,0.2848839540741209,0.006006487891076616,2.2286372147712874,1,0.125,0.25,0.890625,14
cnn,CNN,TN,69,Fwd Seg Size Min,8,0.09769241537686915,0.27385313962826185,0.20361560061806105,1.0535818784542403,2,0.25,0.5,0.71484375,15
cnn,CNN,TN,24,Fwd IAT Max,8,-0.040592844057291126,0.24759215420574374,0.2093304602659868,0.7697418134060077,1,0.125,0.625,0.73046875,16
cnn,CNN,TN,52,Down/Up Ratio,8,0.0908183232183099,0.24277509840390316,0.19017835282537093,0.5850349179213851,3,0.375,0.625,0.6171875,17
cnn,CNN,TN,45,SYN Flag Cnt,8,0.10648038183294307,0.22488112300951413,0.06354426310853853,1.3254460193698288,1,0.125,0.125,0.96484375,18
cnn,CNN,TN,42,Pkt Len Std,8,-0.04599648350632721,0.2224036063089831,0.13992313048521404,0.6275219951395403,1,0.125,0.375,0.6640625,19
cnn,CNN,TN,23,Fwd IAT Std,8,-0.21528340811739713,0.21528340811739713,0.16294843325262107,0.6655633757678296,0,0.0,0.0,0.69921875,20
cnn,CNN,TN,48,ACK Flag Cnt,8,-0.058026611215608384,0.206907304196007,0.1069747014099824,0.4641885377594471,1,0.125,0.375,0.7734375,21
cnn,CNN,TN,66,Init Fwd Win Byts,8,0.12797844273198514,0.2033318929672791,0.2127045289286436,0.3505412020478213,2,0.25,0.75,0.54296875,22
cnn,CNN,TN,47,PSH Flag Cnt,8,0.10078896182246991,0.1994476316339777,0.18006231364637965,0.37097283521591884,1,0.125,0.625,0.60546875,23
cnn,CNN,TN,21,Fwd IAT Tot,8,-0.11995729210962516,0.19776369563565732,0.12730990129664338,0.7041223895529043,1,0.125,0.375,0.7265625,24
cnn,CNN,TN,1,Protocol,8,0.009896265214825187,0.19609768533611377,0.10790413363641715,0.7219787866722412,1,0.125,0.25,0.8046875,25
cnn,CNN,TN,18,Flow IAT Std,8,0.0035410286696307205,0.17595959452609913,0.09948604541301273,0.7180024927829194,1,0.125,0.125,0.6171875,26
cnn,CNN,TN,12,Bwd Pkt Len Min,8,-0.00644727934543796,0.1683572409911217,0.1283483199981516,0.6383546341876165,2,0.25,0.25,0.87109375,27
cnn,CNN,TN,75,Idle Std,8,0.15974006017084563,0.16123533110821034,0.0006896834993934592,1.2839001882051204,1,0.125,0.25,0.859375,28
cnn,CNN,TN,41,Pkt Len Mean,8,0.006218790829456235,0.16025442663012487,0.11209698861102405,0.3545216267571075,1,0.125,0.625,0.70703125,29
cnn,CNN,TN,17,Flow IAT Mean,8,0.1119385786788592,0.14514130853550944,0.13515675112611242,0.2515683382123105,0,0.0,0.75,0.66015625,30
cnn,CNN,TN,31,Fwd PSH Flags,8,0.06131943862879695,0.13789124022057667,0.041759991410482575,0.7940040625134636,1,0.125,0.25,0.94140625,31
cnn,CNN,TN,54,Fwd Seg Size Avg,8,-0.027476869500748118,0.13415816412829804,0.1256500024349889,0.27325132658062745,1,0.125,0.5,0.640625,32
cnn,CNN,TN,19,Flow IAT Max,8,0.04119912088655643,0.12415773965620147,0.10247017503552795,0.2796373548795782,0,0.0,0.625,0.625,33
cnn,CNN,TN,74,Idle Mean,8,-0.12087359155710847,0.12124476885393291,0.05050109639527993,0.48756401483037326,0,0.0,0.125,0.7890625,34
cnn,CNN,TN,70,Active Mean,8,-0.1093921440128503,0.11585845932327192,0.0053935066784082265,0.8818565564030345,1,0.125,0.625,0.83984375,35
cnn,CNN,TN,20,Flow IAT Min,8,-0.10868549619199688,0.1152300391049742,0.09518026799482737,0.23446168533816858,0,0.0,0.125,0.62890625,36
cnn,CNN,TN,25,Fwd IAT Min,8,-0.10491934280096293,0.1110018081780235,0.10494732840133403,0.255225243779097,0,0.0,0.125,0.6484375,37
cnn,CNN,TN,26,Bwd IAT Tot,8,-0.11090569449684765,0.11090569449684765,0.10205430788699835,0.24718933166606402,0,0.0,0.0,0.66015625,38
cnn,CNN,TN,8,Fwd Pkt Len Min,8,0.01715186344444279,0.09605882877720634,0.03701967608952879,0.4528427688865965,1,0.125,0.125,0.8359375,39
cnn,CNN,TN,9,Fwd Pkt Len Mean,8,0.0489783171499447,0.09365829257105882,0.07227250400664531,0.2609398127678597,0,0.0,0.625,0.58984375,40
cnn,CNN,TN,22,Fwd IAT Mean,8,-0.08382459890602553,0.08382459890602553,0.07132678137616018,0.20241883090297508,0,0.0,0.0,0.69140625,41
cnn,CNN,TN,43,Pkt Len Var,8,-0.04021644656552827,0.07255793329273004,0.03933677343091258,0.3278398669534884,0,0.0,0.375,0.68359375,42
cnn,CNN,TN,77,Idle Min,8,-0.0682438167561068,0.0682438167561068,0.05530074499587696,0.12620309163955254,0,0.0,0.0,0.82421875,43
cnn,CNN,TN,39,Pkt Len Min,8,0.04972408736096303,0.06244110485521201,0.013103300301145671,0.22194361765042772,0,0.0,0.375,0.86328125,44
cnn,CNN,TN,72,Active Max,8,0.02752936145683851,0.055197939385489905,0.016218615768443315,0.3309092033693137,0,0.0,0.125,0.80078125,45
cnn,CNN,TN,76,Idle Max,8,-0.048942191040250105,0.05169044891241045,0.04508402153314003,0.09210832825550196,0,0.0,0.125,0.79296875,46
cnn,CNN,TN,29,Bwd IAT Max,8,0.018286394335317212,0.0354560145097916,0.02749751009814842,0.07391184685959631,0,0.0,0.625,0.6796875,47
cnn,CNN,TN,28,Bwd IAT Std,8,0.007262112297132388,0.03162526087268635,0.03160531659907111,0.06018100380577294,0,0.0,0.625,0.59375,48
cnn,CNN,TN,27,Bwd IAT Mean,8,0.024293319569375377,0.026908704512771903,0.021938126265240214,0.05889548686160874,0,0.0,0.75,0.5859375,49
cnn,CNN,TN,73,Active Min,8,-0.022606583897166948,0.023081455075180845,0.0005828887811808968,0.17507165105536668,0,0.0,0.625,0.83984375,50
cnn,CNN,TN,16,Flow Pkts/s,8,0.019081454497259655,0.019455913721814266,0.02042976134810606,0.0440959035636236,0,0.0,0.75,0.609375,51
cnn,CNN,TN,36,Bwd Header Len,8,-0.005570279971285486,0.019310587054618168,0.01702564302272173,0.047406666984600616,0,0.0,0.375,0.7109375,52
cnn,CNN,TN,37,Fwd Pkts/s,8,0.01566231295209969,0.01653817118048938,0.016902225971569387,0.03989585943622699,0,0.0,0.75,0.66796875,53
cnn,CNN,TN,15,Flow Byts/s,8,0.006607151649630945,0.012922300010913474,0.009498898761136972,0.032756783130131244,0,0.0,0.5,0.7421875,54
cnn,CNN,TN,4,Tot Bwd Pkts,8,0.009045826408451346,0.012402133004861251,0.01265769541293607,0.02690347047127444,0,0.0,0.875,0.5625,55
cnn,CNN,TN,64,Subflow Bwd Pkts,8,-0.005417919998948711,0.009602938921994032,0.007297692681202391,0.031098358680968413,0,0.0,0.375,0.703125,56
cnn,CNN,TN,38,Bwd Pkts/s,8,0.004569247700029474,0.006961273662455485,0.006494177518666603,0.015676428183056174,0,0.0,0.625,0.640625,57
cnn,CNN,TN,65,Subflow Bwd Byts,8,0.0016761112942349926,0.006757285591968769,0.005128995343907726,0.020324697190935107,0,0.0,0.875,0.6171875,58
cnn,CNN,TN,6,TotLen Bwd Pkts,8,0.0008191119439187146,0.006231556723970436,0.0038208963060103766,0.027568740920724862,0,0.0,0.25,0.671875,59
cnn,CNN,TN,30,Bwd IAT Min,8,-0.0011776999717840915,0.003958239784615727,0.000914047697973049,0.020327247284763247,0,0.0,0.75,0.6328125,60
cnn,CNN,TN,63,Subflow Fwd Byts,8,-5.996564279535654e-05,0.00032893043551730783,0.0002173683665570406,0.001061292868308008,0,0.0,0.25,0.6640625,61
cnn,CNN,TN,5,TotLen Fwd Pkts,8,2.133172292211979e-05,0.00025581770395071476,0.0001846408919339753,0.0005421475216931993,0,0.0,0.625,0.5703125,62
cnn,CNN,TN,35,Fwd Header Len,8,-0.00010986661807356232,0.0002248649625442702,0.00020374543680835573,0.0004742419894767466,0,0.0,0.375,0.58984375,63
cnn,CNN,TN,68,Fwd Act Data Pkts,8,7.486891333759313e-05,0.00020403824012523683,6.318545116465135e-05,0.0009195778172775976,0,0.0,0.625,0.609375,64
cnn,CNN,TN,3,Tot Fwd Pkts,8,-2.022660052542027e-05,0.00014433300192613697,0.00016166602649046586,0.0002616930490408311,0,0.0,0.5,0.63671875,65
cnn,CNN,TN,62,Subflow Fwd Pkts,8,-2.0919571845177745e-05,8.429600253646573e-05,7.04239561647582e-05,0.000190165497736938,0,0.0,0.375,0.625,66
cnn,CNN,TN,32,Bwd PSH Flags,8,0.0,0.0,0.0,0.0,0,0.0,0.0,1.0,67
cnn,CNN,TN,33,Fwd URG Flags,8,0.0,0.0,0.0,0.0,0,0.0,0.0,1.0,68
cnn,CNN,TN,34,Bwd URG Flags,8,0.0,0.0,0.0,0.0,0,0.0,0.0,1.0,69
cnn,CNN,TN,44,FIN Flag Cnt,8,0.0,0.0,0.0,0.0,0,0.0,0.0,1.0,70
cnn,CNN,TN,49,URG Flag Cnt,8,0.0,0.0,0.0,0.0,0,0.0,0.0,1.0,71
cnn,CNN,TN,50,CWE Flag Count,8,0.0,0.0,0.0,0.0,0,0.0,0.0,1.0,72
cnn,CNN,TN,56,Fwd Byts/b Avg,8,0.0,0.0,0.0,0.0,0,0.0,0.0,1.0,73
cnn,CNN,TN,57,Fwd Pkts/b Avg,8,0.0,0.0,0.0,0.0,0,0.0,0.0,1.0,74
cnn,CNN,TN,58,Fwd Blk Rate Avg,8,0.0,0.0,0.0,0.0,0,0.0,0.0,1.0,75
cnn,CNN,TN,59,Bwd Byts/b Avg,8,0.0,0.0,0.0,0.0,0,0.0,0.0,1.0,76
cnn,CNN,TN,60,Bwd Pkts/b Avg,8,0.0,0.0,0.0,0.0,0,0.0,0.0,1.0,77
cnn,CNN,TN,61,Bwd Blk Rate Avg,8,0.0,0.0,0.0,0.0,0,0.0,0.0,1.0,78
cnn,CNN,TP,69,Fwd Seg Size Min,8,3.2085246937136653,3.2905573215623996,4.161774171354644,6.086317366610445,5,0.625,0.875,0.859375,1
cnn,CNN,TP,66,Init Fwd Win Byts,8,1.7491714927382513,1.8231198505249864,1.7136011730379233,4.002858076481064,4,0.5,0.875,0.72265625,2
cnn,CNN,TP,14,Bwd Pkt Len Std,8,1.549255994371846,1.7683987257556812,0.17269103744951564,7.2883635710352355,2,0.25,0.625,0.55859375,3
cnn,CNN,TP,7,Fwd Pkt Len Max,8,1.4820429355728546,1.4820429355728546,1.3189361976010805,2.4408468725886414,7,0.875,1.0,0.578125,4
cnn,CNN,TP,67,Init Bwd Win Byts,8,1.3992825981995742,1.3992825981995742,1.6318296997747455,2.290221044262544,6,0.75,1.0,0.56640625,5
cnn,CNN,TP,11,Bwd Pkt Len Max,8,-0.4177635304668698,1.2338304014759265,0.7542113852901635,3.9746844608102774,3,0.375,0.5,0.6328125,6
cnn,CNN,TP,48,ACK Flag Cnt,8,0.852948363894882,1.1907131807044644,0.8010044318295081,2.749788368335081,5,0.625,0.625,0.7734375,7
cnn,CNN,TP,10,Fwd Pkt Len Std,8,-0.8341512804688183,1.1214368246687931,1.384756813623752,1.7372777853603045,5,0.625,0.25,0.56640625,8
cnn,CNN,TP,51,ECE Flag Cnt,8,0.15303126025714278,1.073337332681246,0.762430229224266,3.582354633788702,4,0.5,0.25,0.625,9
cnn,CNN,TP,46,RST Flag Cnt,8,0.14930740657494251,0.9584371133459748,0.6753083308160468,3.0174812441865204,4,0.5,0.25,0.62109375,10
cnn,CNN,TP,0,Dst Port,8,0.8671203281160136,0.9248218635238152,1.0018642210611524,1.709271081197314,6,0.75,0.75,0.59375,11
cnn,CNN,TP,42,Pkt Len Std,8,0.39163400450955543,0.8971380197838399,0.9881065236376603,1.2102602667911562,3,0.375,0.625,0.8125,12
cnn,CNN,TP,53,Pkt Size Avg,8,0.7333412999528812,0.8824269447515125,0.8668473659208407,1.2509991649093004,4,0.5,0.875,0.76171875,13
cnn,CNN,TP,17,Flow IAT Mean,8,0.10275414003018013,0.6286651556083451,0.39636901059089313,2.10364406231266,2,0.25,0.875,0.75390625,14
cnn,CNN,TP,38,Bwd Pkts/s,8,0.5744385491309121,0.5774057354002228,0.014687308477901371,2.4946234398472775,2,0.25,0.75,0.765625,15
cnn,CNN,TP,41,Pkt Len Mean,8,0.46891220523327565,0.5471977589201764,0.4616446263938736,1.0938566127665825,2,0.25,0.75,0.640625,16
cnn,CNN,TP,24,Fwd IAT Max,8,0.18211514346219396,0.5426791104698484,0.3849197330354516,1.4422558680306177,2,0.25,0.875,0.75,17
cnn,CNN,TP,20,Flow IAT Min,8,0.12548726018023673,0.52975482301056,0.22881870479688826,2.5409142797662816,1,0.125,0.25,0.703125,18
cnn,CNN,TP,47,PSH Flag Cnt,8,0.12148516179110841,0.5281648416457403,0.4625847626487649,1.0139726395137894,2,0.25,0.5,0.6015625,19
cnn,CNN,TP,40,Pkt Len Max,8,0.04958873379416284,0.5042311625832068,0.5314988808923913,0.9426944469151703,3,0.375,0.375,0.6484375,20
cnn,CNN,TP,55,Bwd Seg Size Avg,8,0.46545451410784777,0.46545451410784777,0.3942994435570383,0.9187953826547143,1,0.125,1.0,0.69921875,21
cnn,CNN,TP,25,Fwd IAT Min,8,-0.018205378699737762,0.45381288274386816,0.2454009499603279,1.7424300161765216,1,0.125,0.125,0.66796875,22
cnn,CNN,TP,54,Fwd Seg Size Avg,8,0.23823335434554183,0.4368360886420998,0.5072903028486907,0.7692227386704897,1,0.125,0.625,0.62890625,23
cnn,CNN,TP,22,Fwd IAT Mean,8,0.0026074078885898744,0.4334318103111574,0.2585154474838366,1.7441568727989891,1,0.125,0.125,0.6875,24
cnn,CNN,TP,74,Idle Mean,8,0.24064914881610355,0.4307156993464094,0.0937543765295285,2.685459392650052,1,0.125,0.125,0.7734375,25
cnn,CNN,TP,2,Flow Duration,8,0.4234664263577721,0.4234664263577721,0.42469814307556564,0.6195396103783609,0,0.0,1.0,0.62890625,26
cnn,CNN,TP,13,Bwd Pkt Len Mean,8,0.36243644924340457,0.36854720216173764,0.31022655170826513,0.8341522149397411,2,0.25,0.875,0.703125,27
cnn,CNN,TP,9,Fwd Pkt Len Mean,8,0.21254188705814936,0.29421142092418756,0.330790265683675,0.502104963370231,0,0.0,0.75,0.67578125,28
cnn,CNN,TP,1,Protocol,8,0.2639340309394216,0.28065316837442955,0.1692797083197523,0.6827491973187986,0,0.0,0.875,0.84375,29
cnn,CNN,TP,21,Fwd IAT Tot,8,0.05857262737634865,0.28015623687930813,0.2562978532402149,0.7155203976699729,0,0.0,0.625,0.69140625,30
cnn,CNN,TP,52,Down/Up Ratio,8,0.2612860728622282,0.2612860728622282,0.2111617156231304,0.6629630329977405,0,0.0,1.0,0.54296875,31
cnn,CNN,TP,19,Flow IAT Max,8,0.1355081126164882,0.23828224559179945,0.24762724926383273,0.49563295638510035,0,0.0,0.75,0.7109375,32
cnn,CNN,TP,26,Bwd IAT Tot,8,-0.1728614928244708,0.2130141110364224,0.19865293493162817,0.33499737626778825,0,0.0,0.125,0.61328125,33
cnn,CNN,TP,16,Flow Pkts/s,8,0.12916524422119718,0.1915763708879628,0.054333019044516075,1.0442961596377656,1,0.125,0.75,0.71484375,34
cnn,CNN,TP,77,Idle Min,8,0.06346244582391139,0.18484756973544014,0.07442005839136452,0.9894127709585367,0,0.0,0.25,0.76953125,35
cnn,CNN,TP,37,Fwd Pkts/s,8,0.17479638668120764,0.17582009026378295,0.07707146586414715,0.7877711597328826,0,0.0,0.875,0.75390625,36
cnn,CNN,TP,31,Fwd PSH Flags,8,0.1259431982318415,0.1295380250599182,0.10772234294922939,0.3203266240696325,0,0.0,0.875,0.96875,37
cnn,CNN,TP,12,Bwd Pkt Len Min,8,-0.1010451704934799,0.11507301871151437,0.1158372038151915,0.26618743765935426,0,0.0,0.125,0.875,38
cnn,CNN,TP,18,Flow IAT Std,8,-0.10257500041629078,0.1069838089286923,0.12376176286946589,0.1669840245589876,0,0.0,0.125,0.6875,39
cnn,CNN,TP,43,Pkt Len Var,8,-0.09541471106041688,0.09541471106041688,0.06291948569053313,0.2969395077614374,0,0.0,0.0,0.6640625,40
cnn,CNN,TP,23,Fwd IAT Std,8,-0.03205583183498486,0.08809425645127092,0.08748253485248214,0.22415369846514427,0,0.0,0.125,0.6015625,41
cnn,CNN,TP,27,Bwd IAT Mean,8,0.07070962162463015,0.07400967289777019,0.07712322473154895,0.12458421473747784,0,0.0,0.875,0.63671875,42
cnn,CNN,TP,45,SYN Flag Cnt,8,-0.02541212361780752,0.06165708260247893,0.05080748422636266,0.18094470187102607,0,0.0,0.5,0.96875,43
cnn,CNN,TP,76,Idle Max,8,0.02678090931359977,0.058222386730315566,0.03462731578879295,0.25191261143739585,0,0.0,0.5,0.76953125,44
cnn,CNN,TP,8,Fwd Pkt Len Min,8,-0.04512775941875609,0.05505823029405542,0.042087121078016085,0.18504704432479419,0,0.0,0.125,0.875,45
cnn,CNN,TP,28,Bwd IAT Std,8,0.015432686086330865,0.046209389435542966,0.04669192165578039,0.07156284793696276,0,0.0,0.625,0.55078125,46
cnn,CNN,TP,39,Pkt Len Min,8,-0.019028395623918157,0.0430213844863646,0.03406801138279782,0.10016730421528505,0,0.0,0.375,0.875,47
cnn,CNN,TP,29,Bwd IAT Max,8,-0.03383910029500338,0.03383910029500338,0.024647098218861876,0.07313269916286072,0,0.0,0.0,0.578125,48
cnn,CNN,TP,15,Flow Byts/s,8,-0.002938163351023405,0.030009389633954827,0.027975513444692707,0.06362118084476298,0,0.0,0.25,0.70703125,49
cnn,CNN,TP,72,Active Max,8,0.0202658126325778,0.027853190679971246,0.02368609956853395,0.06720922009511882,0,0.0,0.625,0.875,50
cnn,CNN,TP,36,Bwd Header Len,8,-0.018634822859303835,0.027814284674182174,0.028441233870613487,0.05290597881604611,0,0.0,0.25,0.703125,51
cnn,CNN,TP,4,Tot Bwd Pkts,8,0.023472031848379638,0.02528055573065956,0.02262137505637374,0.055813886174344685,0,0.0,0.875,0.61328125,52
cnn,CNN,TP,64,Subflow Bwd Pkts,8,0.001180501992710541,0.02289868584183031,0.01478883555210296,0.04905948775470771,0,0.0,0.625,0.671875,53
cnn,CNN,TP,71,Active Std,8,0.0007711674383592522,0.0166402451937309,0.015733444802930832,0.039949616735735,0,0.0,0.625,0.875,54
cnn,CNN,TP,70,Active Mean,8,0.008285718129955615,0.008916907526178403,0.00909396735407737,0.02001121667395099,0,0.0,0.875,0.875,55
cnn,CNN,TP,6,TotLen Bwd Pkts,8,-0.004640833174334861,0.004640833174334861,0.003981465321765511,0.008187606353481883,0,0.0,0.0,0.5859375,56
cnn,CNN,TP,65,Subflow Bwd Byts,8,0.0017080726433258667,0.00448845591434225,0.00317209643008106,0.012228156060043969,0,0.0,0.75,0.61328125,57
cnn,CNN,TP,5,TotLen Fwd Pkts,8,5.397985977963936e-05,0.001886939994011987,0.0021715496205323504,0.0030280883325387274,0,0.0,0.375,0.6953125,58
cnn,CNN,TP,75,Idle Std,8,0.0015066869011410705,0.0016319296395830305,0.0003613146394585917,0.01020855480559012,0,0.0,0.875,0.84375,59
cnn,CNN,TP,63,Subflow Fwd Byts,8,-0.0005388251689656172,0.001195197910761727,0.0009459913039709026,0.0026492007243368258,0,0.0,0.25,0.60546875,60
cnn,CNN,TP,30,Bwd IAT Min,8,5.0175948302855675e-05,0.0010452142095830296,0.0006864640808352875,0.0025167991894397175,0,0.0,0.625,0.515625,61
cnn,CNN,TP,35,Fwd Header Len,8,-0.000160129777612359,0.0005748474501631338,0.0004808180593657062,0.0015870212545274329,0,0.0,0.25,0.60546875,62
cnn,CNN,TP,68,Fwd Act Data Pkts,8,0.00037427958745092833,0.0004142517360045346,0.00040102394804473313,0.0009083790738451509,0,0.0,0.875,0.5703125,63
cnn,CNN,TP,73,Active Min,8,0.0002825836972296827,0.0003611487892789847,0.0002845852801498487,0.0009149264853264834,0,0.0,0.75,0.875,64
cnn,CNN,TP,3,Tot Fwd Pkts,8,-0.00013827667565403153,0.0002504853172855695,0.00017771648759510477,0.0008629759311897326,0,0.0,0.375,0.53515625,65
cnn,CNN,TP,62,Subflow Fwd Pkts,8,1.8635849114433636e-05,6.145708207320486e-05,6.0126055268532847e-05,0.00011842134705667154,0,0.0,0.75,0.57421875,66
cnn,CNN,TP,32,Bwd PSH Flags,8,0.0,0.0,0.0,0.0,0,0.0,0.0,1.0,67
cnn,CNN,TP,33,Fwd URG Flags,8,0.0,0.0,0.0,0.0,0,0.0,0.0,1.0,68
cnn,CNN,TP,34,Bwd URG Flags,8,0.0,0.0,0.0,0.0,0,0.0,0.0,1.0,69
cnn,CNN,TP,44,FIN Flag Cnt,8,0.0,0.0,0.0,0.0,0,0.0,0.0,1.0,70
cnn,CNN,TP,49,URG Flag Cnt,8,0.0,0.0,0.0,0.0,0,0.0,0.0,1.0,71
cnn,CNN,TP,50,CWE Flag Count,8,0.0,0.0,0.0,0.0,0,0.0,0.0,1.0,72
cnn,CNN,TP,56,Fwd Byts/b Avg,8,0.0,0.0,0.0,0.0,0,0.0,0.0,1.0,73
cnn,CNN,TP,57,Fwd Pkts/b Avg,8,0.0,0.0,0.0,0.0,0,0.0,0.0,1.0,74
cnn,CNN,TP,58,Fwd Blk Rate Avg,8,0.0,0.0,0.0,0.0,0,0.0,0.0,1.0,75
cnn,CNN,TP,59,Bwd Byts/b Avg,8,0.0,0.0,0.0,0.0,0,0.0,0.0,1.0,76
cnn,CNN,TP,60,Bwd Pkts/b Avg,8,0.0,0.0,0.0,0.0,0,0.0,0.0,1.0,77
cnn,CNN,TP,61,Bwd Blk Rate Avg,8,0.0,0.0,0.0,0.0,0,0.0,0.0,1.0,78
mlp,MLP,FN,7,Fwd Pkt Len Max,8,1.0645425972166118,1.0645425972166118,1.119697330120501,2.080404151185629,7,0.875,1.0,0.703125,1
mlp,MLP,FN,66,Init Fwd Win Byts,8,0.26835926990587466,0.6195838913974894,0.5217750452881635,1.404898485966459,7,0.875,0.875,0.58984375,2
mlp,MLP,FN,46,RST Flag Cnt,8,0.03390097097673511,0.491582693935117,0.3932084933067749,1.0948502856904943,5,0.625,0.375,0.625,3
mlp,MLP,FN,51,ECE Flag Cnt,8,0.02814469153432761,0.4883931885793582,0.31684680145793465,1.110200471470048,7,0.875,0.25,0.625,4
mlp,MLP,FN,47,PSH Flag Cnt,8,0.2097394837973315,0.47572873716792324,0.6344104052854275,0.7248875412908605,6,0.75,0.5,0.62109375,5
mlp,MLP,FN,40,Pkt Len Max,8,0.41801650590073774,0.45551765164604197,0.45941957073279455,0.7885006076194719,6,0.75,0.75,0.734375,6
mlp,MLP,FN,14,Bwd Pkt Len Std,8,-0.3479385749631974,0.388027056645599,0.32693540451612857,1.00453388204023,5,0.625,0.125,0.54296875,7
mlp,MLP,FN,67,Init Bwd Win Byts,8,0.32348142880060404,0.32618166168843243,0.08808862036948413,1.7972476151177412,2,0.25,0.875,0.53515625,8
mlp,MLP,FN,41,Pkt Len Mean,8,0.25887455243368696,0.2728736577466125,0.21453602024998691,0.5931461840609794,3,0.375,0.875,0.69921875,9
mlp,MLP,FN,11,Bwd Pkt Len Max,8,0.20223569918235174,0.2500915276080768,0.271862392569328,0.37356702718247453,6,0.75,0.875,0.66015625,10
mlp,MLP,FN,54,Fwd Seg Size Avg,8,-0.20477352939786744,0.2409834509062893,0.16019864087349944,0.8075404099222009,2,0.25,0.125,0.61328125,11
mlp,MLP,FN,12,Bwd Pkt Len Min,8,0.14481339922616052,0.22782159127581728,0.030259437240445518,0.7649400156866906,2,0.25,0.25,0.89453125,12
mlp,MLP,FN,10,Fwd Pkt Len Std,8,0.02313527613302168,0.22022187748614686,0.15681085499977543,0.7798633158279682,2,0.25,0.625,0.54296875,13
mlp,MLP,FN,74,Idle Mean,8,-0.21462891238559492,0.21462891238559492,0.224299074725333,0.3501182627676973,1,0.125,0.0,0.74609375,14
mlp,MLP,FN,43,Pkt Len Var,8,-0.19484421727320694,0.20470942440845402,0.2185845443104577,0.3332827934578501,0,0.0,0.125,0.72265625,15
mlp,MLP,FN,1,Protocol,8,-0.03320678409452944,0.18433165025424778,0.06801347429399546,0.46852808429545184,3,0.375,0.375,0.74609375,16
mlp,MLP,FN,20,Flow IAT Min,8,0.18325054934609464,0.18325054934609464,0.16116220659732775,0.3723194888053843,2,0.25,1.0,0.6328125,17
mlp,MLP,FN,19,Flow IAT Max,8,0.18114136870367392,0.18114136870367392,0.2002301443761036,0.28500223533344293,3,0.375,1.0,0.6953125,18
mlp,MLP,FN,0,Dst Port,8,0.16231704381524406,0.17811681170747565,0.11825504201423531,0.4841990966731652,2,0.25,0.75,0.55859375,19
mlp,MLP,FN,24,Fwd IAT Max,8,0.17099614546457167,0.17099614546457167,0.17734917743902712,0.3194493482056,1,0.125,1.0,0.65625,20
mlp,MLP,FN,2,Flow Duration,8,0.13526120073753856,0.17010270225374347,0.18197029632804582,0.30584895452969485,1,0.125,0.875,0.73828125,21
mlp,MLP,FN,17,Flow IAT Mean,8,0.1558120972672916,0.1558120972672916,0.1472857440657831,0.25263341535408435,0,0.0,1.0,0.76953125,22
mlp,MLP,FN,9,Fwd Pkt Len Mean,8,0.04434468155888726,0.14221985121161582,0.1419221641001266,0.32690201315658324,1,0.125,0.625,0.65234375,23
mlp,MLP,FN,13,Bwd Pkt Len Mean,8,0.05708880252826742,0.1248561160808028,0.11650326604335011,0.19370355787551136,0,0.0,0.625,0.625,24
mlp,MLP,FN,52,Down/Up Ratio,8,0.07908226259363875,0.1215272820334016,0.11045839826080095,0.25168678226361674,1,0.125,0.75,0.5859375,25
mlp,MLP,FN,69,Fwd Seg Size Min,8,0.05974791805404344,0.11593038733134357,0.07482841056724583,0.4711398950611578,1,0.125,0.625,0.671875,26
mlp,MLP,FN,21,Fwd IAT Tot,8,0.08303795106009734,0.10571228030670163,0.02623696678951852,0.6621602561918198,1,0.125,0.75,0.64453125,27
mlp,MLP,FN,77,Idle Min,8,-0.1054799763768514,0.1054799763768514,0.10003798388451415,0.24348245760685477,0,0.0,0.0,0.72265625,28
mlp,MLP,FN,42,Pkt Len Std,8,0.05252240485991379,0.10458725683548697,0.10290488776165585,0.20774095850664134,0,0.0,0.5,0.58203125,29
mlp,MLP,FN,23,Fwd IAT Std,8,-0.017486852881796897,0.10066393329437623,0.11388413448622504,0.1754331659213315,1,0.125,0.375,0.734375,30
mlp,MLP,FN,53,Pkt Size Avg,8,0.043163179338889496,0.09495643824998194,0.07135547146858454,0.3267172884282397,0,0.0,0.625,0.5703125,31
mlp,MLP,FN,26,Bwd IAT Tot,8,0.02436524805530703,0.08803717948239675,0.026658651470466484,0.4010348690038904,1,0.125,0.375,0.59375,32
mlp,MLP,FN,18,Flow IAT Std,8,0.073644549330768,0.08550669000682687,0.08473368818108844,0.145167055015354,0,0.0,0.75,0.65625,33
mlp,MLP,FN,27,Bwd IAT Mean,8,0.02777672214472001,0.08418836901099852,0.04536372058635875,0.28904421298310284,1,0.125,0.25,0.7109375,34
mlp,MLP,FN,48,ACK Flag Cnt,8,-0.03660364003176582,0.08122159407900924,0.054631836043179026,0.23234303023466404,0,0.0,0.375,0.73828125,35
mlp,MLP,FN,55,Bwd Seg Size Avg,8,-0.023722739807297017,0.06324925024823337,0.02803001850096442,0.23785823321091412,0,0.0,0.625,0.609375,36
mlp,MLP,FN,25,Fwd IAT Min,8,0.057619561450025066,0.057619561450025066,0.06094117518031003,0.09367884687554583,0,0.0,1.0,0.671875,37
mlp,MLP,FN,29,Bwd IAT Max,8,-0.0515827962622164,0.055542501837147734,0.05093291013093517,0.11551664253696714,0,0.0,0.25,0.609375,38
mlp,MLP,FN,76,Idle Max,8,-0.03406343526822743,0.03977429788850782,0.023813410608376606,0.16301204672981842,0,0.0,0.125,0.75,39
mlp,MLP,FN,8,Fwd Pkt Len Min,8,-0.021895247805097086,0.032353789264399524,0.012904537795992405,0.10985101260623414,0,0.0,0.625,0.8515625,40
mlp,MLP,FN,22,Fwd IAT Mean,8,0.02535526381828518,0.03119021262662636,0.02371965332110902,0.06438577989568532,0,0.0,0.875,0.76171875,41
mlp,MLP,FN,39,Pkt Len Min,8,0.01992658747876094,0.028947973848723666,0.004392726652921715,0.12362484538473877,0,0.0,0.625,0.79296875,42
mlp,MLP,FN,28,Bwd IAT Std,8,0.007029173571072505,0.02622004852693596,0.015590029230005183,0.0687835675951914,0,0.0,0.75,0.56640625,43
mlp,MLP,FN,16,Flow Pkts/s,8,-0.009401058771957358,0.01733605867534578,0.0028466161411254735,0.09691503868122811,0,0.0,0.625,0.6484375,44
mlp,MLP,FN,15,Flow Byts/s,8,0.01504492527853432,0.01504492527853432,0.015592914376778944,0.024925585052712734,0,0.0,1.0,0.6484375,45
mlp,MLP,FN,37,Fwd Pkts/s,8,-0.004427745948269422,0.01466856324722133,0.006630016133384514,0.06657194154024453,0,0.0,0.625,0.6796875,46
mlp,MLP,FN,38,Bwd Pkts/s,8,-0.00689982067767482,0.008802200978995261,0.008606179427499954,0.01243100286211849,0,0.0,0.125,0.69921875,47
mlp,MLP,FN,72,Active Max,8,-0.007846338588969114,0.008070290893673797,0.006656281602851837,0.022500810444587023,0,0.0,0.125,0.875,48
mlp,MLP,FN,71,Active Std,8,0.00751863652108013,0.00751863652108013,0.007631853828879846,0.009922742621662916,0,0.0,1.0,0.828125,49
mlp,MLP,FN,45,SYN Flag Cnt,8,0.005558024404415376,0.006538579522772468,0.005109311147854904,0.021755664650450108,0,0.0,0.75,0.96875,50
mlp,MLP,FN,4,Tot Bwd Pkts,8,0.0025979014324079962,0.006199495037541473,0.006467024335511606,0.01297633835550602,0,0.0,0.75,0.62109375,51
mlp,MLP,FN,31,Fwd PSH Flags,8,-0.004727482967316495,0.00608675380970603,0.0055570485514964876,0.017836618973002823,0,0.0,0.125,0.96875,52
mlp,MLP,FN,30,Bwd IAT Min,8,0.003744761460233331,0.003760606715011572,0.0017575276140827,0.018769082071000184,0,0.0,0.875,0.55859375,53
mlp,MLP,FN,36,Bwd Header Len,8,0.001888935865219001,0.0034624027155604796,0.0030012006282266477,0.007319361643278144,0,0.0,0.625,0.59765625,54
mlp,MLP,FN,64,Subflow Bwd Pkts,8,-0.0006281871077824563,0.001485174404461382,0.0009101138505887057,0.006420266186862949,0,0.0,0.625,0.59375,55
mlp,MLP,FN,6,TotLen Bwd Pkts,8,-0.0011094065003491127,0.0011137601618901832,0.000782554544904068,0.004426263364298489,0,0.0,0.125,0.54296875,56
mlp,MLP,FN,70,Active Mean,8,0.0008660516959640986,0.0008938142193766162,0.0008125960181761475,0.0016089460521455522,0,0.0,0.875,0.8515625,57
mlp,MLP,FN,65,Subflow Bwd Byts,8,-0.00054607965097161,0.0006657511459975417,0.000382242175706679,0.0015384928974469466,0,0.0,0.25,0.625,58
mlp,MLP,FN,75,Idle Std,8,-0.0003507299130898205,0.0006061256705275152,0.0004798248028992159,0.0012280243056608281,0,0.0,0.375,0.84765625,59
mlp,MLP,FN,5,TotLen Fwd Pkts,8,-0.0003576600380376053,0.0005428836759587414,0.0005874360291707411,0.0008191564298172932,0,0.0,0.125,0.63671875,60
mlp,MLP,FN,63,Subflow Fwd Byts,8,0.000293719238688422,0.0005131104555337355,0.0006570835289256478,0.0008038481485421156,0,0.0,0.75,0.67578125,61
mlp,MLP,FN,62,Subflow Fwd Pkts,8,0.0001613361843834716,0.0002635265484345379,0.0002399826970681025,0.0006472610900370272,0,0.0,0.75,0.69140625,62
mlp,MLP,FN,35,Fwd Header Len,8,0.00011905558179724289,0.0002588827288509473,0.0002624134126701286,0.00041404732033836197,0,0.0,0.75,0.66015625,63
mlp,MLP,FN,73,Active Min,8,-0.00019122014077098499,0.00019122014077098499,0.00016443269604862239,0.00040987125361384365,0,0.0,0.0,0.8515625,64
mlp,MLP,FN,3,Tot Fwd Pkts,8,-7.129682321208882e-05,0.0001223633600921017,0.00013355507782843265,0.0002747933259385273,0,0.0,0.25,0.65234375,65
mlp,MLP,FN,68,Fwd Act Data Pkts,8,2.5779930049606375e-05,4.0846820363383854e-05,3.5218100568337594e-05,7.858214489126446e-05,0,0.0,0.625,0.5859375,66
mlp,MLP,FN,32,Bwd PSH Flags,8,0.0,0.0,0.0,0.0,0,0.0,0.0,1.0,67
mlp,MLP,FN,33,Fwd URG Flags,8,0.0,0.0,0.0,0.0,0,0.0,0.0,1.0,68
mlp,MLP,FN,34,Bwd URG Flags,8,0.0,0.0,0.0,0.0,0,0.0,0.0,1.0,69
mlp,MLP,FN,44,FIN Flag Cnt,8,0.0,0.0,0.0,0.0,0,0.0,0.0,1.0,70
mlp,MLP,FN,49,URG Flag Cnt,8,0.0,0.0,0.0,0.0,0,0.0,0.0,1.0,71
mlp,MLP,FN,50,CWE Flag Count,8,0.0,0.0,0.0,0.0,0,0.0,0.0,1.0,72
mlp,MLP,FN,56,Fwd Byts/b Avg,8,0.0,0.0,0.0,0.0,0,0.0,0.0,1.0,73
mlp,MLP,FN,57,Fwd Pkts/b Avg,8,0.0,0.0,0.0,0.0,0,0.0,0.0,1.0,74
mlp,MLP,FN,58,Fwd Blk Rate Avg,8,0.0,0.0,0.0,0.0,0,0.0,0.0,1.0,75
mlp,MLP,FN,59,Bwd Byts/b Avg,8,0.0,0.0,0.0,0.0,0,0.0,0.0,1.0,76
mlp,MLP,FN,60,Bwd Pkts/b Avg,8,0.0,0.0,0.0,0.0,0,0.0,0.0,1.0,77
mlp,MLP,FN,61,Bwd Blk Rate Avg,8,0.0,0.0,0.0,0.0,0,0.0,0.0,1.0,78
mlp,MLP,FP,69,Fwd Seg Size Min,8,1.8763081031321782,1.8763081031321782,1.0528320536617453,7.739997854930512,7,0.875,1.0,0.8828125,1
mlp,MLP,FP,7,Fwd Pkt Len Max,8,1.7169510675556385,1.7169510675556385,2.2167222405199585,2.974674289787125,8,1.0,1.0,0.75,2
mlp,MLP,FP,14,Bwd Pkt Len Std,8,-1.1426738980990363,1.1426738980990363,0.9575121631246347,2.524055705302246,8,1.0,0.0,0.61328125,3
mlp,MLP,FP,66,Init Fwd Win Byts,8,1.064744647692938,1.076845582137154,1.2225939052749748,2.2730552978214016,7,0.875,0.875,0.625,4
mlp,MLP,FP,54,Fwd Seg Size Avg,8,-0.9493092347796142,0.9493092347796142,0.920999010977355,2.2469916032872135,5,0.625,0.0,0.68359375,5
mlp,MLP,FP,10,Fwd Pkt Len Std,8,-0.7994967525701251,0.7994967525701251,0.7338738872130088,2.1207768633632056,4,0.5,0.0,0.6015625,6
mlp,MLP,FP,40,Pkt Len Max,8,0.7816084396763517,0.7816084396763517,0.819614689300291,1.4957464259956867,5,0.625,1.0,0.71875,7
mlp,MLP,FP,33,Fwd URG Flags,8,0.7811632612109793,0.7811632612109793,0.0,3.1768823221213043,2,0.25,0.25,1.0,8
mlp,MLP,FP,0,Dst Port,8,0.4611229650172042,0.7625810661454913,0.4325948462237046,2.4654874650041254,3,0.375,0.625,0.5859375,9
mlp,MLP,FP,11,Bwd Pkt Len Max,8,0.7620660216087909,0.7620660216087909,0.7229996443673614,1.5544091543657328,4,0.5,1.0,0.7265625,10
mlp,MLP,FP,51,ECE Flag Cnt,8,-0.3995146251382441,0.688194720604515,0.5830394751088381,1.4681742973150276,4,0.5,0.125,0.625,11
mlp,MLP,FP,41,Pkt Len Mean,8,0.6535258383263737,0.6535258383263737,0.66302318634395,1.6012625249177572,2,0.25,1.0,0.71875,12
mlp,MLP,FP,67,Init Bwd Win Byts,8,0.6033124776887473,0.6033124776887473,0.4829172246009999,1.7367401848349011,2,0.25,1.0,0.54296875,13
mlp,MLP,FP,50,CWE Flag Count,8,0.5747503057045822,0.5747503057045822,0.0,2.311055784888728,2,0.25,0.25,0.9921875,14
mlp,MLP,FP,47,PSH Flag Cnt,8,-0.1769573393318751,0.5695244008923784,0.1471340370237133,1.747412483378629,3,0.375,0.25,0.61328125,15
mlp,MLP,FP,48,ACK Flag Cnt,8,0.4462838101307303,0.4813634653981752,0.2239425054097673,2.4562618841958224,1,0.125,0.625,0.77734375,16
mlp,MLP,FP,52,Down/Up Ratio,8,0.417159697228441,0.46581155975149524,0.156131073391446,1.756521385506369,2,0.25,0.875,0.7109375,17
mlp,MLP,FP,42,Pkt Len Std,8,0.4274808098691206,0.4274808098691206,0.2667733854092933,1.4590018125887922,0,0.0,1.0,0.6171875,18
mlp,MLP,FP,46,RST Flag Cnt,8,-0.2212356314585199,0.42520792294180426,0.381741135345886,0.94438157250279,2,0.25,0.125,0.6171875,19
mlp,MLP,FP,43,Pkt Len Var,8,-0.33789684715724944,0.33789684715724944,0.33393845449947956,0.5739516449896769,0,0.0,0.0,0.77734375,20
mlp,MLP,FP,53,Pkt Size Avg,8,0.2673549246400314,0.2699562097218494,0.21851750341464932,1.0538877059165497,0,0.0,0.875,0.546875,21
mlp,MLP,FP,24,Fwd IAT Max,8,0.2637626139735639,0.2637626139735639,0.22180765036879402,0.6938318714061505,0,0.0,1.0,0.72265625,22
mlp,MLP,FP,20,Flow IAT Min,8,0.24059753214434493,0.24059753214434493,0.21213745969834208,0.5638990642531103,0,0.0,1.0,0.66015625,23
mlp,MLP,FP,9,Fwd Pkt Len Mean,8,0.16001879863936433,0.23057257321890248,0.11638724459077664,0.8895503837543862,0,0.0,0.375,0.65625,24
mlp,MLP,FP,74,Idle Mean,8,-0.2146327611580958,0.2146327611580958,0.08038373728449788,0.5448531988874867,0,0.0,0.0,0.73828125,25
mlp,MLP,FP,28,Bwd IAT Std,8,-0.029712579871101617,0.21079761576124842,0.09521622100223356,0.5957626010096528,0,0.0,0.375,0.57421875,26
mlp,MLP,FP,27,Bwd IAT Mean,8,0.08698467206357,0.18972879675773316,0.0962880955371521,0.5687518353714459,1,0.125,0.375,0.77734375,27
mlp,MLP,FP,17,Flow IAT Mean,8,0.16193888328772696,0.16193888328772696,0.19784172604067873,0.2762285075758775,2,0.25,1.0,0.765625,28
mlp,MLP,FP,19,Flow IAT Max,8,0.14662725268143,0.14662725268143,0.060592178646912014,0.37597721361790903,0,0.0,1.0,0.71875,29
mlp,MLP,FP,18,Flow IAT Std,8,-0.026192774943006432,0.14550186686236313,0.08964090664808261,0.3341764400711329,0,0.0,0.625,0.6953125,30
mlp,MLP,FP,2,Flow Duration,8,0.12643349444145857,0.1398492342847801,0.07327937692727626,0.5464762710250018,0,0.0,0.875,0.66796875,31
mlp,MLP,FP,13,Bwd Pkt Len Mean,8,0.06419432246609308,0.13937368446386078,0.08875381411538663,0.5123606046015801,0,0.0,0.625,0.578125,32
mlp,MLP,FP,55,Bwd Seg Size Avg,8,-0.10006305158308634,0.12931082461079074,0.11441778622656054,0.3424897148007312,0,0.0,0.125,0.60546875,33
mlp,MLP,FP,12,Bwd Pkt Len Min,8,-0.10583182524202603,0.10831267682624444,0.047833875822574576,0.2846769968280902,0,0.0,0.375,0.875,34
mlp,MLP,FP,77,Idle Min,8,-0.10267794460393488,0.10267794460393488,0.07358727457844015,0.2664571105251894,0,0.0,0.0,0.74609375,35
mlp,MLP,FP,23,Fwd IAT Std,8,-0.012247746263941914,0.10119513972840921,0.0967277252862643,0.24775915790168646,0,0.0,0.375,0.65625,36
mlp,MLP,FP,75,Idle Std,8,0.09037966022796283,0.09443501704485367,0.004340140774723316,0.7346311105839874,1,0.125,0.25,0.84375,37
mlp,MLP,FP,26,Bwd IAT Tot,8,0.04656688161602801,0.08627962923264984,0.018338934916144835,0.3385556861281614,0,0.0,0.375,0.60546875,38
mlp,MLP,FP,22,Fwd IAT Mean,8,-0.00580007949483273,0.0807055200584631,0.045154153755122266,0.3460223982131833,0,0.0,0.875,0.70703125,39
mlp,MLP,FP,76,Idle Max,8,0.008385568758954246,0.07237748834103044,0.09360768060839432,0.127862854681367,0,0.0,0.375,0.75390625,40
mlp,MLP,FP,29,Bwd IAT Max,8,-0.023051487594001094,0.06780935627924761,0.06572126495252252,0.13590763490982066,0,0.0,0.375,0.65234375,41
mlp,MLP,FP,45,SYN Flag Cnt,8,0.06440446808656741,0.06440446808656741,0.05190189438288708,0.1925557776811071,2,0.25,1.0,0.875,42
mlp,MLP,FP,31,Fwd PSH Flags,8,0.02162102840077508,0.059815805501300494,0.047988842368182495,0.12431101029651245,2,0.25,0.625,0.8828125,43
mlp,MLP,FP,21,Fwd IAT Tot,8,-0.037248285580209275,0.05916821642414863,0.03705120898675988,0.23511354547581317,0,0.0,0.5,0.71484375,44
mlp,MLP,FP,8,Fwd Pkt Len Min,8,-0.030278019987088563,0.05906744601692198,0.025555577345841924,0.2045042754046968,0,0.0,0.625,0.875,45
mlp,MLP,FP,70,Active Mean,8,0.05742315804699885,0.05742315804699885,0.0009651034313417617,0.22874961729712986,0,0.0,1.0,0.8359375,46
mlp,MLP,FP,25,Fwd IAT Min,8,0.0060893749638388645,0.057300430132310454,0.052238767852989684,0.15671067049105544,0,0.0,0.625,0.7109375,47
mlp,MLP,FP,16,Flow Pkts/s,8,-0.049161881150384466,0.05680991984142283,0.005667487379546454,0.411943838536556,0,0.0,0.375,0.70703125,48
mlp,MLP,FP,1,Protocol,8,0.04396905580844126,0.05462313687083511,0.03965979529832289,0.17646166844722389,0,0.0,0.625,0.84375,49
mlp,MLP,FP,37,Fwd Pkts/s,8,-0.018406964855602295,0.04982405695527107,0.019411687583695235,0.27188813406693996,0,0.0,0.625,0.796875,50
mlp,MLP,FP,72,Active Max,8,0.01822780976248011,0.04045229741752552,0.0018781800223682363,0.23284705821335253,0,0.0,0.375,0.8515625,51
mlp,MLP,FP,39,Pkt Len Min,8,-0.008060347582531973,0.03177882996099998,0.04461320981147657,0.05496732250743042,0,0.0,0.5,0.875,52
mlp,MLP,FP,73,Active Min,8,-0.013238682487098998,0.020476265681054918,0.00015575693913286694,0.13448856679973464,0,0.0,0.375,0.8046875,53
mlp,MLP,FP,38,Bwd Pkts/s,8,-0.02026121678191492,0.02026121678191492,0.01947695133430202,0.035771044561869816,0,0.0,0.0,0.75390625,54
mlp,MLP,FP,36,Bwd Header Len,8,0.012996193443455891,0.02015101726400289,0.014459785892469247,0.05688634465506909,0,0.0,0.625,0.6796875,55
mlp,MLP,FP,15,Flow Byts/s,8,0.014879684812663179,0.014879684812663179,0.016433567154010453,0.025270715591360633,0,0.0,1.0,0.67578125,56
mlp,MLP,FP,49,URG Flag Cnt,8,0.011313581587137488,0.011313581587137488,0.0,0.05273370502099203,1,0.125,0.25,0.9296875,57
mlp,MLP,FP,30,Bwd IAT Min,8,0.008641641920763542,0.010195547142964577,0.006027013581651539,0.050738240527148384,0,0.0,0.75,0.59765625,58
mlp,MLP,FP,4,Tot Bwd Pkts,8,0.00906313184375185,0.009726017671079598,0.008108763489314202,0.024753026503674568,0,0.0,0.875,0.609375,59
mlp,MLP,FP,64,Subflow Bwd Pkts,8,-0.0007860230295496651,0.009215060195651794,0.0018153647249710763,0.03201594951975331,0,0.0,0.25,0.6484375,60
mlp,MLP,FP,71,Active Std,8,0.006945182731959331,0.006945182731959331,0.00546725451416621,0.019627620159181045,0,0.0,1.0,0.875,61
mlp,MLP,FP,6,TotLen Bwd Pkts,8,-0.003324535225406945,0.003324535225406945,0.002380380713676778,0.009713687003299568,0,0.0,0.0,0.58203125,62
mlp,MLP,FP,65,Subflow Bwd Byts,8,-0.0014497376022478106,0.0016081910736657835,0.0016077454054486797,0.003456748501426702,0,0.0,0.25,0.6796875,63
mlp,MLP,FP,5,TotLen Fwd Pkts,8,-0.0015340873761484379,0.0015892472150548778,0.0004665470847186855,0.006294104146335019,0,0.0,0.375,0.609375,64
mlp,MLP,FP,63,Subflow Fwd Byts,8,0.00031139395534619086,0.0006306949257832311,0.00029833421293317617,0.0019024904420134783,0,0.0,0.625,0.5546875,65
mlp,MLP,FP,3,Tot Fwd Pkts,8,-0.0003484432826764499,0.0003484432826764499,0.00043402500270575065,0.0006912680011628859,0,0.0,0.0,0.71875,66
mlp,MLP,FP,35,Fwd Header Len,8,5.47710020679398e-05,0.0001157830149825082,9.925329654550112e-05,0.0001931722702107014,0,0.0,0.75,0.609375,67
mlp,MLP,FP,62,Subflow Fwd Pkts,8,4.006303281697757e-05,7.798459107837e-05,7.463536660081117e-05,0.00020535061505001594,0,0.0,0.75,0.5625,68
mlp,MLP,FP,68,Fwd Act Data Pkts,8,2.3020855061003566e-06,4.811408072131195e-05,1.6923909701879327e-05,0.00012640755670546437,0,0.0,0.375,0.59375,69
mlp,MLP,FP,32,Bwd PSH Flags,8,0.0,0.0,0.0,0.0,0,0.0,0.0,1.0,70
mlp,MLP,FP,34,Bwd URG Flags,8,0.0,0.0,0.0,0.0,0,0.0,0.0,1.0,71
mlp,MLP,FP,44,FIN Flag Cnt,8,0.0,0.0,0.0,0.0,0,0.0,0.0,1.0,72
mlp,MLP,FP,56,Fwd Byts/b Avg,8,0.0,0.0,0.0,0.0,0,0.0,0.0,1.0,73
mlp,MLP,FP,57,Fwd Pkts/b Avg,8,0.0,0.0,0.0,0.0,0,0.0,0.0,1.0,74
mlp,MLP,FP,58,Fwd Blk Rate Avg,8,0.0,0.0,0.0,0.0,0,0.0,0.0,1.0,75
mlp,MLP,FP,59,Bwd Byts/b Avg,8,0.0,0.0,0.0,0.0,0,0.0,0.0,1.0,76
mlp,MLP,FP,60,Bwd Pkts/b Avg,8,0.0,0.0,0.0,0.0,0,0.0,0.0,1.0,77
mlp,MLP,FP,61,Bwd Blk Rate Avg,8,0.0,0.0,0.0,0.0,0,0.0,0.0,1.0,78
mlp,MLP,TN,7,Fwd Pkt Len Max,8,0.5605127828194573,1.2724034797248214,1.2898602197005276,2.3740966573662114,7,0.875,0.75,0.703125,1
mlp,MLP,TN,23,Fwd IAT Std,8,0.9058237211535639,1.0571148512456008,0.09014865432057573,7.821890274191227,1,0.125,0.25,0.66796875,2
mlp,MLP,TN,19,Flow IAT Max,8,-0.4860437591473166,0.8786223925433223,0.2585763236428177,5.4586646067625555,3,0.375,0.875,0.73828125,3
mlp,MLP,TN,24,Fwd IAT Max,8,-0.24925574596443442,0.6519008088986138,0.22983620720837178,3.604626219452193,1,0.125,0.875,0.73828125,4
mlp,MLP,TN,51,ECE Flag Cnt,8,-0.6075368365988492,0.6075368365988492,0.3534649099169609,1.7589288148862767,7,0.875,0.0,0.625,5
mlp,MLP,TN,40,Pkt Len Max,8,0.08634715463943388,0.5842764014928701,0.557060335050192,1.2107196393088149,7,0.875,0.75,0.70703125,6
mlp,MLP,TN,46,RST Flag Cnt,8,-0.5526498167062577,0.5526498167062577,0.3562019234934616,1.6907296917775838,4,0.5,0.0,0.625,7
mlp,MLP,TN,66,Init Fwd Win Byts,8,0.5476042484950878,0.5476042484950878,0.43129666962165525,1.5011763701998584,5,0.625,1.0,0.51171875,8
mlp,MLP,TN,47,PSH Flag Cnt,8,0.10392336271663824,0.49762334985370493,0.5277691989564466,0.729353041784999,6,0.75,0.5,0.609375,9
mlp,MLP,TN,11,Bwd Pkt Len Max,8,0.028300517250159585,0.4279155272584302,0.3510064264258036,1.0983724424531665,6,0.75,0.625,0.70703125,10
mlp,MLP,TN,2,Flow Duration,8,-0.15091063724834183,0.42298064776428856,0.2179028671280071,2.2936860993394057,1,0.125,0.75,0.703125,11
mlp,MLP,TN,18,Flow IAT Std,8,-0.23006819934755862,0.40155489978239345,0.14799650447144652,2.1390770064971796,1,0.125,0.625,0.7109375,12
mlp,MLP,TN,14,Bwd Pkt Len Std,8,-0.16285903897559317,0.3979246400930226,0.292964564125909,0.9557071570471368,4,0.5,0.25,0.60546875,13
mlp,MLP,TN,0,Dst Port,8,0.033856703838258326,0.3927494288411401,0.36953688239760274,0.8354550652635729,5,0.625,0.625,0.58203125,14
mlp,MLP,TN,41,Pkt Len Mean,8,0.04804887859205054,0.36363887580848997,0.27753244526236825,0.9175692527273273,3,0.375,0.75,0.6875,15
mlp,MLP,TN,43,Pkt Len Var,8,0.003253838683782817,0.3610438246078091,0.23679088918429414,1.2347611178484938,1,0.125,0.25,0.734375,16
mlp,MLP,TN,54,Fwd Seg Size Avg,8,-0.15872784681541965,0.335374814467563,0.28431074768548614,0.648817410926891,4,0.5,0.25,0.66796875,17
mlp,MLP,TN,52,Down/Up Ratio,8,0.24577642835221342,0.3238447806996353,0.11789997436194108,1.7366424959432754,1,0.125,0.625,0.65625,18
mlp,MLP,TN,67,Init Bwd Win Byts,8,-0.19781407218644198,0.3221211338498117,0.22197434445492198,1.0627882334958754,2,0.25,0.625,0.48828125,19
mlp,MLP,TN,12,Bwd Pkt Len Min,8,0.12491248482869369,0.32097337617582467,0.19169036841957926,1.071945828305779,2,0.25,0.375,0.8671875,20
mlp,MLP,TN,74,Idle Mean,8,-0.26695633369329774,0.26695633369329774,0.22693725351502447,0.5076305800485659,2,0.25,0.0,0.765625,21
mlp,MLP,TN,42,Pkt Len Std,8,-0.05888500815067434,0.24843411248400984,0.19730725850037967,0.6986591247187395,0,0.0,0.5,0.6484375,22
mlp,MLP,TN,10,Fwd Pkt Len Std,8,-0.06688912363544036,0.21113345572792364,0.18143339981335366,0.3838960660430026,2,0.25,0.375,0.56640625,23
mlp,MLP,TN,9,Fwd Pkt Len Mean,8,-0.007012967838394829,0.20601370682946316,0.16412313404463819,0.4432502928918157,0,0.0,0.375,0.6796875,24
mlp,MLP,TN,20,Flow IAT Min,8,0.19411613438789427,0.19411613438789427,0.19768897265183905,0.24882552678934639,0,0.0,1.0,0.7890625,25
mlp,MLP,TN,48,ACK Flag Cnt,8,-0.006777290450857294,0.17057843036088188,0.10372365491668258,0.4528334077671138,0,0.0,0.5,0.703125,26
mlp,MLP,TN,69,Fwd Seg Size Min,8,0.06478691602118826,0.1651084611080263,0.13156119377425524,0.4815618458782006,2,0.25,0.625,0.703125,27
mlp,MLP,TN,13,Bwd Pkt Len Mean,8,0.03724546322142359,0.16397887198955907,0.12697413728319118,0.4566837301329049,1,0.125,0.625,0.6328125,28
mlp,MLP,TN,1,Protocol,8,-0.06699779009013868,0.12825023084558765,0.06823974364638755,0.40863216227594784,1,0.125,0.25,0.75390625,29
mlp,MLP,TN,77,Idle Min,8,-0.12120304475565391,0.12120304475565391,0.11047633997667936,0.24019959161434917,0,0.0,0.0,0.765625,30
mlp,MLP,TN,26,Bwd IAT Tot,8,-0.11541145558261375,0.11541145558261375,0.06730753638000529,0.42466016203604134,1,0.125,0.0,0.5625,31
mlp,MLP,TN,17,Flow IAT Mean,8,0.1018836970198546,0.10757257487050904,0.11120647929939492,0.20398815551342614,0,0.0,0.875,0.76171875,32
mlp,MLP,TN,21,Fwd IAT Tot,8,0.005122462463578642,0.09572301233835387,0.046805500024328914,0.3682096733102229,0,0.0,0.375,0.65625,33
mlp,MLP,TN,29,Bwd IAT Max,8,-0.08601014355577973,0.08601014355577973,0.09099245817533175,0.12169858033764668,0,0.0,0.0,0.5703125,34
mlp,MLP,TN,53,Pkt Size Avg,8,-0.011195727984508717,0.08443498920024389,0.06568757263814913,0.22398932914779404,0,0.0,0.25,0.58984375,35
mlp,MLP,TN,55,Bwd Seg Size Avg,8,0.03441760112265609,0.07300388373612053,0.04342239105954287,0.2213609423240454,0,0.0,0.75,0.58203125,36
mlp,MLP,TN,25,Fwd IAT Min,8,0.06827872327218013,0.06827872327218013,0.07764266035450408,0.09552672420563947,0,0.0,1.0,0.68359375,37
mlp,MLP,TN,28,Bwd IAT Std,8,-0.028278292514766934,0.0666352854891784,0.05302029845232564,0.20649113845912334,0,0.0,0.5,0.54296875,38
mlp,MLP,TN,22,Fwd IAT Mean,8,0.029568557459094993,0.059022913294410465,0.034761292932154304,0.1485963035396377,0,0.0,0.75,0.765625,39
mlp,MLP,TN,39,Pkt Len Min,8,0.0020075958188848957,0.05555147530604397,0.03667982360362719,0.16772785421988842,0,0.0,0.5,0.78125,40
mlp,MLP,TN,27,Bwd IAT Mean,8,-0.0333790453060972,0.046442895223534314,0.046963651452891005,0.06368107411010421,0,0.0,0.125,0.66796875,41
mlp,MLP,TN,31,Fwd PSH Flags,8,-0.045459636900856,0.045459636900856,0.01629423568093539,0.13062234570161024,0,0.0,0.0,0.96875,42
mlp,MLP,TN,8,Fwd Pkt Len Min,8,-0.0075631115146070635,0.04340760176919777,0.03297405975817237,0.103504540510611,0,0.0,0.75,0.84765625,43
mlp,MLP,TN,76,Idle Max,8,-0.021046095397158873,0.04223345101642155,0.04937096766698412,0.07723476999240662,0,0.0,0.25,0.7578125,44
mlp,MLP,TN,70,Active Mean,8,0.03005906187994562,0.03017858784761474,0.0010257660558903629,0.2350493223815763,0,0.0,0.875,0.859375,45
mlp,MLP,TN,15,Flow Byts/s,8,0.0025814041527312498,0.028587768499892672,0.019834827488893515,0.10402545738864569,0,0.0,0.875,0.6796875,46
mlp,MLP,TN,45,SYN Flag Cnt,8,-0.012443044883859736,0.022251577139117355,0.015573233209266457,0.07096592342462144,0,0.0,0.5,0.96875,47
mlp,MLP,TN,72,Active Max,8,-0.0210937353384444,0.0210937353384444,0.009620337832720472,0.07997722791817169,0,0.0,0.0,0.84765625,48
mlp,MLP,TN,38,Bwd Pkts/s,8,-0.01152263316580816,0.01152263316580816,0.010680310334476412,0.01851469808830219,0,0.0,0.0,0.6328125,49
mlp,MLP,TN,37,Fwd Pkts/s,8,0.008949711613932411,0.010335119960903454,0.004055096326703733,0.03552135256917973,0,0.0,0.75,0.71875,50
mlp,MLP,TN,71,Active Std,8,0.009410796359323749,0.009590608087858173,0.0070490763177057806,0.02468274446993913,0,0.0,0.875,0.875,51
mlp,MLP,TN,16,Flow Pkts/s,8,0.007548119271469452,0.00884191834937614,0.003366792125560479,0.02832641872313866,0,0.0,0.75,0.63671875,52
mlp,MLP,TN,4,Tot Bwd Pkts,8,0.004054492963687707,0.005568658857190845,0.005326776987169619,0.01176740315754952,0,0.0,0.875,0.546875,53
mlp,MLP,TN,36,Bwd Header Len,8,-0.003992295341324237,0.00460654924966326,0.0010157808779556617,0.015404043954915701,0,0.0,0.5,0.5625,54
mlp,MLP,TN,73,Active Min,8,0.004066057029695288,0.004410619109976679,0.00025383651466769563,0.03384910642819025,0,0.0,0.25,0.83984375,55
mlp,MLP,TN,30,Bwd IAT Min,8,0.002221357466882187,0.002839084909044896,0.002258688648942215,0.008876795578567393,0,0.0,0.875,0.5234375,56
mlp,MLP,TN,64,Subflow Bwd Pkts,8,-0.0011946448424090185,0.002160557196693578,0.0013168238673866722,0.007396329089985156,0,0.0,0.5,0.5546875,57
mlp,MLP,TN,75,Idle Std,8,-0.0012337217019860233,0.0016825109014038432,0.00106956709065491,0.006185945792705158,0,0.0,0.375,0.84375,58
mlp,MLP,TN,65,Subflow Bwd Byts,8,-0.0013503872056341588,0.0015998304519055629,0.0008494442281487707,0.005988972087067525,0,0.0,0.125,0.6484375,59
mlp,MLP,TN,6,TotLen Bwd Pkts,8,-0.0002371357549200312,0.0015467831200692127,0.000896948270475655,0.005238589460596727,0,0.0,0.125,0.62890625,60
mlp,MLP,TN,5,TotLen Fwd Pkts,8,-0.00012279934239524558,0.000917934331583432,0.0009017977690677451,0.001803597928287166,0,0.0,0.375,0.66015625,61
mlp,MLP,TN,63,Subflow Fwd Byts,8,0.0001783567071138452,0.000789962150617991,0.0007406325722774682,0.0017767057768509897,0,0.0,0.75,0.68359375,62
mlp,MLP,TN,62,Subflow Fwd Pkts,8,2.6795529849409265e-05,0.0002484137328389065,0.0002099977106364129,0.0008771037783348371,0,0.0,0.75,0.59375,63
mlp,MLP,TN,35,Fwd Header Len,8,0.0001669592542823423,0.00023703281321957803,0.0002631686006035083,0.0004270044066273692,0,0.0,0.75,0.58203125,64
mlp,MLP,TN,3,Tot Fwd Pkts,8,-8.734687822277085e-05,0.00014848027392357332,0.0001379742163723233,0.00037601349411623655,0,0.0,0.125,0.62890625,65
mlp,MLP,TN,68,Fwd Act Data Pkts,8,3.961745860327922e-05,4.875650236222493e-05,4.0572120473863115e-05,0.0001082621930045219,0,0.0,0.75,0.58984375,66
mlp,MLP,TN,32,Bwd PSH Flags,8,0.0,0.0,0.0,0.0,0,0.0,0.0,1.0,67
mlp,MLP,TN,33,Fwd URG Flags,8,0.0,0.0,0.0,0.0,0,0.0,0.0,1.0,68
mlp,MLP,TN,34,Bwd URG Flags,8,0.0,0.0,0.0,0.0,0,0.0,0.0,1.0,69
mlp,MLP,TN,44,FIN Flag Cnt,8,0.0,0.0,0.0,0.0,0,0.0,0.0,1.0,70
mlp,MLP,TN,49,URG Flag Cnt,8,0.0,0.0,0.0,0.0,0,0.0,0.0,1.0,71
mlp,MLP,TN,50,CWE Flag Count,8,0.0,0.0,0.0,0.0,0,0.0,0.0,1.0,72
mlp,MLP,TN,56,Fwd Byts/b Avg,8,0.0,0.0,0.0,0.0,0,0.0,0.0,1.0,73
mlp,MLP,TN,57,Fwd Pkts/b Avg,8,0.0,0.0,0.0,0.0,0,0.0,0.0,1.0,74
mlp,MLP,TN,58,Fwd Blk Rate Avg,8,0.0,0.0,0.0,0.0,0,0.0,0.0,1.0,75
mlp,MLP,TN,59,Bwd Byts/b Avg,8,0.0,0.0,0.0,0.0,0,0.0,0.0,1.0,76
mlp,MLP,TN,60,Bwd Pkts/b Avg,8,0.0,0.0,0.0,0.0,0,0.0,0.0,1.0,77
mlp,MLP,TN,61,Bwd Blk Rate Avg,8,0.0,0.0,0.0,0.0,0,0.0,0.0,1.0,78
mlp,MLP,TP,69,Fwd Seg Size Min,8,7.0452972014717385,7.0452972014717385,5.883477334267725,14.861413093617482,6,0.75,1.0,0.875,1
mlp,MLP,TP,14,Bwd Pkt Len Std,8,-1.8450734989296833,4.007656867549047,3.950545937772517,8.650333474477454,8,1.0,0.125,0.65625,2
mlp,MLP,TP,7,Fwd Pkt Len Max,8,3.356987124866003,3.356987124866003,2.9230443458238677,6.171069531555787,7,0.875,1.0,0.74609375,3
mlp,MLP,TP,66,Init Fwd Win Byts,8,3.1133521518160543,3.353880764522181,3.519072082383877,6.119004214161996,6,0.75,0.75,0.8125,4
mlp,MLP,TP,38,Bwd Pkts/s,8,3.1246347476352594,3.1675625601648196,0.051009919933494005,9.689659172860559,3,0.375,0.375,0.8125,5
mlp,MLP,TP,10,Fwd Pkt Len Std,8,-1.3463055480846309,2.4263671317312396,2.202866430392592,4.462047383154956,6,0.75,0.25,0.65625,6
mlp,MLP,TP,54,Fwd Seg Size Avg,8,-1.7465148401187207,2.184923977658941,1.1842649656975914,4.301465739273933,5,0.625,0.25,0.765625,7
mlp,MLP,TP,0,Dst Port,8,1.908001603363431,2.0259346451016214,2.0443865406631003,3.830902963651485,3,0.375,0.875,0.7109375,8
mlp,MLP,TP,47,PSH Flag Cnt,8,-0.45108684737216737,1.941402283642283,2.1995444750085635,3.7510115882989705,4,0.5,0.375,0.62109375,9
mlp,MLP,TP,11,Bwd Pkt Len Max,8,1.084161415165421,1.8742729344305311,1.9361877378539674,3.16044607706044,5,0.625,0.875,0.734375,10
mlp,MLP,TP,51,ECE Flag Cnt,8,-1.3713095936733293,1.8487736399112373,2.047145823998787,2.573554755633136,6,0.75,0.125,0.62109375,11
mlp,MLP,TP,67,Init Bwd Win Byts,8,1.842104847968047,1.842104847968047,1.9065810150867417,2.863395677425618,3,0.375,1.0,0.515625,12
mlp,MLP,TP,37,Fwd Pkts/s,8,-1.5843879533960576,1.6828381531834855,0.11180063130451512,5.100351251018134,3,0.375,0.625,0.859375,13
mlp,MLP,TP,40,Pkt Len Max,8,1.1764394643993947,1.5567387836515105,1.6900569885441712,2.1110043176069313,4,0.5,0.875,0.76171875,14
mlp,MLP,TP,41,Pkt Len Mean,8,0.9913434556795757,1.3771482679192215,1.5578244203926928,1.7624739251247699,4,0.5,0.875,0.77734375,15
mlp,MLP,TP,16,Flow Pkts/s,8,0.9963500234531789,0.997320943478257,0.04683766631674796,2.873318868776158,2,0.25,0.875,0.79296875,16
mlp,MLP,TP,42,Pkt Len Std,8,0.5324637601197514,0.9669092340704852,0.8651824862125184,1.7377818958029352,2,0.25,0.875,0.68359375,17
mlp,MLP,TP,46,RST Flag Cnt,8,-0.7751748635178326,0.8699116254632652,1.0483933956495965,1.3037163781980674,0,0.0,0.125,0.59375,18
mlp,MLP,TP,48,ACK Flag Cnt,8,0.7609458062786695,0.7609458062786695,0.4021023092536458,2.747587112181799,2,0.25,1.0,0.77734375,19
mlp,MLP,TP,55,Bwd Seg Size Avg,8,-0.43562613907176473,0.6696437890013192,0.760294288962679,0.9417866307589025,0,0.0,0.125,0.7421875,20
mlp,MLP,TP,2,Flow Duration,8,0.6571881945068614,0.6571881945068614,0.7045666534139376,0.9936868781244506,0,0.0,1.0,0.81640625,21
mlp,MLP,TP,24,Fwd IAT Max,8,0.6289574347763738,0.6289574347763738,0.7101497959351635,0.7936076913398633,0,0.0,1.0,0.86328125,22
mlp,MLP,TP,43,Pkt Len Var,8,-0.4272990620144744,0.6197181310927549,0.6912816504339386,0.7696762763131222,0,0.0,0.125,0.78515625,23
mlp,MLP,TP,53,Pkt Size Avg,8,0.49931919393965873,0.6164951127274563,0.5865704073332196,1.1486793644661941,0,0.0,0.875,0.703125,24
mlp,MLP,TP,74,Idle Mean,8,-0.5716963711323807,0.5716963711323807,0.5158909005409931,0.9561199937110703,0,0.0,0.0,0.7578125,25
mlp,MLP,TP,28,Bwd IAT Std,8,-0.20493884010459043,0.5645394611200556,0.5028303209614403,1.4384024840618608,0,0.0,0.125,0.58203125,26
mlp,MLP,TP,20,Flow IAT Min,8,0.5554967797954923,0.5554967797954923,0.48948726286216765,0.9950238470231024,0,0.0,1.0,0.76953125,27
mlp,MLP,TP,9,Fwd Pkt Len Mean,8,-0.0964671274730953,0.4730095228361623,0.4581593402915918,0.8957619869638963,0,0.0,0.5,0.70703125,28
mlp,MLP,TP,17,Flow IAT Mean,8,0.4448133519383665,0.4448133519383665,0.5371399266048675,0.6655117297060158,0,0.0,1.0,0.80859375,29
mlp,MLP,TP,19,Flow IAT Max,8,0.4303691035964166,0.4303691035964166,0.5080186493993709,0.67052160748631,0,0.0,1.0,0.76953125,30
mlp,MLP,TP,21,Fwd IAT Tot,8,-0.41978798929509364,0.41978798929509364,0.48204976423618884,0.664871705330787,0,0.0,0.0,0.84765625,31
mlp,MLP,TP,26,Bwd IAT Tot,8,0.41048808605303383,0.41705901394167977,0.43509306895552086,0.8231699010827128,0,0.0,0.75,0.6328125,32
mlp,MLP,TP,52,Down/Up Ratio,8,0.16224181121603554,0.32931313359212655,0.1363948284458978,1.7586317332724917,1,0.125,0.5,0.5546875,33
mlp,MLP,TP,12,Bwd Pkt Len Min,8,-0.32185151059587097,0.32764270797239414,0.38656413446549975,0.6493482905073219,0,0.0,0.25,0.875,34
mlp,MLP,TP,22,Fwd IAT Mean,8,-0.23372394531443122,0.28184329883089715,0.2834446372876055,0.4802829899065773,0,0.0,0.25,0.80078125,35
mlp,MLP,TP,13,Bwd Pkt Len Mean,8,-0.09719451456933556,0.24946629686743757,0.20882496666412403,0.5213340742737748,0,0.0,0.5,0.58984375,36
mlp,MLP,TP,27,Bwd IAT Mean,8,-0.1096972108536779,0.2376462150907307,0.2523380241501032,0.4620523475371832,0,0.0,0.25,0.73828125,37
mlp,MLP,TP,25,Fwd IAT Min,8,-0.12421957903840056,0.19072776686940157,0.17826632529783043,0.3972435073529511,0,0.0,0.375,0.71484375,38
mlp,MLP,TP,76,Idle Max,8,0.08530753988928556,0.1704495188309236,0.12703279157681374,0.3222412801689196,0,0.0,0.625,0.7578125,39
mlp,MLP,TP,45,SYN Flag Cnt,8,0.15850303517601097,0.15850303517601097,0.14163914178238354,0.2889088342424418,0,0.0,1.0,0.96875,40
mlp,MLP,TP,18,Flow IAT Std,8,0.0718539938314342,0.15330268334604374,0.14981815328123488,0.3016193622962427,0,0.0,0.75,0.625,41
mlp,MLP,TP,1,Protocol,8,-0.04317132411326346,0.15319120982559142,0.04848223379493627,0.46242265429146534,0,0.0,0.625,0.84375,42
mlp,MLP,TP,31,Fwd PSH Flags,8,-0.07854465402674166,0.1368669637448789,0.15762544083714128,0.22348509557608623,0,0.0,0.375,0.96875,43
mlp,MLP,TP,29,Bwd IAT Max,8,0.09094511443840908,0.11408655112511168,0.12446499354046252,0.16734425907244707,0,0.0,0.875,0.6796875,44
mlp,MLP,TP,77,Idle Min,8,-0.018222246890900125,0.10384467672019376,0.1021585235834657,0.23278663846130615,0,0.0,0.5,0.7578125,45
mlp,MLP,TP,39,Pkt Len Min,8,-0.08270554395190627,0.08893389302681629,0.06029428153836705,0.21029427919394483,0,0.0,0.125,0.875,46
mlp,MLP,TP,8,Fwd Pkt Len Min,8,-0.08334054429652776,0.08734231763934258,0.045909295253225096,0.21671073013656672,0,0.0,0.125,0.875,47
mlp,MLP,TP,23,Fwd IAT Std,8,0.0033601004984099916,0.07141223801280677,0.0587292312225521,0.15560006717715144,0,0.0,0.75,0.50390625,48
mlp,MLP,TP,36,Bwd Header Len,8,0.04147526056413925,0.05815103204919041,0.060314179396489045,0.09882261531868158,0,0.0,0.625,0.65625,49
mlp,MLP,TP,72,Active Max,8,-0.025717585758723474,0.032297155667209955,0.03378617886136309,0.07725521385202765,0,0.0,0.25,0.8515625,50
mlp,MLP,TP,70,Active Mean,8,0.030518847529777317,0.03112226186221079,0.003238188683712298,0.22902984578591862,0,0.0,0.75,0.859375,51
mlp,MLP,TP,4,Tot Bwd Pkts,8,0.02539698689505608,0.026288199230941865,0.03439004282487894,0.04752206861133457,0,0.0,0.75,0.671875,52
mlp,MLP,TP,15,Flow Byts/s,8,0.019084060494275728,0.023241245508691707,0.022722615861547325,0.0415291888612212,0,0.0,0.875,0.66015625,53
mlp,MLP,TP,64,Subflow Bwd Pkts,8,-0.0018606721045575573,0.01583486787599492,0.015284485984738834,0.03945730384590125,0,0.0,0.625,0.6640625,54
mlp,MLP,TP,71,Active Std,8,0.010488714657115256,0.010488714657115256,0.009857523713736778,0.020452430576830334,0,0.0,1.0,0.875,55
mlp,MLP,TP,30,Bwd IAT Min,8,0.010004546691226553,0.010004546691226553,0.01247811357333243,0.013848446115908198,0,0.0,1.0,0.65625,56
mlp,MLP,TP,6,TotLen Bwd Pkts,8,-0.009410485562752391,0.009410485562752391,0.009176960823009502,0.016481078265003137,0,0.0,0.0,0.6953125,57
mlp,MLP,TP,65,Subflow Bwd Byts,8,-0.005580492607355031,0.006200521043939232,0.007290886762135586,0.009174312760921035,0,0.0,0.125,0.7109375,58
mlp,MLP,TP,73,Active Min,8,0.00450801013933046,0.0049069722896327925,0.0011028439996017766,0.03247307451768075,0,0.0,0.75,0.83984375,59
mlp,MLP,TP,5,TotLen Fwd Pkts,8,-0.0031407188413036516,0.003194177211659604,0.00347603410242933,0.005644708043644834,0,0.0,0.125,0.67578125,60
mlp,MLP,TP,75,Idle Std,8,-9.538298308523841e-05,0.0023640742402379197,0.0008098081553408075,0.007132127054841167,0,0.0,0.5,0.84375,61
mlp,MLP,TP,63,Subflow Fwd Byts,8,0.0003181972349132039,0.0005910098350034309,0.00039229345714486823,0.0018817697423981622,0,0.0,0.625,0.515625,62
mlp,MLP,TP,3,Tot Fwd Pkts,8,-0.0004491761083128439,0.0004491761083128439,0.00040578544584287215,0.0006792920121066633,0,0.0,0.0,0.71484375,63
mlp,MLP,TP,35,Fwd Header Len,8,0.0003526159825322906,0.0003626604730968818,0.0003973605701304505,0.0008848773040999164,0,0.0,0.875,0.58984375,64
mlp,MLP,TP,62,Subflow Fwd Pkts,8,-0.00020359318088336643,0.00031917151895160135,0.00027042402933776313,0.0006442806685701094,0,0.0,0.25,0.64453125,65
mlp,MLP,TP,68,Fwd Act Data Pkts,8,4.6767061015600485e-05,0.00013286389361235804,9.216244524237903e-05,0.00029579186930811193,0,0.0,0.625,0.57421875,66
mlp,MLP,TP,32,Bwd PSH Flags,8,0.0,0.0,0.0,0.0,0,0.0,0.0,1.0,67
mlp,MLP,TP,33,Fwd URG Flags,8,0.0,0.0,0.0,0.0,0,0.0,0.0,1.0,68
mlp,MLP,TP,34,Bwd URG Flags,8,0.0,0.0,0.0,0.0,0,0.0,0.0,1.0,69
mlp,MLP,TP,44,FIN Flag Cnt,8,0.0,0.0,0.0,0.0,0,0.0,0.0,1.0,70
mlp,MLP,TP,49,URG Flag Cnt,8,0.0,0.0,0.0,0.0,0,0.0,0.0,1.0,71
mlp,MLP,TP,50,CWE Flag Count,8,0.0,0.0,0.0,0.0,0,0.0,0.0,1.0,72
mlp,MLP,TP,56,Fwd Byts/b Avg,8,0.0,0.0,0.0,0.0,0,0.0,0.0,1.0,73
mlp,MLP,TP,57,Fwd Pkts/b Avg,8,0.0,0.0,0.0,0.0,0,0.0,0.0,1.0,74
mlp,MLP,TP,58,Fwd Blk Rate Avg,8,0.0,0.0,0.0,0.0,0,0.0,0.0,1.0,75
mlp,MLP,TP,59,Bwd Byts/b Avg,8,0.0,0.0,0.0,0.0,0,0.0,0.0,1.0,76
mlp,MLP,TP,60,Bwd Pkts/b Avg,8,0.0,0.0,0.0,0.0,0,0.0,0.0,1.0,77
mlp,MLP,TP,61,Bwd Blk Rate Avg,8,0.0,0.0,0.0,0.0,0,0.0,0.0,1.0,78
