component_ordinal,component_id,arm,experiment,unit,evaluation_cell_id,learner,configuration_id,model_seed,compute_backend,fit_action,fit_ordinal_if_new,parameter_sha256,model_evidence_path,model_sha256,stage28_result_evidence_path,ledger_evidence_path,closure_status
1,C001,28A_TRAINING_SEED_STABILITY,STAGE22_FULL,RANDOM_NATURAL,28A_STAGE22::RANDOM_NATURAL::SEED42,XGBOOST,XGB_11,42,CPU,NEW_FIT_AUTHORIZED,1,1eb12cc88f3e1b455da9882d8439938fda175c66435940a5e2a6850cbcda63ff,results/stage28_stability_novelty_control/stage28_2a_stage22_seed_stability/stage28_2a1_random_natural_seed42/random_natural_seed42_xgboost_cpu_model.json,7bdb5fc3b0b464d2fb27785ad6bc7cf54de772c8e983f8fc0d51d638ec8c7907,results/stage28_stability_novelty_control/stage28_2a_stage22_seed_stability/stage28_2a1_random_natural_seed42/stage28_2a1_random_natural_seed42_result.json,results/stage28_stability_novelty_control/stage28_2a_stage22_seed_stability/stage28_2a1_random_natural_seed42/stage28_2a1_fit_ledger.json,PASS
2,C002,28A_TRAINING_SEED_STABILITY,STAGE22_FULL,RANDOM_NATURAL,28A_STAGE22::RANDOM_NATURAL::SEED42,LIGHTGBM,LGBM_11,42,CPU,REUSE_EXISTING,,dbb7ac185b3ac6aa8e3ac915cfa2b2080ee54bec8e7a38cab83537faad2f2754,results/stage22r_training/stage22r_2a_random_natural/random_natural_lightgbm_model.txt,9a92f4b8cd26738a470a7ff6fb72f51422a803e10b36bb32ac4bfc91373e6e50,results/stage28_stability_novelty_control/stage28_2a_stage22_seed_stability/stage28_2a1_random_natural_seed42/stage28_2a1_random_natural_seed42_result.json,,PASS
3,C003,28A_TRAINING_SEED_STABILITY,STAGE22_FULL,RANDOM_NATURAL,28A_STAGE22::RANDOM_NATURAL::SEED43,XGBOOST,XGB_11,43,CPU,NEW_FIT_AUTHORIZED,3,5ac981f17f3327f8de881b672b6bf35a3b020a3a56a68957146cbe6622e30ed0,results/stage28_stability_novelty_control/stage28_2a_stage22_seed_stability/stage28_2a3_random_natural_seed43/random_natural_seed43_xgboost_cpu_model.json,7bbd868a8d648eef93fb9cae10ada55ab62853ef33538225e49da2b956b7302c,results/stage28_stability_novelty_control/stage28_2a_stage22_seed_stability/stage28_2a3_random_natural_seed43/stage28_2a3_random_natural_seed43_result.json,results/stage28_stability_novelty_control/stage28_2a_stage22_seed_stability/stage28_2a3_random_natural_seed43/stage28_2a3_fit_ledger.json,PASS
4,C004,28A_TRAINING_SEED_STABILITY,STAGE22_FULL,RANDOM_NATURAL,28A_STAGE22::RANDOM_NATURAL::SEED43,LIGHTGBM,LGBM_11,43,CPU,NEW_FIT_AUTHORIZED,4,d43b2e4009bec8e9874a2ec0fd65f1279ea8d493808a386ab84fc801076e9c13,results/stage28_stability_novelty_control/stage28_2a_stage22_seed_stability/stage28_2a3_random_natural_seed43/random_natural_seed43_lightgbm_cpu_model.txt,77af40e0b85e19e1347380eb9f59caf2c1d91ca5ec202005faaf45fd038d082d,results/stage28_stability_novelty_control/stage28_2a_stage22_seed_stability/stage28_2a3_random_natural_seed43/stage28_2a3_random_natural_seed43_result.json,results/stage28_stability_novelty_control/stage28_2a_stage22_seed_stability/stage28_2a3_random_natural_seed43/stage28_2a3_fit_ledger.json,PASS
5,C005,28A_TRAINING_SEED_STABILITY,STAGE22_FULL,RANDOM_NATURAL,28A_STAGE22::RANDOM_NATURAL::SEED44,XGBOOST,XGB_11,44,CPU,NEW_FIT_AUTHORIZED,7,ae022425b27139a0ccdbb8e08ab9035ab386c4521afb3d9f095b1f7dc5cb7731,results/stage28_stability_novelty_control/stage28_2a_stage22_seed_stability/stage28_2a5_random_natural_seed44/random_natural_seed44_xgboost_cpu_model.json,1bceda9316470742626c7f87a4f582359b67e81d59e59f868ab71acbf434b3cb,results/stage28_stability_novelty_control/stage28_2a_stage22_seed_stability/stage28_2a5_random_natural_seed44/stage28_2a5_random_natural_seed44_result.json,results/stage28_stability_novelty_control/stage28_2a_stage22_seed_stability/stage28_2a5_random_natural_seed44/stage28_2a5_random_natural_seed44_fit_ledger.json,PASS
6,C006,28A_TRAINING_SEED_STABILITY,STAGE22_FULL,RANDOM_NATURAL,28A_STAGE22::RANDOM_NATURAL::SEED44,LIGHTGBM,LGBM_11,44,CPU,NEW_FIT_AUTHORIZED,8,0ed7e79e2b5d5f55b4cf8a3753c5df9ad083d412aa0ad08f72610f69b7692454,results/stage28_stability_novelty_control/stage28_2a_stage22_seed_stability/stage28_2a5_random_natural_seed44/random_natural_seed44_lightgbm_cpu_model.txt,6fa8ad5f9614c82b2ce33c4ed226e27fc9aeac6ad9eac5279461caab357d0cf2,results/stage28_stability_novelty_control/stage28_2a_stage22_seed_stability/stage28_2a5_random_natural_seed44/stage28_2a5_random_natural_seed44_result.json,results/stage28_stability_novelty_control/stage28_2a_stage22_seed_stability/stage28_2a5_random_natural_seed44/stage28_2a5_random_natural_seed44_fit_ledger.json,PASS
7,C007,28A_TRAINING_SEED_STABILITY,STAGE22_FULL,RANDOM_NATURAL,28A_STAGE22::RANDOM_NATURAL::SEED45,XGBOOST,XGB_11,45,CPU,NEW_FIT_AUTHORIZED,11,ca62fc9245eaad469fdf744635d56dc10951d77cf808c1616122be817be35565,results/stage28_stability_novelty_control/stage28_2a_stage22_seed_stability/stage28_2a7_random_natural_seed45/random_natural_seed45_xgboost_cpu_model.json,62ed892063709cb63b23a74b59903d30ce3d4ebd25c4c8c8466e1609b176876a,results/stage28_stability_novelty_control/stage28_2a_stage22_seed_stability/stage28_2a7_random_natural_seed45/stage28_2a7_random_natural_seed45_result.json,results/stage28_stability_novelty_control/stage28_2a_stage22_seed_stability/stage28_2a7_random_natural_seed45/stage28_2a7_random_natural_seed45_fit_ledger.json,PASS
8,C008,28A_TRAINING_SEED_STABILITY,STAGE22_FULL,RANDOM_NATURAL,28A_STAGE22::RANDOM_NATURAL::SEED45,LIGHTGBM,LGBM_11,45,CPU,NEW_FIT_AUTHORIZED,12,6daf64f6e8034953ca426e6241177a45ee5cc6bdf5434bfa5a8f3789e34f431c,results/stage28_stability_novelty_control/stage28_2a_stage22_seed_stability/stage28_2a7_random_natural_seed45/random_natural_seed45_lightgbm_cpu_model.txt,21adfd19f374ee9bed40e8826eb7d512aa38e4ccd74948ad0693004d87053fde,results/stage28_stability_novelty_control/stage28_2a_stage22_seed_stability/stage28_2a7_random_natural_seed45/stage28_2a7_random_natural_seed45_result.json,results/stage28_stability_novelty_control/stage28_2a_stage22_seed_stability/stage28_2a7_random_natural_seed45/stage28_2a7_random_natural_seed45_fit_ledger.json,PASS
9,C009,28A_TRAINING_SEED_STABILITY,STAGE22_FULL,RANDOM_NATURAL,28A_STAGE22::RANDOM_NATURAL::SEED46,XGBOOST,XGB_11,46,CPU,NEW_FIT_AUTHORIZED,15,f0f79c993ba61a0d11f6abb3fe34419203768a8f65df0dbcee72f3fa9d93f676,results/stage28_stability_novelty_control/stage28_2a_stage22_seed_stability/stage28_2a9_random_natural_seed46/random_natural_seed46_xgboost_cpu_model.json,f28b38ef7faff36bc903a5d7bf0b5a7f6db32881323c9da44072deecf9ce31e2,results/stage28_stability_novelty_control/stage28_2a_stage22_seed_stability/stage28_2a9_random_natural_seed46/stage28_2a9_random_natural_seed46_result.json,results/stage28_stability_novelty_control/stage28_2a_stage22_seed_stability/stage28_2a9_random_natural_seed46/stage28_2a9_random_natural_seed46_fit_ledger.json,PASS
10,C010,28A_TRAINING_SEED_STABILITY,STAGE22_FULL,RANDOM_NATURAL,28A_STAGE22::RANDOM_NATURAL::SEED46,LIGHTGBM,LGBM_11,46,CPU,NEW_FIT_AUTHORIZED,16,7847b3ccffa8bdc77842ddf8ae34dddfec4d7b468b41824b2603d47828190d9c,results/stage28_stability_novelty_control/stage28_2a_stage22_seed_stability/stage28_2a9_random_natural_seed46/random_natural_seed46_lightgbm_cpu_model.txt,45b1c0337f8a44a1b5a459e2a25d6d371bd3fe394df32c3a79299c39daabe3a1,results/stage28_stability_novelty_control/stage28_2a_stage22_seed_stability/stage28_2a9_random_natural_seed46/stage28_2a9_random_natural_seed46_result.json,results/stage28_stability_novelty_control/stage28_2a_stage22_seed_stability/stage28_2a9_random_natural_seed46/stage28_2a9_random_natural_seed46_fit_ledger.json,PASS
11,C011,28A_TRAINING_SEED_STABILITY,STAGE22_FULL,CHRONOLOGICAL_NATURAL,28A_STAGE22::CHRONOLOGICAL_NATURAL::SEED42,XGBOOST,XGB_11,42,CPU,NEW_FIT_AUTHORIZED,2,1eb12cc88f3e1b455da9882d8439938fda175c66435940a5e2a6850cbcda63ff,results/stage28_stability_novelty_control/stage28_2a_stage22_seed_stability/stage28_2a2_chronological_natural_seed42/chronological_natural_seed42_xgboost_cpu_model.json,fc8996214440368a00f6b008128e8c116b8dc2c6dab80e1584ca8e742fd49a57,results/stage28_stability_novelty_control/stage28_2a_stage22_seed_stability/stage28_2a2_chronological_natural_seed42/stage28_2a2_chronological_natural_seed42_result.json,results/stage28_stability_novelty_control/stage28_2a_stage22_seed_stability/stage28_2a2_chronological_natural_seed42/stage28_2a2_fit_ledger.json,PASS
12,C012,28A_TRAINING_SEED_STABILITY,STAGE22_FULL,CHRONOLOGICAL_NATURAL,28A_STAGE22::CHRONOLOGICAL_NATURAL::SEED42,LIGHTGBM,LGBM_11,42,CPU,REUSE_EXISTING,,dbb7ac185b3ac6aa8e3ac915cfa2b2080ee54bec8e7a38cab83537faad2f2754,results/stage22r_training/stage22r_2c_chronological_natural/chronological_natural_lightgbm_model.txt,7be4c610814e45be2e315996969d2e2f404a3ada14866b21a731e4382fdc18b8,results/stage28_stability_novelty_control/stage28_2a_stage22_seed_stability/stage28_2a2_chronological_natural_seed42/stage28_2a2_chronological_natural_seed42_result.json,,PASS
13,C013,28A_TRAINING_SEED_STABILITY,STAGE22_FULL,CHRONOLOGICAL_NATURAL,28A_STAGE22::CHRONOLOGICAL_NATURAL::SEED43,XGBOOST,XGB_11,43,CPU,NEW_FIT_AUTHORIZED,5,5ac981f17f3327f8de881b672b6bf35a3b020a3a56a68957146cbe6622e30ed0,results/stage28_stability_novelty_control/stage28_2a_stage22_seed_stability/stage28_2a4_chronological_natural_seed43/chronological_natural_seed43_xgboost_cpu_model.json,ab14e0fc41fe94a7123d220f160b4ee4d6b469d46a9a07c03e028a7e710bea14,results/stage28_stability_novelty_control/stage28_2a_stage22_seed_stability/stage28_2a4_chronological_natural_seed43/stage28_2a4_chronological_natural_seed43_result.json,results/stage28_stability_novelty_control/stage28_2a_stage22_seed_stability/stage28_2a4_chronological_natural_seed43/stage28_2a4_fit_ledger.json,PASS
14,C014,28A_TRAINING_SEED_STABILITY,STAGE22_FULL,CHRONOLOGICAL_NATURAL,28A_STAGE22::CHRONOLOGICAL_NATURAL::SEED43,LIGHTGBM,LGBM_11,43,CPU,NEW_FIT_AUTHORIZED,6,d43b2e4009bec8e9874a2ec0fd65f1279ea8d493808a386ab84fc801076e9c13,results/stage28_stability_novelty_control/stage28_2a_stage22_seed_stability/stage28_2a4_chronological_natural_seed43/chronological_natural_seed43_lightgbm_cpu_model.txt,00f2ea97707ec5b9e39027fe782cd7db99447d6c0c1635cc55123a9abfb54581,results/stage28_stability_novelty_control/stage28_2a_stage22_seed_stability/stage28_2a4_chronological_natural_seed43/stage28_2a4_chronological_natural_seed43_result.json,results/stage28_stability_novelty_control/stage28_2a_stage22_seed_stability/stage28_2a4_chronological_natural_seed43/stage28_2a4_fit_ledger.json,PASS
15,C015,28A_TRAINING_SEED_STABILITY,STAGE22_FULL,CHRONOLOGICAL_NATURAL,28A_STAGE22::CHRONOLOGICAL_NATURAL::SEED44,XGBOOST,XGB_11,44,CPU,NEW_FIT_AUTHORIZED,9,ae022425b27139a0ccdbb8e08ab9035ab386c4521afb3d9f095b1f7dc5cb7731,results/stage28_stability_novelty_control/stage28_2a_stage22_seed_stability/stage28_2a6_chronological_natural_seed44/chronological_natural_seed44_xgboost_cpu_model.json,91bfd779efa4e4eac394c688dc2c06c9766f1f47e6fcb601086ea71b5b9db1c1,results/stage28_stability_novelty_control/stage28_2a_stage22_seed_stability/stage28_2a6_chronological_natural_seed44/stage28_2a6_chronological_natural_seed44_result.json,results/stage28_stability_novelty_control/stage28_2a_stage22_seed_stability/stage28_2a6_chronological_natural_seed44/stage28_2a6_chronological_natural_seed44_fit_ledger.json,PASS
16,C016,28A_TRAINING_SEED_STABILITY,STAGE22_FULL,CHRONOLOGICAL_NATURAL,28A_STAGE22::CHRONOLOGICAL_NATURAL::SEED44,LIGHTGBM,LGBM_11,44,CPU,NEW_FIT_AUTHORIZED,10,0ed7e79e2b5d5f55b4cf8a3753c5df9ad083d412aa0ad08f72610f69b7692454,results/stage28_stability_novelty_control/stage28_2a_stage22_seed_stability/stage28_2a6_chronological_natural_seed44/chronological_natural_seed44_lightgbm_cpu_model.txt,fda1c7f04f7b7794e264b9c51755bbed97752b959c74f590559e84a1273c3990,results/stage28_stability_novelty_control/stage28_2a_stage22_seed_stability/stage28_2a6_chronological_natural_seed44/stage28_2a6_chronological_natural_seed44_result.json,results/stage28_stability_novelty_control/stage28_2a_stage22_seed_stability/stage28_2a6_chronological_natural_seed44/stage28_2a6_chronological_natural_seed44_fit_ledger.json,PASS
17,C017,28A_TRAINING_SEED_STABILITY,STAGE22_FULL,CHRONOLOGICAL_NATURAL,28A_STAGE22::CHRONOLOGICAL_NATURAL::SEED45,XGBOOST,XGB_11,45,CPU,NEW_FIT_AUTHORIZED,13,ca62fc9245eaad469fdf744635d56dc10951d77cf808c1616122be817be35565,results/stage28_stability_novelty_control/stage28_2a_stage22_seed_stability/stage28_2a8_chronological_natural_seed45/chronological_natural_seed45_xgboost_cpu_model.json,7b29934f06c0e29bffe4d95729634d6bfbd9980fa2cfc8da0ba9da430715f7de,results/stage28_stability_novelty_control/stage28_2a_stage22_seed_stability/stage28_2a8_chronological_natural_seed45/stage28_2a8_chronological_natural_seed45_result.json,results/stage28_stability_novelty_control/stage28_2a_stage22_seed_stability/stage28_2a8_chronological_natural_seed45/stage28_2a8_chronological_natural_seed45_fit_ledger.json,PASS
18,C018,28A_TRAINING_SEED_STABILITY,STAGE22_FULL,CHRONOLOGICAL_NATURAL,28A_STAGE22::CHRONOLOGICAL_NATURAL::SEED45,LIGHTGBM,LGBM_11,45,CPU,NEW_FIT_AUTHORIZED,14,6daf64f6e8034953ca426e6241177a45ee5cc6bdf5434bfa5a8f3789e34f431c,results/stage28_stability_novelty_control/stage28_2a_stage22_seed_stability/stage28_2a8_chronological_natural_seed45/chronological_natural_seed45_lightgbm_cpu_model.txt,1d5b1ffb0344b96a3a841c8dd3f97777219a7e4acf33a13675bfa5d991899541,results/stage28_stability_novelty_control/stage28_2a_stage22_seed_stability/stage28_2a8_chronological_natural_seed45/stage28_2a8_chronological_natural_seed45_result.json,results/stage28_stability_novelty_control/stage28_2a_stage22_seed_stability/stage28_2a8_chronological_natural_seed45/stage28_2a8_chronological_natural_seed45_fit_ledger.json,PASS
19,C019,28A_TRAINING_SEED_STABILITY,STAGE22_FULL,CHRONOLOGICAL_NATURAL,28A_STAGE22::CHRONOLOGICAL_NATURAL::SEED46,XGBOOST,XGB_11,46,CPU,NEW_FIT_AUTHORIZED,17,f0f79c993ba61a0d11f6abb3fe34419203768a8f65df0dbcee72f3fa9d93f676,results/stage28_stability_novelty_control/stage28_2a_stage22_seed_stability/stage28_2a10_chronological_natural_seed46/chronological_natural_seed46_xgboost_cpu_model.json,6138cc648393cc3576f22e41e45928efe2a6d55b4e10535f505f6556c49e2e3b,results/stage28_stability_novelty_control/stage28_2a_stage22_seed_stability/stage28_2a10_chronological_natural_seed46/stage28_2a10_chronological_natural_seed46_result.json,results/stage28_stability_novelty_control/stage28_2a_stage22_seed_stability/stage28_2a10_chronological_natural_seed46/stage28_2a10_chronological_natural_seed46_fit_ledger.json,PASS
20,C020,28A_TRAINING_SEED_STABILITY,STAGE22_FULL,CHRONOLOGICAL_NATURAL,28A_STAGE22::CHRONOLOGICAL_NATURAL::SEED46,LIGHTGBM,LGBM_11,46,CPU,NEW_FIT_AUTHORIZED,18,7847b3ccffa8bdc77842ddf8ae34dddfec4d7b468b41824b2603d47828190d9c,results/stage28_stability_novelty_control/stage28_2a_stage22_seed_stability/stage28_2a10_chronological_natural_seed46/chronological_natural_seed46_lightgbm_cpu_model.txt,9f57664a7b8bea66067125bd19c1cc1b460b9f8ba4d1bb2fc7ca7b13cbfcf6e4,results/stage28_stability_novelty_control/stage28_2a_stage22_seed_stability/stage28_2a10_chronological_natural_seed46/stage28_2a10_chronological_natural_seed46_result.json,results/stage28_stability_novelty_control/stage28_2a_stage22_seed_stability/stage28_2a10_chronological_natural_seed46/stage28_2a10_chronological_natural_seed46_fit_ledger.json,PASS
21,C021,28A_TRAINING_SEED_STABILITY,STAGE27_CHRONOLOGY_LOAO,BOT,28A_STAGE27_CHRONO::BOT::XGBOOST::SEED42,XGBOOST,XGB_11,42,CPU,REUSE_EXISTING,,1eb12cc88f3e1b455da9882d8439938fda175c66435940a5e2a6850cbcda63ff,results/stage27_loao_unseen_attack/stage27_2a_preopening_models/models/BOT_XGBOOST_XGB_11.json,3d7b8747f911ae406894dbb07ec6870ceda91653e09792702b85e5777c5d43c9,,,PASS
22,C022,28A_TRAINING_SEED_STABILITY,STAGE27_CHRONOLOGY_LOAO,BOT,28A_STAGE27_CHRONO::BOT::LIGHTGBM::SEED42,LIGHTGBM,LGBM_11,42,CPU,REUSE_EXISTING,,dbb7ac185b3ac6aa8e3ac915cfa2b2080ee54bec8e7a38cab83537faad2f2754,results/stage27_loao_unseen_attack/stage27_2a_preopening_models/models/BOT_LIGHTGBM_LGBM_11.txt,3c273f00f7d8672c4efcdf2473b9c9c84487f5a63ad60c7abde854c2f3fbad3e,,,PASS
23,C023,28A_TRAINING_SEED_STABILITY,STAGE27_CHRONOLOGY_LOAO,BOT,28A_STAGE27_CHRONO::BOT::XGBOOST::SEED43,XGBOOST,XGB_11,43,CPU,NEW_FIT_AUTHORIZED,19,5ac981f17f3327f8de881b672b6bf35a3b020a3a56a68957146cbe6622e30ed0,results/stage28_stability_novelty_control/stage28_2a_stage27_seed_stability/stage28_2a11_bot_xgboost_seed43/bot_xgboost_seed43_cpu_model.json,3eda9722dc50b8056b9e1a951513d0b6153913c155f91aec02b8cae1006112a9,results/stage28_stability_novelty_control/stage28_2a_stage27_seed_stability/stage28_2a11_bot_xgboost_seed43/stage28_2a11_bot_xgboost_seed43_result.json,results/stage28_stability_novelty_control/stage28_2a_stage27_seed_stability/stage28_2a11_bot_xgboost_seed43/stage28_2a11_bot_xgboost_seed43_fit_ledger.json,PASS
24,C024,28A_TRAINING_SEED_STABILITY,STAGE27_CHRONOLOGY_LOAO,BOT,28A_STAGE27_CHRONO::BOT::LIGHTGBM::SEED43,LIGHTGBM,LGBM_11,43,CPU,NEW_FIT_AUTHORIZED,20,d43b2e4009bec8e9874a2ec0fd65f1279ea8d493808a386ab84fc801076e9c13,results/stage28_stability_novelty_control/stage28_2a_stage27_seed_stability/stage28_2a12_bot_lightgbm_seed43/bot_lightgbm_seed43_cpu_model.txt,b6c1ae839e4143ec713ae93565e5b297b0d729019e6992c88dd53f61a4a723f4,results/stage28_stability_novelty_control/stage28_2a_stage27_seed_stability/stage28_2a12_bot_lightgbm_seed43/stage28_2a12_bot_lightgbm_seed43_result.json,results/stage28_stability_novelty_control/stage28_2a_stage27_seed_stability/stage28_2a12_bot_lightgbm_seed43/stage28_2a12_bot_lightgbm_seed43_fit_ledger.json,PASS
25,C025,28A_TRAINING_SEED_STABILITY,STAGE27_CHRONOLOGY_LOAO,BOT,28A_STAGE27_CHRONO::BOT::XGBOOST::SEED44,XGBOOST,XGB_11,44,CPU,NEW_FIT_AUTHORIZED,21,ae022425b27139a0ccdbb8e08ab9035ab386c4521afb3d9f095b1f7dc5cb7731,results/stage28_stability_novelty_control/stage28_2a_stage27_seed_stability/stage28_2a13_bot_xgboost_seed44/bot_xgboost_seed44_cpu_model.json,8a84c304e4c510b7537fab4e3bcd1b0e224b84db381055aa6e9c0f2e55a1603c,results/stage28_stability_novelty_control/stage28_2a_stage27_seed_stability/stage28_2a13_bot_xgboost_seed44/stage28_2a13_bot_xgboost_seed44_result.json,results/stage28_stability_novelty_control/stage28_2a_stage27_seed_stability/stage28_2a13_bot_xgboost_seed44/stage28_2a13_bot_xgboost_seed44_fit_ledger.json,PASS
26,C026,28A_TRAINING_SEED_STABILITY,STAGE27_CHRONOLOGY_LOAO,BOT,28A_STAGE27_CHRONO::BOT::LIGHTGBM::SEED44,LIGHTGBM,LGBM_11,44,CPU,NEW_FIT_AUTHORIZED,22,0ed7e79e2b5d5f55b4cf8a3753c5df9ad083d412aa0ad08f72610f69b7692454,results/stage28_stability_novelty_control/stage28_2a_stage27_seed_stability/stage28_2a14_bot_lightgbm_seed44/bot_lightgbm_seed44_cpu_model.txt,5a67a35f25d39a19633f13c6c2d226f47ee65650b85e882869d988d16dfa3a6f,results/stage28_stability_novelty_control/stage28_2a_stage27_seed_stability/stage28_2a14_bot_lightgbm_seed44/stage28_2a14_bot_lightgbm_seed44_result.json,results/stage28_stability_novelty_control/stage28_2a_stage27_seed_stability/stage28_2a14_bot_lightgbm_seed44/stage28_2a14_bot_lightgbm_seed44_fit_ledger.json,PASS
27,C027,28A_TRAINING_SEED_STABILITY,STAGE27_CHRONOLOGY_LOAO,BOT,28A_STAGE27_CHRONO::BOT::XGBOOST::SEED45,XGBOOST,XGB_11,45,CPU,NEW_FIT_AUTHORIZED,23,ca62fc9245eaad469fdf744635d56dc10951d77cf808c1616122be817be35565,results/stage28_stability_novelty_control/stage28_2a_stage27_seed_stability/stage28_2a15_bot_xgboost_seed45/bot_xgboost_seed45_cpu_model.json,c12640aaaa1c8584558d41893cf7ff8694438eaac304d34b78d009765585e644,results/stage28_stability_novelty_control/stage28_2a_stage27_seed_stability/stage28_2a15_bot_xgboost_seed45/stage28_2a15_bot_xgboost_seed45_result.json,results/stage28_stability_novelty_control/stage28_2a_stage27_seed_stability/stage28_2a15_bot_xgboost_seed45/stage28_2a15_bot_xgboost_seed45_fit_ledger.json,PASS
28,C028,28A_TRAINING_SEED_STABILITY,STAGE27_CHRONOLOGY_LOAO,BOT,28A_STAGE27_CHRONO::BOT::LIGHTGBM::SEED45,LIGHTGBM,LGBM_11,45,CPU,NEW_FIT_AUTHORIZED,24,6daf64f6e8034953ca426e6241177a45ee5cc6bdf5434bfa5a8f3789e34f431c,results/stage28_stability_novelty_control/stage28_2a_stage27_seed_stability/stage28_2a16_bot_lightgbm_seed45/bot_lightgbm_seed45_cpu_model.txt,b100a69bd80f0d69c6e386a5eafd394e72a09fe0a5d4e687440221771f17e834,results/stage28_stability_novelty_control/stage28_2a_stage27_seed_stability/stage28_2a16_bot_lightgbm_seed45/stage28_2a16_bot_lightgbm_seed45_result.json,results/stage28_stability_novelty_control/stage28_2a_stage27_seed_stability/stage28_2a16_bot_lightgbm_seed45/stage28_2a16_bot_lightgbm_seed45_fit_ledger.json,PASS
29,C029,28A_TRAINING_SEED_STABILITY,STAGE27_CHRONOLOGY_LOAO,BOT,28A_STAGE27_CHRONO::BOT::XGBOOST::SEED46,XGBOOST,XGB_11,46,CPU,NEW_FIT_AUTHORIZED,25,f0f79c993ba61a0d11f6abb3fe34419203768a8f65df0dbcee72f3fa9d93f676,results/stage28_stability_novelty_control/stage28_2a_stage27_seed_stability/stage28_2a17_bot_xgboost_seed46/bot_xgboost_seed46_cpu_model.json,e0c05f06ba1ee027338fc8dbf3c2a4c75d2342b75f75d51c6918497c3f12b0f9,results/stage28_stability_novelty_control/stage28_2a_stage27_seed_stability/stage28_2a17_bot_xgboost_seed46/stage28_2a17_bot_xgboost_seed46_result.json,results/stage28_stability_novelty_control/stage28_2a_stage27_seed_stability/stage28_2a17_bot_xgboost_seed46/stage28_2a17_bot_xgboost_seed46_fit_ledger.json,PASS
30,C030,28A_TRAINING_SEED_STABILITY,STAGE27_CHRONOLOGY_LOAO,BOT,28A_STAGE27_CHRONO::BOT::LIGHTGBM::SEED46,LIGHTGBM,LGBM_11,46,CPU,NEW_FIT_AUTHORIZED,26,7847b3ccffa8bdc77842ddf8ae34dddfec4d7b468b41824b2603d47828190d9c,results/stage28_stability_novelty_control/stage28_2a_stage27_seed_stability/stage28_2a18_bot_lightgbm_seed46/bot_lightgbm_seed46_cpu_model.txt,1c6aea94e9e85722ca3856aa782217f5b91a1001b146ff923f695e476a2ac5ff,results/stage28_stability_novelty_control/stage28_2a_stage27_seed_stability/stage28_2a18_bot_lightgbm_seed46/stage28_2a18_bot_lightgbm_seed46_result.json,results/stage28_stability_novelty_control/stage28_2a_stage27_seed_stability/stage28_2a18_bot_lightgbm_seed46/stage28_2a18_bot_lightgbm_seed46_fit_ledger.json,PASS
31,C031,28A_TRAINING_SEED_STABILITY,STAGE27_CHRONOLOGY_LOAO,DDOS,28A_STAGE27_CHRONO::DDOS::XGBOOST::SEED42,XGBOOST,XGB_11,42,CPU,REUSE_EXISTING,,1eb12cc88f3e1b455da9882d8439938fda175c66435940a5e2a6850cbcda63ff,results/stage27_loao_unseen_attack/stage27_2a_preopening_models/models/DDOS_XGBOOST_XGB_11.json,3d7b8747f911ae406894dbb07ec6870ceda91653e09792702b85e5777c5d43c9,,,PASS
32,C032,28A_TRAINING_SEED_STABILITY,STAGE27_CHRONOLOGY_LOAO,DDOS,28A_STAGE27_CHRONO::DDOS::LIGHTGBM::SEED42,LIGHTGBM,LGBM_11,42,CPU,REUSE_EXISTING,,dbb7ac185b3ac6aa8e3ac915cfa2b2080ee54bec8e7a38cab83537faad2f2754,results/stage27_loao_unseen_attack/stage27_2a_preopening_models/models/DDOS_LIGHTGBM_LGBM_11.txt,adb23a188d215acdbfd47002d4c3c5a6a236dae4cc0d4783fbffaaccaef21c44,,,PASS
33,C033,28A_TRAINING_SEED_STABILITY,STAGE27_CHRONOLOGY_LOAO,DDOS,28A_STAGE27_CHRONO::DDOS::XGBOOST::SEED43,XGBOOST,XGB_11,43,CPU,NEW_FIT_AUTHORIZED,27,5ac981f17f3327f8de881b672b6bf35a3b020a3a56a68957146cbe6622e30ed0,results/stage28_stability_novelty_control/stage28_2a_stage27_seed_stability/stage28_2a19_ddos_xgboost_seed43/ddos_xgboost_seed43_cpu_model.json,3eda9722dc50b8056b9e1a951513d0b6153913c155f91aec02b8cae1006112a9,results/stage28_stability_novelty_control/stage28_2a_stage27_seed_stability/stage28_2a19_ddos_xgboost_seed43/stage28_2a19_ddos_xgboost_seed43_result.json,results/stage28_stability_novelty_control/stage28_2a_stage27_seed_stability/stage28_2a19_ddos_xgboost_seed43/stage28_2a19_ddos_xgboost_seed43_fit_ledger.json,PASS
34,C034,28A_TRAINING_SEED_STABILITY,STAGE27_CHRONOLOGY_LOAO,DDOS,28A_STAGE27_CHRONO::DDOS::LIGHTGBM::SEED43,LIGHTGBM,LGBM_11,43,CPU,NEW_FIT_AUTHORIZED,28,d43b2e4009bec8e9874a2ec0fd65f1279ea8d493808a386ab84fc801076e9c13,results/stage28_stability_novelty_control/stage28_2a_stage27_seed_stability/stage28_2a20_ddos_lightgbm_seed43/ddos_lightgbm_seed43_cpu_model.txt,52126fdc595b4ddfc7a3a27b50b752ac2aa7466f1b20de04e9f3f4eccd774e5c,results/stage28_stability_novelty_control/stage28_2a_stage27_seed_stability/stage28_2a20_ddos_lightgbm_seed43/stage28_2a20_ddos_lightgbm_seed43_result.json,results/stage28_stability_novelty_control/stage28_2a_stage27_seed_stability/stage28_2a20_ddos_lightgbm_seed43/stage28_2a20_ddos_lightgbm_seed43_fit_ledger.json,PASS
35,C035,28A_TRAINING_SEED_STABILITY,STAGE27_CHRONOLOGY_LOAO,DDOS,28A_STAGE27_CHRONO::DDOS::XGBOOST::SEED44,XGBOOST,XGB_11,44,CPU,NEW_FIT_AUTHORIZED,29,ae022425b27139a0ccdbb8e08ab9035ab386c4521afb3d9f095b1f7dc5cb7731,results/stage28_stability_novelty_control/stage28_2a_stage27_seed_stability/stage28_2a21_ddos_xgboost_seed44/ddos_xgboost_seed44_cpu_model.json,8a84c304e4c510b7537fab4e3bcd1b0e224b84db381055aa6e9c0f2e55a1603c,results/stage28_stability_novelty_control/stage28_2a_stage27_seed_stability/stage28_2a21_ddos_xgboost_seed44/stage28_2a21_ddos_xgboost_seed44_result.json,results/stage28_stability_novelty_control/stage28_2a_stage27_seed_stability/stage28_2a21_ddos_xgboost_seed44/stage28_2a21_ddos_xgboost_seed44_fit_ledger.json,PASS
36,C036,28A_TRAINING_SEED_STABILITY,STAGE27_CHRONOLOGY_LOAO,DDOS,28A_STAGE27_CHRONO::DDOS::LIGHTGBM::SEED44,LIGHTGBM,LGBM_11,44,CPU,NEW_FIT_AUTHORIZED,30,0ed7e79e2b5d5f55b4cf8a3753c5df9ad083d412aa0ad08f72610f69b7692454,results/stage28_stability_novelty_control/stage28_2a_stage27_seed_stability/stage28_2a22_ddos_lightgbm_seed44/ddos_lightgbm_seed44_cpu_model.txt,43aaebdb0126c6376cf481f0a4f982cd3cc5f3b851721a2cb848e8c9004a5904,results/stage28_stability_novelty_control/stage28_2a_stage27_seed_stability/stage28_2a22_ddos_lightgbm_seed44/stage28_2a22_ddos_lightgbm_seed44_result.json,results/stage28_stability_novelty_control/stage28_2a_stage27_seed_stability/stage28_2a22_ddos_lightgbm_seed44/stage28_2a22_ddos_lightgbm_seed44_fit_ledger.json,PASS
37,C037,28A_TRAINING_SEED_STABILITY,STAGE27_CHRONOLOGY_LOAO,DDOS,28A_STAGE27_CHRONO::DDOS::XGBOOST::SEED45,XGBOOST,XGB_11,45,CPU,NEW_FIT_AUTHORIZED,31,ca62fc9245eaad469fdf744635d56dc10951d77cf808c1616122be817be35565,results/stage28_stability_novelty_control/stage28_2a_stage27_seed_stability/stage28_2a23_ddos_xgboost_seed45/ddos_xgboost_seed45_cpu_model.json,c12640aaaa1c8584558d41893cf7ff8694438eaac304d34b78d009765585e644,results/stage28_stability_novelty_control/stage28_2a_stage27_seed_stability/stage28_2a23_ddos_xgboost_seed45/stage28_2a23_ddos_xgboost_seed45_result.json,results/stage28_stability_novelty_control/stage28_2a_stage27_seed_stability/stage28_2a23_ddos_xgboost_seed45/stage28_2a23_ddos_xgboost_seed45_fit_ledger.json,PASS
38,C038,28A_TRAINING_SEED_STABILITY,STAGE27_CHRONOLOGY_LOAO,DDOS,28A_STAGE27_CHRONO::DDOS::LIGHTGBM::SEED45,LIGHTGBM,LGBM_11,45,CPU,NEW_FIT_AUTHORIZED,32,6daf64f6e8034953ca426e6241177a45ee5cc6bdf5434bfa5a8f3789e34f431c,results/stage28_stability_novelty_control/stage28_2a_stage27_seed_stability/stage28_2a24_ddos_lightgbm_seed45/ddos_lightgbm_seed45_cpu_model.txt,0aa740bd945c3e31c89dfe6d2fb213c311926c64a7ea947b67fadf5a9e712bb8,results/stage28_stability_novelty_control/stage28_2a_stage27_seed_stability/stage28_2a24_ddos_lightgbm_seed45/stage28_2a24_ddos_lightgbm_seed45_result.json,results/stage28_stability_novelty_control/stage28_2a_stage27_seed_stability/stage28_2a24_ddos_lightgbm_seed45/stage28_2a24_ddos_lightgbm_seed45_fit_ledger.json,PASS
39,C039,28A_TRAINING_SEED_STABILITY,STAGE27_CHRONOLOGY_LOAO,DDOS,28A_STAGE27_CHRONO::DDOS::XGBOOST::SEED46,XGBOOST,XGB_11,46,CPU,NEW_FIT_AUTHORIZED,33,f0f79c993ba61a0d11f6abb3fe34419203768a8f65df0dbcee72f3fa9d93f676,results/stage28_stability_novelty_control/stage28_2a_stage27_seed_stability/stage28_2a25_ddos_xgboost_seed46/ddos_xgboost_seed46_cpu_model.json,e0c05f06ba1ee027338fc8dbf3c2a4c75d2342b75f75d51c6918497c3f12b0f9,results/stage28_stability_novelty_control/stage28_2a_stage27_seed_stability/stage28_2a25_ddos_xgboost_seed46/stage28_2a25_ddos_xgboost_seed46_result.json,results/stage28_stability_novelty_control/stage28_2a_stage27_seed_stability/stage28_2a25_ddos_xgboost_seed46/stage28_2a25_ddos_xgboost_seed46_fit_ledger.json,PASS
40,C040,28A_TRAINING_SEED_STABILITY,STAGE27_CHRONOLOGY_LOAO,DDOS,28A_STAGE27_CHRONO::DDOS::LIGHTGBM::SEED46,LIGHTGBM,LGBM_11,46,CPU,NEW_FIT_AUTHORIZED,34,7847b3ccffa8bdc77842ddf8ae34dddfec4d7b468b41824b2603d47828190d9c,results/stage28_stability_novelty_control/stage28_2a_stage27_seed_stability/stage28_2a26_ddos_lightgbm_seed46/ddos_lightgbm_seed46_cpu_model.txt,d83733dd072f5f84f59420952817c52109bea4213f90fe518bdcfc9eed554e97,results/stage28_stability_novelty_control/stage28_2a_stage27_seed_stability/stage28_2a26_ddos_lightgbm_seed46/stage28_2a26_ddos_lightgbm_seed46_result.json,results/stage28_stability_novelty_control/stage28_2a_stage27_seed_stability/stage28_2a26_ddos_lightgbm_seed46/stage28_2a26_ddos_lightgbm_seed46_fit_ledger.json,PASS
41,C041,28A_TRAINING_SEED_STABILITY,STAGE27_CHRONOLOGY_LOAO,INFILTRATION,28A_STAGE27_CHRONO::INFILTRATION::XGBOOST::SEED42,XGBOOST,XGB_11,42,CPU,REUSE_EXISTING,,1eb12cc88f3e1b455da9882d8439938fda175c66435940a5e2a6850cbcda63ff,results/stage27_loao_unseen_attack/stage27_2a_preopening_models/models/INFILTRATION_XGBOOST_XGB_11.json,0611a874f999a4483d20ac8a1a01418dc6f08d36636a203ce209d37be3e6c2e9,,,PASS
42,C042,28A_TRAINING_SEED_STABILITY,STAGE27_CHRONOLOGY_LOAO,INFILTRATION,28A_STAGE27_CHRONO::INFILTRATION::LIGHTGBM::SEED42,LIGHTGBM,LGBM_11,42,CPU,REUSE_EXISTING,,dbb7ac185b3ac6aa8e3ac915cfa2b2080ee54bec8e7a38cab83537faad2f2754,results/stage27_loao_unseen_attack/stage27_2a_preopening_models/models/INFILTRATION_LIGHTGBM_LGBM_11.txt,5dc9100c3e0fcad481b61a6a6b35008a1943cc7881416a4b89cd143501b77751,,,PASS
43,C043,28A_TRAINING_SEED_STABILITY,STAGE27_CHRONOLOGY_LOAO,INFILTRATION,28A_STAGE27_CHRONO::INFILTRATION::XGBOOST::SEED43,XGBOOST,XGB_11,43,CPU,NEW_FIT_AUTHORIZED,35,5ac981f17f3327f8de881b672b6bf35a3b020a3a56a68957146cbe6622e30ed0,results/stage28_stability_novelty_control/stage28_2a_stage27_seed_stability/stage28_2a27_infiltration_xgboost_seed43/infiltration_xgboost_seed43_cpu_model.json,4a831f5fc932c27fae778db8181441ddb232da989e2a4c7780d315cd4528c934,results/stage28_stability_novelty_control/stage28_2a_stage27_seed_stability/stage28_2a27_infiltration_xgboost_seed43/stage28_2a27_infiltration_xgboost_seed43_result.json,results/stage28_stability_novelty_control/stage28_2a_stage27_seed_stability/stage28_2a27_infiltration_xgboost_seed43/stage28_2a27_infiltration_xgboost_seed43_fit_ledger.json,PASS
44,C044,28A_TRAINING_SEED_STABILITY,STAGE27_CHRONOLOGY_LOAO,INFILTRATION,28A_STAGE27_CHRONO::INFILTRATION::LIGHTGBM::SEED43,LIGHTGBM,LGBM_11,43,CPU,NEW_FIT_AUTHORIZED,36,d43b2e4009bec8e9874a2ec0fd65f1279ea8d493808a386ab84fc801076e9c13,results/stage28_stability_novelty_control/stage28_2a_stage27_seed_stability/stage28_2a28_infiltration_lightgbm_seed43/infiltration_lightgbm_seed43_cpu_model.txt,f1000df7facbc46ac5d54781357ec279700b25336d109f09dfb6c5592f074bd1,results/stage28_stability_novelty_control/stage28_2a_stage27_seed_stability/stage28_2a28_infiltration_lightgbm_seed43/stage28_2a28_infiltration_lightgbm_seed43_result.json,results/stage28_stability_novelty_control/stage28_2a_stage27_seed_stability/stage28_2a28_infiltration_lightgbm_seed43/stage28_2a28_infiltration_lightgbm_seed43_fit_ledger.json,PASS
45,C045,28A_TRAINING_SEED_STABILITY,STAGE27_CHRONOLOGY_LOAO,INFILTRATION,28A_STAGE27_CHRONO::INFILTRATION::XGBOOST::SEED44,XGBOOST,XGB_11,44,CPU,NEW_FIT_AUTHORIZED,37,ae022425b27139a0ccdbb8e08ab9035ab386c4521afb3d9f095b1f7dc5cb7731,results/stage28_stability_novelty_control/stage28_2a_stage27_seed_stability/stage28_2a29_infiltration_xgboost_seed44/infiltration_xgboost_seed44_cpu_model.json,514c910f23c113da0a20f39172ef4b2683db1ec56169c5bdcdbed1114e928977,results/stage28_stability_novelty_control/stage28_2a_stage27_seed_stability/stage28_2a29_infiltration_xgboost_seed44/stage28_2a29_infiltration_xgboost_seed44_result.json,results/stage28_stability_novelty_control/stage28_2a_stage27_seed_stability/stage28_2a29_infiltration_xgboost_seed44/stage28_2a29_infiltration_xgboost_seed44_fit_ledger.json,PASS
46,C046,28A_TRAINING_SEED_STABILITY,STAGE27_CHRONOLOGY_LOAO,INFILTRATION,28A_STAGE27_CHRONO::INFILTRATION::LIGHTGBM::SEED44,LIGHTGBM,LGBM_11,44,CPU,NEW_FIT_AUTHORIZED,38,0ed7e79e2b5d5f55b4cf8a3753c5df9ad083d412aa0ad08f72610f69b7692454,results/stage28_stability_novelty_control/stage28_2a_stage27_seed_stability/stage28_2a30_infiltration_lightgbm_seed44/infiltration_lightgbm_seed44_cpu_model.txt,d29d040291d2130d442d95957d4f06eaa57cf8c175d8662cd8d5cfa99359d07a,results/stage28_stability_novelty_control/stage28_2a_stage27_seed_stability/stage28_2a30_infiltration_lightgbm_seed44/stage28_2a30_infiltration_lightgbm_seed44_result.json,results/stage28_stability_novelty_control/stage28_2a_stage27_seed_stability/stage28_2a30_infiltration_lightgbm_seed44/stage28_2a30_infiltration_lightgbm_seed44_fit_ledger.json,PASS
47,C047,28A_TRAINING_SEED_STABILITY,STAGE27_CHRONOLOGY_LOAO,INFILTRATION,28A_STAGE27_CHRONO::INFILTRATION::XGBOOST::SEED45,XGBOOST,XGB_11,45,CPU,NEW_FIT_AUTHORIZED,39,ca62fc9245eaad469fdf744635d56dc10951d77cf808c1616122be817be35565,results/stage28_stability_novelty_control/stage28_2a_stage27_seed_stability/stage28_2a31_infiltration_xgboost_seed45/infiltration_xgboost_seed45_cpu_model.json,59c1026f5bc6d1bd28791bc5ecd87188cf2505dfc78e567f65e012eaba55f40a,results/stage28_stability_novelty_control/stage28_2a_stage27_seed_stability/stage28_2a31_infiltration_xgboost_seed45/stage28_2a31_infiltration_xgboost_seed45_result.json,results/stage28_stability_novelty_control/stage28_2a_stage27_seed_stability/stage28_2a31_infiltration_xgboost_seed45/stage28_2a31_infiltration_xgboost_seed45_fit_ledger.json,PASS
48,C048,28A_TRAINING_SEED_STABILITY,STAGE27_CHRONOLOGY_LOAO,INFILTRATION,28A_STAGE27_CHRONO::INFILTRATION::LIGHTGBM::SEED45,LIGHTGBM,LGBM_11,45,CPU,NEW_FIT_AUTHORIZED,40,6daf64f6e8034953ca426e6241177a45ee5cc6bdf5434bfa5a8f3789e34f431c,results/stage28_stability_novelty_control/stage28_2a_stage27_seed_stability/stage28_2a32_infiltration_lightgbm_seed45/infiltration_lightgbm_seed45_cpu_model.txt,620c362840ab5f8b018e3b1abaec62ca741ea7d731c2491b5cb014175a4a68cb,results/stage28_stability_novelty_control/stage28_2a_stage27_seed_stability/stage28_2a32_infiltration_lightgbm_seed45/stage28_2a32_infiltration_lightgbm_seed45_result.json,results/stage28_stability_novelty_control/stage28_2a_stage27_seed_stability/stage28_2a32_infiltration_lightgbm_seed45/stage28_2a32_infiltration_lightgbm_seed45_fit_ledger.json,PASS
49,C049,28A_TRAINING_SEED_STABILITY,STAGE27_CHRONOLOGY_LOAO,INFILTRATION,28A_STAGE27_CHRONO::INFILTRATION::XGBOOST::SEED46,XGBOOST,XGB_11,46,CPU,NEW_FIT_AUTHORIZED,41,f0f79c993ba61a0d11f6abb3fe34419203768a8f65df0dbcee72f3fa9d93f676,results/stage28_stability_novelty_control/stage28_2a_stage27_seed_stability/stage28_2a33_infiltration_xgboost_seed46/infiltration_xgboost_seed46_cpu_model.json,804dd2ac565e6d46694267a16e8c911a590aef7273042d6ae9538867be634395,results/stage28_stability_novelty_control/stage28_2a_stage27_seed_stability/stage28_2a33_infiltration_xgboost_seed46/stage28_2a33_infiltration_xgboost_seed46_result.json,results/stage28_stability_novelty_control/stage28_2a_stage27_seed_stability/stage28_2a33_infiltration_xgboost_seed46/stage28_2a33_infiltration_xgboost_seed46_fit_ledger.json,PASS
50,C050,28A_TRAINING_SEED_STABILITY,STAGE27_CHRONOLOGY_LOAO,INFILTRATION,28A_STAGE27_CHRONO::INFILTRATION::LIGHTGBM::SEED46,LIGHTGBM,LGBM_11,46,CPU,NEW_FIT_AUTHORIZED,42,7847b3ccffa8bdc77842ddf8ae34dddfec4d7b468b41824b2603d47828190d9c,results/stage28_stability_novelty_control/stage28_2a_stage27_seed_stability/stage28_2a34_infiltration_lightgbm_seed46/infiltration_lightgbm_seed46_cpu_model.txt,8384f56cfef4e4e7bc8b2e2974a10de143dd681ff474572d1dcab3dba576217a,results/stage28_stability_novelty_control/stage28_2a_stage27_seed_stability/stage28_2a34_infiltration_lightgbm_seed46/stage28_2a34_infiltration_lightgbm_seed46_result.json,results/stage28_stability_novelty_control/stage28_2a_stage27_seed_stability/stage28_2a34_infiltration_lightgbm_seed46/stage28_2a34_infiltration_lightgbm_seed46_fit_ledger.json,PASS
51,C051,28A_TRAINING_SEED_STABILITY,STAGE27_CHRONOLOGY_LOAO,PORT_SCAN,28A_STAGE27_CHRONO::PORT_SCAN::XGBOOST::SEED42,XGBOOST,XGB_11,42,CPU,REUSE_EXISTING,,1eb12cc88f3e1b455da9882d8439938fda175c66435940a5e2a6850cbcda63ff,results/stage27_loao_unseen_attack/stage27_2a_preopening_models/models/PORT_SCAN_XGBOOST_XGB_11.json,3d7b8747f911ae406894dbb07ec6870ceda91653e09792702b85e5777c5d43c9,,,PASS
52,C052,28A_TRAINING_SEED_STABILITY,STAGE27_CHRONOLOGY_LOAO,PORT_SCAN,28A_STAGE27_CHRONO::PORT_SCAN::LIGHTGBM::SEED42,LIGHTGBM,LGBM_11,42,CPU,REUSE_EXISTING,,dbb7ac185b3ac6aa8e3ac915cfa2b2080ee54bec8e7a38cab83537faad2f2754,results/stage27_loao_unseen_attack/stage27_2a_preopening_models/models/PORT_SCAN_LIGHTGBM_LGBM_11.txt,d257eeb3b63018cde78b9460dadb02c46e0287cde5f8477bab0b8ff757962c4c,,,PASS
53,C053,28A_TRAINING_SEED_STABILITY,STAGE27_CHRONOLOGY_LOAO,PORT_SCAN,28A_STAGE27_CHRONO::PORT_SCAN::XGBOOST::SEED43,XGBOOST,XGB_11,43,CPU,NEW_FIT_AUTHORIZED,43,5ac981f17f3327f8de881b672b6bf35a3b020a3a56a68957146cbe6622e30ed0,results/stage28_stability_novelty_control/stage28_2a_stage27_seed_stability/stage28_2a35_port_scan_xgboost_seed43/port_scan_xgboost_seed43_cpu_model.json,3eda9722dc50b8056b9e1a951513d0b6153913c155f91aec02b8cae1006112a9,results/stage28_stability_novelty_control/stage28_2a_stage27_seed_stability/stage28_2a35_port_scan_xgboost_seed43/stage28_2a35_port_scan_xgboost_seed43_result.json,results/stage28_stability_novelty_control/stage28_2a_stage27_seed_stability/stage28_2a35_port_scan_xgboost_seed43/stage28_2a35_port_scan_xgboost_seed43_fit_ledger.json,PASS
54,C054,28A_TRAINING_SEED_STABILITY,STAGE27_CHRONOLOGY_LOAO,PORT_SCAN,28A_STAGE27_CHRONO::PORT_SCAN::LIGHTGBM::SEED43,LIGHTGBM,LGBM_11,43,CPU,NEW_FIT_AUTHORIZED,44,d43b2e4009bec8e9874a2ec0fd65f1279ea8d493808a386ab84fc801076e9c13,results/stage28_stability_novelty_control/stage28_2a_stage27_seed_stability/stage28_2a36_port_scan_lightgbm_seed43/port_scan_lightgbm_seed43_cpu_model.txt,1d9db1d86bf2c588fae7b7baa9501d3d7ed0ed4f1d23ff674e706c71fff3a099,results/stage28_stability_novelty_control/stage28_2a_stage27_seed_stability/stage28_2a36_port_scan_lightgbm_seed43/stage28_2a36_port_scan_lightgbm_seed43_result.json,results/stage28_stability_novelty_control/stage28_2a_stage27_seed_stability/stage28_2a36_port_scan_lightgbm_seed43/stage28_2a36_port_scan_lightgbm_seed43_fit_ledger.json,PASS
55,C055,28A_TRAINING_SEED_STABILITY,STAGE27_CHRONOLOGY_LOAO,PORT_SCAN,28A_STAGE27_CHRONO::PORT_SCAN::XGBOOST::SEED44,XGBOOST,XGB_11,44,CPU,NEW_FIT_AUTHORIZED,45,ae022425b27139a0ccdbb8e08ab9035ab386c4521afb3d9f095b1f7dc5cb7731,results/stage28_stability_novelty_control/stage28_2a_stage27_seed_stability/stage28_2a37_port_scan_xgboost_seed44/port_scan_xgboost_seed44_cpu_model.json,8a84c304e4c510b7537fab4e3bcd1b0e224b84db381055aa6e9c0f2e55a1603c,results/stage28_stability_novelty_control/stage28_2a_stage27_seed_stability/stage28_2a37_port_scan_xgboost_seed44/stage28_2a37_port_scan_xgboost_seed44_result.json,results/stage28_stability_novelty_control/stage28_2a_stage27_seed_stability/stage28_2a37_port_scan_xgboost_seed44/stage28_2a37_port_scan_xgboost_seed44_fit_ledger.json,PASS
56,C056,28A_TRAINING_SEED_STABILITY,STAGE27_CHRONOLOGY_LOAO,PORT_SCAN,28A_STAGE27_CHRONO::PORT_SCAN::LIGHTGBM::SEED44,LIGHTGBM,LGBM_11,44,CPU,NEW_FIT_AUTHORIZED,46,0ed7e79e2b5d5f55b4cf8a3753c5df9ad083d412aa0ad08f72610f69b7692454,results/stage28_stability_novelty_control/stage28_2a_stage27_seed_stability/stage28_2a38_port_scan_lightgbm_seed44/port_scan_lightgbm_seed44_cpu_model.txt,6f4ace8c8a657eb3f7c69e918244a88e6c10ad00b8569edec3263a8e68d736b5,results/stage28_stability_novelty_control/stage28_2a_stage27_seed_stability/stage28_2a38_port_scan_lightgbm_seed44/stage28_2a38_port_scan_lightgbm_seed44_result.json,results/stage28_stability_novelty_control/stage28_2a_stage27_seed_stability/stage28_2a38_port_scan_lightgbm_seed44/stage28_2a38_port_scan_lightgbm_seed44_fit_ledger.json,PASS
57,C057,28A_TRAINING_SEED_STABILITY,STAGE27_CHRONOLOGY_LOAO,PORT_SCAN,28A_STAGE27_CHRONO::PORT_SCAN::XGBOOST::SEED45,XGBOOST,XGB_11,45,CPU,NEW_FIT_AUTHORIZED,47,ca62fc9245eaad469fdf744635d56dc10951d77cf808c1616122be817be35565,results/stage28_stability_novelty_control/stage28_2a_stage27_seed_stability/stage28_2a39_port_scan_xgboost_seed45/port_scan_xgboost_seed45_cpu_model.json,c12640aaaa1c8584558d41893cf7ff8694438eaac304d34b78d009765585e644,results/stage28_stability_novelty_control/stage28_2a_stage27_seed_stability/stage28_2a39_port_scan_xgboost_seed45/stage28_2a39_port_scan_xgboost_seed45_result.json,results/stage28_stability_novelty_control/stage28_2a_stage27_seed_stability/stage28_2a39_port_scan_xgboost_seed45/stage28_2a39_port_scan_xgboost_seed45_fit_ledger.json,PASS
58,C058,28A_TRAINING_SEED_STABILITY,STAGE27_CHRONOLOGY_LOAO,PORT_SCAN,28A_STAGE27_CHRONO::PORT_SCAN::LIGHTGBM::SEED45,LIGHTGBM,LGBM_11,45,CPU,NEW_FIT_AUTHORIZED,48,6daf64f6e8034953ca426e6241177a45ee5cc6bdf5434bfa5a8f3789e34f431c,results/stage28_stability_novelty_control/stage28_2a_stage27_seed_stability/stage28_2a40_port_scan_lightgbm_seed45/port_scan_lightgbm_seed45_cpu_model.txt,079dfcbcb3643c7ff06a6fe3db87f9f5cf6f4995a07054b88e487c2d4b9e9f02,results/stage28_stability_novelty_control/stage28_2a_stage27_seed_stability/stage28_2a40_port_scan_lightgbm_seed45/stage28_2a40_port_scan_lightgbm_seed45_result.json,results/stage28_stability_novelty_control/stage28_2a_stage27_seed_stability/stage28_2a40_port_scan_lightgbm_seed45/stage28_2a40_port_scan_lightgbm_seed45_fit_ledger.json,PASS
59,C059,28A_TRAINING_SEED_STABILITY,STAGE27_CHRONOLOGY_LOAO,PORT_SCAN,28A_STAGE27_CHRONO::PORT_SCAN::XGBOOST::SEED46,XGBOOST,XGB_11,46,CPU,NEW_FIT_AUTHORIZED,49,f0f79c993ba61a0d11f6abb3fe34419203768a8f65df0dbcee72f3fa9d93f676,results/stage28_stability_novelty_control/stage28_2a_stage27_seed_stability/stage28_2a41_port_scan_xgboost_seed46/port_scan_xgboost_seed46_cpu_model.json,e0c05f06ba1ee027338fc8dbf3c2a4c75d2342b75f75d51c6918497c3f12b0f9,results/stage28_stability_novelty_control/stage28_2a_stage27_seed_stability/stage28_2a41_port_scan_xgboost_seed46/stage28_2a41_port_scan_xgboost_seed46_result.json,results/stage28_stability_novelty_control/stage28_2a_stage27_seed_stability/stage28_2a41_port_scan_xgboost_seed46/stage28_2a41_port_scan_xgboost_seed46_fit_ledger.json,PASS
60,C060,28A_TRAINING_SEED_STABILITY,STAGE27_CHRONOLOGY_LOAO,PORT_SCAN,28A_STAGE27_CHRONO::PORT_SCAN::LIGHTGBM::SEED46,LIGHTGBM,LGBM_11,46,CPU,NEW_FIT_AUTHORIZED,50,7847b3ccffa8bdc77842ddf8ae34dddfec4d7b468b41824b2603d47828190d9c,results/stage28_stability_novelty_control/stage28_2a_stage27_seed_stability/stage28_2a42_port_scan_lightgbm_seed46/port_scan_lightgbm_seed46_cpu_model.txt,bef0f3f9cf55a1badcde796f667b71edb281386852f9578b4bfae1c82dcbff9a,results/stage28_stability_novelty_control/stage28_2a_stage27_seed_stability/stage28_2a42_port_scan_lightgbm_seed46/stage28_2a42_port_scan_lightgbm_seed46_result.json,results/stage28_stability_novelty_control/stage28_2a_stage27_seed_stability/stage28_2a42_port_scan_lightgbm_seed46/stage28_2a42_port_scan_lightgbm_seed46_fit_ledger.json,PASS
61,C061,28A_TRAINING_SEED_STABILITY,STAGE27_CHRONOLOGY_LOAO,WEB_ATTACK,28A_STAGE27_CHRONO::WEB_ATTACK::XGBOOST::SEED42,XGBOOST,XGB_11,42,CPU,REUSE_EXISTING,,1eb12cc88f3e1b455da9882d8439938fda175c66435940a5e2a6850cbcda63ff,results/stage27_loao_unseen_attack/stage27_2a_preopening_models/models/WEB_ATTACK_XGBOOST_XGB_11.json,0611a874f999a4483d20ac8a1a01418dc6f08d36636a203ce209d37be3e6c2e9,,,PASS
62,C062,28A_TRAINING_SEED_STABILITY,STAGE27_CHRONOLOGY_LOAO,WEB_ATTACK,28A_STAGE27_CHRONO::WEB_ATTACK::LIGHTGBM::SEED42,LIGHTGBM,LGBM_11,42,CPU,REUSE_EXISTING,,dbb7ac185b3ac6aa8e3ac915cfa2b2080ee54bec8e7a38cab83537faad2f2754,results/stage27_loao_unseen_attack/stage27_2a_preopening_models/models/WEB_ATTACK_LIGHTGBM_LGBM_11.txt,5dc9100c3e0fcad481b61a6a6b35008a1943cc7881416a4b89cd143501b77751,,,PASS
63,C063,28A_TRAINING_SEED_STABILITY,STAGE27_CHRONOLOGY_LOAO,WEB_ATTACK,28A_STAGE27_CHRONO::WEB_ATTACK::XGBOOST::SEED43,XGBOOST,XGB_11,43,CPU,NEW_FIT_AUTHORIZED,51,5ac981f17f3327f8de881b672b6bf35a3b020a3a56a68957146cbe6622e30ed0,results/stage28_stability_novelty_control/stage28_2a_stage27_seed_stability/stage28_2a43_web_attack_xgboost_seed43/web_attack_xgboost_seed43_cpu_model.json,4a831f5fc932c27fae778db8181441ddb232da989e2a4c7780d315cd4528c934,results/stage28_stability_novelty_control/stage28_2a_stage27_seed_stability/stage28_2a43_web_attack_xgboost_seed43/stage28_2a43_web_attack_xgboost_seed43_result.json,results/stage28_stability_novelty_control/stage28_2a_stage27_seed_stability/stage28_2a43_web_attack_xgboost_seed43/stage28_2a43_web_attack_xgboost_seed43_fit_ledger.json,PASS
64,C064,28A_TRAINING_SEED_STABILITY,STAGE27_CHRONOLOGY_LOAO,WEB_ATTACK,28A_STAGE27_CHRONO::WEB_ATTACK::LIGHTGBM::SEED43,LIGHTGBM,LGBM_11,43,CPU,NEW_FIT_AUTHORIZED,52,d43b2e4009bec8e9874a2ec0fd65f1279ea8d493808a386ab84fc801076e9c13,results/stage28_stability_novelty_control/stage28_2a_stage27_seed_stability/stage28_2a44_web_attack_lightgbm_seed43/web_attack_lightgbm_seed43_cpu_model.txt,f1000df7facbc46ac5d54781357ec279700b25336d109f09dfb6c5592f074bd1,results/stage28_stability_novelty_control/stage28_2a_stage27_seed_stability/stage28_2a44_web_attack_lightgbm_seed43/stage28_2a44_web_attack_lightgbm_seed43_result.json,results/stage28_stability_novelty_control/stage28_2a_stage27_seed_stability/stage28_2a44_web_attack_lightgbm_seed43/stage28_2a44_web_attack_lightgbm_seed43_fit_ledger.json,PASS
65,C065,28A_TRAINING_SEED_STABILITY,STAGE27_CHRONOLOGY_LOAO,WEB_ATTACK,28A_STAGE27_CHRONO::WEB_ATTACK::XGBOOST::SEED44,XGBOOST,XGB_11,44,CPU,NEW_FIT_AUTHORIZED,53,ae022425b27139a0ccdbb8e08ab9035ab386c4521afb3d9f095b1f7dc5cb7731,results/stage28_stability_novelty_control/stage28_2a_stage27_seed_stability/stage28_2a45_web_attack_xgboost_seed44/web_attack_xgboost_seed44_cpu_model.json,514c910f23c113da0a20f39172ef4b2683db1ec56169c5bdcdbed1114e928977,results/stage28_stability_novelty_control/stage28_2a_stage27_seed_stability/stage28_2a45_web_attack_xgboost_seed44/stage28_2a45_web_attack_xgboost_seed44_result.json,results/stage28_stability_novelty_control/stage28_2a_stage27_seed_stability/stage28_2a45_web_attack_xgboost_seed44/stage28_2a45_web_attack_xgboost_seed44_fit_ledger.json,PASS
66,C066,28A_TRAINING_SEED_STABILITY,STAGE27_CHRONOLOGY_LOAO,WEB_ATTACK,28A_STAGE27_CHRONO::WEB_ATTACK::LIGHTGBM::SEED44,LIGHTGBM,LGBM_11,44,CPU,NEW_FIT_AUTHORIZED,54,0ed7e79e2b5d5f55b4cf8a3753c5df9ad083d412aa0ad08f72610f69b7692454,results/stage28_stability_novelty_control/stage28_2a_stage27_seed_stability/stage28_2a46_web_attack_lightgbm_seed44/web_attack_lightgbm_seed44_cpu_model.txt,d29d040291d2130d442d95957d4f06eaa57cf8c175d8662cd8d5cfa99359d07a,results/stage28_stability_novelty_control/stage28_2a_stage27_seed_stability/stage28_2a46_web_attack_lightgbm_seed44/stage28_2a46_web_attack_lightgbm_seed44_result.json,results/stage28_stability_novelty_control/stage28_2a_stage27_seed_stability/stage28_2a46_web_attack_lightgbm_seed44/stage28_2a46_web_attack_lightgbm_seed44_fit_ledger.json,PASS
67,C067,28A_TRAINING_SEED_STABILITY,STAGE27_CHRONOLOGY_LOAO,WEB_ATTACK,28A_STAGE27_CHRONO::WEB_ATTACK::XGBOOST::SEED45,XGBOOST,XGB_11,45,CPU,NEW_FIT_AUTHORIZED,55,ca62fc9245eaad469fdf744635d56dc10951d77cf808c1616122be817be35565,results/stage28_stability_novelty_control/stage28_2a_stage27_seed_stability/stage28_2a47_web_attack_xgboost_seed45/web_attack_xgboost_seed45_cpu_model.json,59c1026f5bc6d1bd28791bc5ecd87188cf2505dfc78e567f65e012eaba55f40a,results/stage28_stability_novelty_control/stage28_2a_stage27_seed_stability/stage28_2a47_web_attack_xgboost_seed45/stage28_2a47_web_attack_xgboost_seed45_result.json,results/stage28_stability_novelty_control/stage28_2a_stage27_seed_stability/stage28_2a47_web_attack_xgboost_seed45/stage28_2a47_web_attack_xgboost_seed45_fit_ledger.json,PASS
68,C068,28A_TRAINING_SEED_STABILITY,STAGE27_CHRONOLOGY_LOAO,WEB_ATTACK,28A_STAGE27_CHRONO::WEB_ATTACK::LIGHTGBM::SEED45,LIGHTGBM,LGBM_11,45,CPU,NEW_FIT_AUTHORIZED,56,6daf64f6e8034953ca426e6241177a45ee5cc6bdf5434bfa5a8f3789e34f431c,results/stage28_stability_novelty_control/stage28_2a_stage27_seed_stability/stage28_2a48_web_attack_lightgbm_seed45/web_attack_lightgbm_seed45_cpu_model.txt,620c362840ab5f8b018e3b1abaec62ca741ea7d731c2491b5cb014175a4a68cb,results/stage28_stability_novelty_control/stage28_2a_stage27_seed_stability/stage28_2a48_web_attack_lightgbm_seed45/stage28_2a48_web_attack_lightgbm_seed45_result.json,results/stage28_stability_novelty_control/stage28_2a_stage27_seed_stability/stage28_2a48_web_attack_lightgbm_seed45/stage28_2a48_web_attack_lightgbm_seed45_fit_ledger.json,PASS
69,C069,28A_TRAINING_SEED_STABILITY,STAGE27_CHRONOLOGY_LOAO,WEB_ATTACK,28A_STAGE27_CHRONO::WEB_ATTACK::XGBOOST::SEED46,XGBOOST,XGB_11,46,CPU,NEW_FIT_AUTHORIZED,57,f0f79c993ba61a0d11f6abb3fe34419203768a8f65df0dbcee72f3fa9d93f676,results/stage28_stability_novelty_control/stage28_2a_stage27_seed_stability/stage28_2a49_web_attack_xgboost_seed46/web_attack_xgboost_seed46_cpu_model.json,804dd2ac565e6d46694267a16e8c911a590aef7273042d6ae9538867be634395,results/stage28_stability_novelty_control/stage28_2a_stage27_seed_stability/stage28_2a49_web_attack_xgboost_seed46/stage28_2a49_web_attack_xgboost_seed46_result.json,results/stage28_stability_novelty_control/stage28_2a_stage27_seed_stability/stage28_2a49_web_attack_xgboost_seed46/stage28_2a49_web_attack_xgboost_seed46_fit_ledger.json,PASS
70,C070,28A_TRAINING_SEED_STABILITY,STAGE27_CHRONOLOGY_LOAO,WEB_ATTACK,28A_STAGE27_CHRONO::WEB_ATTACK::LIGHTGBM::SEED46,LIGHTGBM,LGBM_11,46,CPU,NEW_FIT_AUTHORIZED,58,7847b3ccffa8bdc77842ddf8ae34dddfec4d7b468b41824b2603d47828190d9c,results/stage28_stability_novelty_control/stage28_2a_stage27_seed_stability/stage28_2a50_web_attack_lightgbm_seed46/web_attack_lightgbm_seed46_cpu_model.txt,8384f56cfef4e4e7bc8b2e2974a10de143dd681ff474572d1dcab3dba576217a,results/stage28_stability_novelty_control/stage28_2a_stage27_seed_stability/stage28_2a50_web_attack_lightgbm_seed46/stage28_2a50_web_attack_lightgbm_seed46_result.json,results/stage28_stability_novelty_control/stage28_2a_stage27_seed_stability/stage28_2a50_web_attack_lightgbm_seed46/stage28_2a50_web_attack_lightgbm_seed46_fit_ledger.json,PASS
71,C071,28B_RANDOM_SPLIT_LOAO_CONTROL,STAGE28B_RANDOM_LOAO,BOT,28B_RANDOM_LOAO::BOT::XGBOOST::SEED42,XGBOOST,XGB_11,42,CPU,NEW_FIT_AUTHORIZED,59,1eb12cc88f3e1b455da9882d8439938fda175c66435940a5e2a6850cbcda63ff,results/stage28_stability_novelty_control/stage28_2b_random_loao_control/stage28_2b1_bot_xgboost_seed42/bot_xgboost_seed42_cpu_model.json,cbfe69d53f07461f5f361fc67aef5d8bd28ffaeaeb9982b421906e2f7f9709d9,results/stage28_stability_novelty_control/stage28_2b_random_loao_control/stage28_2b1_bot_xgboost_seed42/stage28_2b1_bot_xgboost_seed42_result.json,results/stage28_stability_novelty_control/stage28_2b_random_loao_control/stage28_2b1_bot_xgboost_seed42/stage28_2b1_bot_xgboost_seed42_fit_ledger.json,PASS
72,C072,28B_RANDOM_SPLIT_LOAO_CONTROL,STAGE28B_RANDOM_LOAO,BOT,28B_RANDOM_LOAO::BOT::LIGHTGBM::SEED42,LIGHTGBM,LGBM_11,42,CPU,NEW_FIT_AUTHORIZED,60,dbb7ac185b3ac6aa8e3ac915cfa2b2080ee54bec8e7a38cab83537faad2f2754,results/stage28_stability_novelty_control/stage28_2b_random_loao_control/stage28_2b2_bot_lightgbm_seed42/bot_lightgbm_seed42_cpu_model.txt,a3be24ac952160d1403a49b32c69871d54f268b5b2e0064215f4a2924f6b0e93,results/stage28_stability_novelty_control/stage28_2b_random_loao_control/stage28_2b2_bot_lightgbm_seed42/stage28_2b2_bot_lightgbm_seed42_result.json,results/stage28_stability_novelty_control/stage28_2b_random_loao_control/stage28_2b2_bot_lightgbm_seed42/stage28_2b2_bot_lightgbm_seed42_fit_ledger.json,PASS
73,C073,28B_RANDOM_SPLIT_LOAO_CONTROL,STAGE28B_RANDOM_LOAO,BOT,28B_RANDOM_LOAO::BOT::XGBOOST::SEED43,XGBOOST,XGB_11,43,CPU,NEW_FIT_AUTHORIZED,61,5ac981f17f3327f8de881b672b6bf35a3b020a3a56a68957146cbe6622e30ed0,results/stage28_stability_novelty_control/stage28_2b_random_loao_control/stage28_2b3_bot_xgboost_seed43/bot_xgboost_seed43_cpu_model.json,4302562084261ba288aa4c4faa73e3b624d36a980ad17a2c0b429d3b436507c5,results/stage28_stability_novelty_control/stage28_2b_random_loao_control/stage28_2b3_bot_xgboost_seed43/stage28_2b3_bot_xgboost_seed43_result.json,results/stage28_stability_novelty_control/stage28_2b_random_loao_control/stage28_2b3_bot_xgboost_seed43/stage28_2b3_bot_xgboost_seed43_fit_ledger.json,PASS
74,C074,28B_RANDOM_SPLIT_LOAO_CONTROL,STAGE28B_RANDOM_LOAO,BOT,28B_RANDOM_LOAO::BOT::LIGHTGBM::SEED43,LIGHTGBM,LGBM_11,43,CPU,NEW_FIT_AUTHORIZED,62,d43b2e4009bec8e9874a2ec0fd65f1279ea8d493808a386ab84fc801076e9c13,results/stage28_stability_novelty_control/stage28_2b_random_loao_control/stage28_2b4_bot_lightgbm_seed43/bot_lightgbm_seed43_cpu_model.txt,185d9357b5663eba22a14458f2d560ef312c90d2556aced48b40d3411365ab09,results/stage28_stability_novelty_control/stage28_2b_random_loao_control/stage28_2b4_bot_lightgbm_seed43/stage28_2b4_bot_lightgbm_seed43_result.json,results/stage28_stability_novelty_control/stage28_2b_random_loao_control/stage28_2b4_bot_lightgbm_seed43/stage28_2b4_bot_lightgbm_seed43_fit_ledger.json,PASS
75,C075,28B_RANDOM_SPLIT_LOAO_CONTROL,STAGE28B_RANDOM_LOAO,BOT,28B_RANDOM_LOAO::BOT::XGBOOST::SEED44,XGBOOST,XGB_11,44,CPU,NEW_FIT_AUTHORIZED,63,ae022425b27139a0ccdbb8e08ab9035ab386c4521afb3d9f095b1f7dc5cb7731,results/stage28_stability_novelty_control/stage28_2b_random_loao_control/stage28_2b5_bot_xgboost_seed44/bot_xgboost_seed44_cpu_model.json,6c1b987100088a8156ec4ce6bab2a165aee3e78cb9f7cafeb8ae005772aa396d,results/stage28_stability_novelty_control/stage28_2b_random_loao_control/stage28_2b5_bot_xgboost_seed44/stage28_2b5_bot_xgboost_seed44_result.json,results/stage28_stability_novelty_control/stage28_2b_random_loao_control/stage28_2b5_bot_xgboost_seed44/stage28_2b5_bot_xgboost_seed44_fit_ledger.json,PASS
76,C076,28B_RANDOM_SPLIT_LOAO_CONTROL,STAGE28B_RANDOM_LOAO,BOT,28B_RANDOM_LOAO::BOT::LIGHTGBM::SEED44,LIGHTGBM,LGBM_11,44,CPU,NEW_FIT_AUTHORIZED,64,0ed7e79e2b5d5f55b4cf8a3753c5df9ad083d412aa0ad08f72610f69b7692454,results/stage28_stability_novelty_control/stage28_2b_random_loao_control/stage28_2b6_bot_lightgbm_seed44/bot_lightgbm_seed44_cpu_model.txt,d1510342868b7dccb69f72c7914bb5deb168d84763326567fd13c3873551c018,results/stage28_stability_novelty_control/stage28_2b_random_loao_control/stage28_2b6_bot_lightgbm_seed44/stage28_2b6_bot_lightgbm_seed44_result.json,results/stage28_stability_novelty_control/stage28_2b_random_loao_control/stage28_2b6_bot_lightgbm_seed44/stage28_2b6_bot_lightgbm_seed44_fit_ledger.json,PASS
77,C077,28B_RANDOM_SPLIT_LOAO_CONTROL,STAGE28B_RANDOM_LOAO,BOT,28B_RANDOM_LOAO::BOT::XGBOOST::SEED45,XGBOOST,XGB_11,45,CPU,NEW_FIT_AUTHORIZED,65,ca62fc9245eaad469fdf744635d56dc10951d77cf808c1616122be817be35565,results/stage28_stability_novelty_control/stage28_2b_random_loao_control/stage28_2b7_bot_xgboost_seed45/bot_xgboost_seed45_cpu_model.json,0682d8f05d2df0a3dc213067f4106feb8418488110a2158d8a0a11ddb374de0d,results/stage28_stability_novelty_control/stage28_2b_random_loao_control/stage28_2b7_bot_xgboost_seed45/stage28_2b7_bot_xgboost_seed45_result.json,results/stage28_stability_novelty_control/stage28_2b_random_loao_control/stage28_2b7_bot_xgboost_seed45/stage28_2b7_bot_xgboost_seed45_fit_ledger.json,PASS
78,C078,28B_RANDOM_SPLIT_LOAO_CONTROL,STAGE28B_RANDOM_LOAO,BOT,28B_RANDOM_LOAO::BOT::LIGHTGBM::SEED45,LIGHTGBM,LGBM_11,45,CPU,NEW_FIT_AUTHORIZED,66,6daf64f6e8034953ca426e6241177a45ee5cc6bdf5434bfa5a8f3789e34f431c,results/stage28_stability_novelty_control/stage28_2b_random_loao_control/stage28_2b8_bot_lightgbm_seed45/bot_lightgbm_seed45_cpu_model.txt,244862255d7e7371af93d22f3348086c3d8d4f8882827523627ca7c7ef4805d1,results/stage28_stability_novelty_control/stage28_2b_random_loao_control/stage28_2b8_bot_lightgbm_seed45/stage28_2b8_bot_lightgbm_seed45_result.json,results/stage28_stability_novelty_control/stage28_2b_random_loao_control/stage28_2b8_bot_lightgbm_seed45/stage28_2b8_bot_lightgbm_seed45_fit_ledger.json,PASS
79,C079,28B_RANDOM_SPLIT_LOAO_CONTROL,STAGE28B_RANDOM_LOAO,BOT,28B_RANDOM_LOAO::BOT::XGBOOST::SEED46,XGBOOST,XGB_11,46,CPU,NEW_FIT_AUTHORIZED,67,f0f79c993ba61a0d11f6abb3fe34419203768a8f65df0dbcee72f3fa9d93f676,results/stage28_stability_novelty_control/stage28_2b_random_loao_control/stage28_2b9_bot_xgboost_seed46/bot_xgboost_seed46_cpu_model.json,43188bd69d71228c6018ffa595ba8940986d1b87dd27cdd02d05e95f9f57356b,results/stage28_stability_novelty_control/stage28_2b_random_loao_control/stage28_2b9_bot_xgboost_seed46/stage28_2b9_bot_xgboost_seed46_result.json,results/stage28_stability_novelty_control/stage28_2b_random_loao_control/stage28_2b9_bot_xgboost_seed46/stage28_2b9_bot_xgboost_seed46_fit_ledger.json,PASS
80,C080,28B_RANDOM_SPLIT_LOAO_CONTROL,STAGE28B_RANDOM_LOAO,BOT,28B_RANDOM_LOAO::BOT::LIGHTGBM::SEED46,LIGHTGBM,LGBM_11,46,CPU,NEW_FIT_AUTHORIZED,68,7847b3ccffa8bdc77842ddf8ae34dddfec4d7b468b41824b2603d47828190d9c,results/stage28_stability_novelty_control/stage28_2b_random_loao_control/stage28_2b10_bot_lightgbm_seed46/bot_lightgbm_seed46_cpu_model.txt,d64cb07f4d014ff15478bc4852cf029254857a6508a9ec4b503190fd39beff98,results/stage28_stability_novelty_control/stage28_2b_random_loao_control/stage28_2b10_bot_lightgbm_seed46/stage28_2b10_bot_lightgbm_seed46_result.json,results/stage28_stability_novelty_control/stage28_2b_random_loao_control/stage28_2b10_bot_lightgbm_seed46/stage28_2b10_bot_lightgbm_seed46_fit_ledger.json,PASS
81,C081,28B_RANDOM_SPLIT_LOAO_CONTROL,STAGE28B_RANDOM_LOAO,DDOS,28B_RANDOM_LOAO::DDOS::XGBOOST::SEED42,XGBOOST,XGB_11,42,CPU,NEW_FIT_AUTHORIZED,69,1eb12cc88f3e1b455da9882d8439938fda175c66435940a5e2a6850cbcda63ff,results/stage28_stability_novelty_control/stage28_2b_random_loao_control/stage28_2b11_ddos_xgboost_seed42/ddos_xgboost_seed42_cpu_model.json,795a3e42c2c4210a9eb8f9354f930a1361b993d1c95be3c510e7a2fb6409b0f7,results/stage28_stability_novelty_control/stage28_2b_random_loao_control/stage28_2b11_ddos_xgboost_seed42/stage28_2b11_ddos_xgboost_seed42_result.json,results/stage28_stability_novelty_control/stage28_2b_random_loao_control/stage28_2b11_ddos_xgboost_seed42/stage28_2b11_ddos_xgboost_seed42_fit_ledger.json,PASS
82,C082,28B_RANDOM_SPLIT_LOAO_CONTROL,STAGE28B_RANDOM_LOAO,DDOS,28B_RANDOM_LOAO::DDOS::LIGHTGBM::SEED42,LIGHTGBM,LGBM_11,42,CPU,NEW_FIT_AUTHORIZED,70,dbb7ac185b3ac6aa8e3ac915cfa2b2080ee54bec8e7a38cab83537faad2f2754,results/stage28_stability_novelty_control/stage28_2b_random_loao_control/stage28_2b12_ddos_lightgbm_seed42/ddos_lightgbm_seed42_cpu_model.txt,ce5e0524c5393268caff3bd084647826fa7c4cd53e12ae1ba0674667997bed95,results/stage28_stability_novelty_control/stage28_2b_random_loao_control/stage28_2b12_ddos_lightgbm_seed42/stage28_2b12_ddos_lightgbm_seed42_result.json,results/stage28_stability_novelty_control/stage28_2b_random_loao_control/stage28_2b12_ddos_lightgbm_seed42/stage28_2b12_ddos_lightgbm_seed42_fit_ledger.json,PASS
83,C083,28B_RANDOM_SPLIT_LOAO_CONTROL,STAGE28B_RANDOM_LOAO,DDOS,28B_RANDOM_LOAO::DDOS::XGBOOST::SEED43,XGBOOST,XGB_11,43,CPU,NEW_FIT_AUTHORIZED,71,5ac981f17f3327f8de881b672b6bf35a3b020a3a56a68957146cbe6622e30ed0,results/stage28_stability_novelty_control/stage28_2b_random_loao_control/stage28_2b13_ddos_xgboost_seed43/ddos_xgboost_seed43_cpu_model.json,c62d2d1dfba3c813ce0f9f5c9eb62b6a9e5504a28d595071ab8838271a1a8669,results/stage28_stability_novelty_control/stage28_2b_random_loao_control/stage28_2b13_ddos_xgboost_seed43/stage28_2b13_ddos_xgboost_seed43_result.json,results/stage28_stability_novelty_control/stage28_2b_random_loao_control/stage28_2b13_ddos_xgboost_seed43/stage28_2b13_ddos_xgboost_seed43_fit_ledger.json,PASS
84,C084,28B_RANDOM_SPLIT_LOAO_CONTROL,STAGE28B_RANDOM_LOAO,DDOS,28B_RANDOM_LOAO::DDOS::LIGHTGBM::SEED43,LIGHTGBM,LGBM_11,43,CPU,NEW_FIT_AUTHORIZED,72,d43b2e4009bec8e9874a2ec0fd65f1279ea8d493808a386ab84fc801076e9c13,results/stage28_stability_novelty_control/stage28_2b_random_loao_control/stage28_2b14_ddos_lightgbm_seed43/ddos_lightgbm_seed43_cpu_model.txt,6b570a4232bde802929b75637b237fdd77aaf46b48ae16bb514fa1865a012df8,results/stage28_stability_novelty_control/stage28_2b_random_loao_control/stage28_2b14_ddos_lightgbm_seed43/stage28_2b14_ddos_lightgbm_seed43_result.json,results/stage28_stability_novelty_control/stage28_2b_random_loao_control/stage28_2b14_ddos_lightgbm_seed43/stage28_2b14_ddos_lightgbm_seed43_fit_ledger.json,PASS
85,C085,28B_RANDOM_SPLIT_LOAO_CONTROL,STAGE28B_RANDOM_LOAO,DDOS,28B_RANDOM_LOAO::DDOS::XGBOOST::SEED44,XGBOOST,XGB_11,44,CPU,NEW_FIT_AUTHORIZED,73,ae022425b27139a0ccdbb8e08ab9035ab386c4521afb3d9f095b1f7dc5cb7731,results/stage28_stability_novelty_control/stage28_2b_random_loao_control/stage28_2b15_ddos_xgboost_seed44/ddos_xgboost_seed44_cpu_model.json,6465c471dcbf6448d0136067a1bd7a0ad484e95b69e450042b8cea6042c0c1d6,results/stage28_stability_novelty_control/stage28_2b_random_loao_control/stage28_2b15_ddos_xgboost_seed44/stage28_2b15_ddos_xgboost_seed44_result.json,results/stage28_stability_novelty_control/stage28_2b_random_loao_control/stage28_2b15_ddos_xgboost_seed44/stage28_2b15_ddos_xgboost_seed44_fit_ledger.json,PASS
86,C086,28B_RANDOM_SPLIT_LOAO_CONTROL,STAGE28B_RANDOM_LOAO,DDOS,28B_RANDOM_LOAO::DDOS::LIGHTGBM::SEED44,LIGHTGBM,LGBM_11,44,CPU,NEW_FIT_AUTHORIZED,74,0ed7e79e2b5d5f55b4cf8a3753c5df9ad083d412aa0ad08f72610f69b7692454,results/stage28_stability_novelty_control/stage28_2b_random_loao_control/stage28_2b16_ddos_lightgbm_seed44/ddos_lightgbm_seed44_cpu_model.txt,0cefc65b3e1a24b99051c2a7a60e6b29d0d52fc97c69e8d0f9034f79272a4855,results/stage28_stability_novelty_control/stage28_2b_random_loao_control/stage28_2b16_ddos_lightgbm_seed44/stage28_2b16_ddos_lightgbm_seed44_result.json,results/stage28_stability_novelty_control/stage28_2b_random_loao_control/stage28_2b16_ddos_lightgbm_seed44/stage28_2b16_ddos_lightgbm_seed44_fit_ledger.json,PASS
87,C087,28B_RANDOM_SPLIT_LOAO_CONTROL,STAGE28B_RANDOM_LOAO,DDOS,28B_RANDOM_LOAO::DDOS::XGBOOST::SEED45,XGBOOST,XGB_11,45,CPU,NEW_FIT_AUTHORIZED,75,ca62fc9245eaad469fdf744635d56dc10951d77cf808c1616122be817be35565,results/stage28_stability_novelty_control/stage28_2b_random_loao_control/stage28_2b17_ddos_xgboost_seed45/ddos_xgboost_seed45_cpu_model.json,7a290f8df92f5e5ee2cfced2f73d32e56ea742554cd724870c58b77cc0626406,results/stage28_stability_novelty_control/stage28_2b_random_loao_control/stage28_2b17_ddos_xgboost_seed45/stage28_2b17_ddos_xgboost_seed45_result.json,results/stage28_stability_novelty_control/stage28_2b_random_loao_control/stage28_2b17_ddos_xgboost_seed45/stage28_2b17_ddos_xgboost_seed45_fit_ledger.json,PASS
88,C088,28B_RANDOM_SPLIT_LOAO_CONTROL,STAGE28B_RANDOM_LOAO,DDOS,28B_RANDOM_LOAO::DDOS::LIGHTGBM::SEED45,LIGHTGBM,LGBM_11,45,CPU,NEW_FIT_AUTHORIZED,76,6daf64f6e8034953ca426e6241177a45ee5cc6bdf5434bfa5a8f3789e34f431c,results/stage28_stability_novelty_control/stage28_2b_random_loao_control/stage28_2b18_ddos_lightgbm_seed45/ddos_lightgbm_seed45_cpu_model.txt,86d75b4cd17ebe39b2c8321036f0f01b743eea9ac86a118775468c1b141939a7,results/stage28_stability_novelty_control/stage28_2b_random_loao_control/stage28_2b18_ddos_lightgbm_seed45/stage28_2b18_ddos_lightgbm_seed45_result.json,results/stage28_stability_novelty_control/stage28_2b_random_loao_control/stage28_2b18_ddos_lightgbm_seed45/stage28_2b18_ddos_lightgbm_seed45_fit_ledger.json,PASS
89,C089,28B_RANDOM_SPLIT_LOAO_CONTROL,STAGE28B_RANDOM_LOAO,DDOS,28B_RANDOM_LOAO::DDOS::XGBOOST::SEED46,XGBOOST,XGB_11,46,CPU,NEW_FIT_AUTHORIZED,77,f0f79c993ba61a0d11f6abb3fe34419203768a8f65df0dbcee72f3fa9d93f676,results/stage28_stability_novelty_control/stage28_2b_random_loao_control/stage28_2b19_ddos_xgboost_seed46/ddos_xgboost_seed46_cpu_model.json,db3d6101de6ffcdfe9b339413042eed2a6ec667d328eefb7c22176a78c92c789,results/stage28_stability_novelty_control/stage28_2b_random_loao_control/stage28_2b19_ddos_xgboost_seed46/stage28_2b19_ddos_xgboost_seed46_result.json,results/stage28_stability_novelty_control/stage28_2b_random_loao_control/stage28_2b19_ddos_xgboost_seed46/stage28_2b19_ddos_xgboost_seed46_fit_ledger.json,PASS
90,C090,28B_RANDOM_SPLIT_LOAO_CONTROL,STAGE28B_RANDOM_LOAO,DDOS,28B_RANDOM_LOAO::DDOS::LIGHTGBM::SEED46,LIGHTGBM,LGBM_11,46,CPU,NEW_FIT_AUTHORIZED,78,7847b3ccffa8bdc77842ddf8ae34dddfec4d7b468b41824b2603d47828190d9c,results/stage28_stability_novelty_control/stage28_2b_random_loao_control/stage28_2b20_ddos_lightgbm_seed46/ddos_lightgbm_seed46_cpu_model.txt,01b573e7df5c7d99c9262d938ab25265a3bc53ebf1f515a4f3f87a17e2eeaa00,results/stage28_stability_novelty_control/stage28_2b_random_loao_control/stage28_2b20_ddos_lightgbm_seed46/stage28_2b20_ddos_lightgbm_seed46_result.json,results/stage28_stability_novelty_control/stage28_2b_random_loao_control/stage28_2b20_ddos_lightgbm_seed46/stage28_2b20_ddos_lightgbm_seed46_fit_ledger.json,PASS
91,C091,28B_RANDOM_SPLIT_LOAO_CONTROL,STAGE28B_RANDOM_LOAO,INFILTRATION,28B_RANDOM_LOAO::INFILTRATION::XGBOOST::SEED42,XGBOOST,XGB_11,42,CPU,NEW_FIT_AUTHORIZED,79,1eb12cc88f3e1b455da9882d8439938fda175c66435940a5e2a6850cbcda63ff,results/stage28_stability_novelty_control/stage28_2b_random_loao_control/stage28_2b21_infiltration_xgboost_seed42/infiltration_xgboost_seed42_cpu_model.json,a5741c4af9991b73f63f9310c1dea2fcc13b2356e2a4a92c13c9c0a090da97a4,results/stage28_stability_novelty_control/stage28_2b_random_loao_control/stage28_2b21_infiltration_xgboost_seed42/stage28_2b21_infiltration_xgboost_seed42_result.json,results/stage28_stability_novelty_control/stage28_2b_random_loao_control/stage28_2b21_infiltration_xgboost_seed42/stage28_2b21_infiltration_xgboost_seed42_fit_ledger.json,PASS
92,C092,28B_RANDOM_SPLIT_LOAO_CONTROL,STAGE28B_RANDOM_LOAO,INFILTRATION,28B_RANDOM_LOAO::INFILTRATION::LIGHTGBM::SEED42,LIGHTGBM,LGBM_11,42,CPU,NEW_FIT_AUTHORIZED,80,dbb7ac185b3ac6aa8e3ac915cfa2b2080ee54bec8e7a38cab83537faad2f2754,results/stage28_stability_novelty_control/stage28_2b_random_loao_control/stage28_2b22_infiltration_lightgbm_seed42/infiltration_lightgbm_seed42_cpu_model.txt,34978287cf4280a7e86713479cbeb606246c03daa85fab6429dbccf370152925,results/stage28_stability_novelty_control/stage28_2b_random_loao_control/stage28_2b22_infiltration_lightgbm_seed42/stage28_2b22_infiltration_lightgbm_seed42_result.json,results/stage28_stability_novelty_control/stage28_2b_random_loao_control/stage28_2b22_infiltration_lightgbm_seed42/stage28_2b22_infiltration_lightgbm_seed42_fit_ledger.json,PASS
93,C093,28B_RANDOM_SPLIT_LOAO_CONTROL,STAGE28B_RANDOM_LOAO,INFILTRATION,28B_RANDOM_LOAO::INFILTRATION::XGBOOST::SEED43,XGBOOST,XGB_11,43,CPU,NEW_FIT_AUTHORIZED,81,5ac981f17f3327f8de881b672b6bf35a3b020a3a56a68957146cbe6622e30ed0,results/stage28_stability_novelty_control/stage28_2b_random_loao_control/stage28_2b23_infiltration_xgboost_seed43/infiltration_xgboost_seed43_cpu_model.json,4bb8c17168fc3b2dfe52e0bd26893f7e86217e3191d8bbd062f159cb9299304a,results/stage28_stability_novelty_control/stage28_2b_random_loao_control/stage28_2b23_infiltration_xgboost_seed43/stage28_2b23_infiltration_xgboost_seed43_result.json,results/stage28_stability_novelty_control/stage28_2b_random_loao_control/stage28_2b23_infiltration_xgboost_seed43/stage28_2b23_infiltration_xgboost_seed43_fit_ledger.json,PASS
94,C094,28B_RANDOM_SPLIT_LOAO_CONTROL,STAGE28B_RANDOM_LOAO,INFILTRATION,28B_RANDOM_LOAO::INFILTRATION::LIGHTGBM::SEED43,LIGHTGBM,LGBM_11,43,CPU,NEW_FIT_AUTHORIZED,82,d43b2e4009bec8e9874a2ec0fd65f1279ea8d493808a386ab84fc801076e9c13,results/stage28_stability_novelty_control/stage28_2b_random_loao_control/stage28_2b24_infiltration_lightgbm_seed43/infiltration_lightgbm_seed43_cpu_model.txt,5cab6473db7f90e7c8f42835ab89bc984147d7a69214c025137fd41d3794dbfe,results/stage28_stability_novelty_control/stage28_2b_random_loao_control/stage28_2b24_infiltration_lightgbm_seed43/stage28_2b24_infiltration_lightgbm_seed43_result.json,results/stage28_stability_novelty_control/stage28_2b_random_loao_control/stage28_2b24_infiltration_lightgbm_seed43/stage28_2b24_infiltration_lightgbm_seed43_fit_ledger.json,PASS
95,C095,28B_RANDOM_SPLIT_LOAO_CONTROL,STAGE28B_RANDOM_LOAO,INFILTRATION,28B_RANDOM_LOAO::INFILTRATION::XGBOOST::SEED44,XGBOOST,XGB_11,44,CPU,NEW_FIT_AUTHORIZED,83,ae022425b27139a0ccdbb8e08ab9035ab386c4521afb3d9f095b1f7dc5cb7731,results/stage28_stability_novelty_control/stage28_2b_random_loao_control/stage28_2b25_infiltration_xgboost_seed44/infiltration_xgboost_seed44_cpu_model.json,bc3eb34fd3b24f954d0a73c311e3c47ab5af0fadb50466326ff665fc50b56b7b,results/stage28_stability_novelty_control/stage28_2b_random_loao_control/stage28_2b25_infiltration_xgboost_seed44/stage28_2b25_infiltration_xgboost_seed44_result.json,results/stage28_stability_novelty_control/stage28_2b_random_loao_control/stage28_2b25_infiltration_xgboost_seed44/stage28_2b25_infiltration_xgboost_seed44_fit_ledger.json,PASS
96,C096,28B_RANDOM_SPLIT_LOAO_CONTROL,STAGE28B_RANDOM_LOAO,INFILTRATION,28B_RANDOM_LOAO::INFILTRATION::LIGHTGBM::SEED44,LIGHTGBM,LGBM_11,44,CPU,NEW_FIT_AUTHORIZED,84,0ed7e79e2b5d5f55b4cf8a3753c5df9ad083d412aa0ad08f72610f69b7692454,results/stage28_stability_novelty_control/stage28_2b_random_loao_control/stage28_2b26_infiltration_lightgbm_seed44/infiltration_lightgbm_seed44_cpu_model.txt,a846da12f9b802041bcfb953ca9add608f175c4955768946575872adce93769f,results/stage28_stability_novelty_control/stage28_2b_random_loao_control/stage28_2b26_infiltration_lightgbm_seed44/stage28_2b26_infiltration_lightgbm_seed44_result.json,results/stage28_stability_novelty_control/stage28_2b_random_loao_control/stage28_2b26_infiltration_lightgbm_seed44/stage28_2b26_infiltration_lightgbm_seed44_fit_ledger.json,PASS
97,C097,28B_RANDOM_SPLIT_LOAO_CONTROL,STAGE28B_RANDOM_LOAO,INFILTRATION,28B_RANDOM_LOAO::INFILTRATION::XGBOOST::SEED45,XGBOOST,XGB_11,45,CPU,NEW_FIT_AUTHORIZED,85,ca62fc9245eaad469fdf744635d56dc10951d77cf808c1616122be817be35565,results/stage28_stability_novelty_control/stage28_2b_random_loao_control/stage28_2b27_infiltration_xgboost_seed45/infiltration_xgboost_seed45_cpu_model.json,178180193ee123206fafe5e6901a5c531a17b3aa937dabf21786fb77a2c11b53,results/stage28_stability_novelty_control/stage28_2b_random_loao_control/stage28_2b27_infiltration_xgboost_seed45/stage28_2b27_infiltration_xgboost_seed45_result.json,results/stage28_stability_novelty_control/stage28_2b_random_loao_control/stage28_2b27_infiltration_xgboost_seed45/stage28_2b27_infiltration_xgboost_seed45_fit_ledger.json,PASS
98,C098,28B_RANDOM_SPLIT_LOAO_CONTROL,STAGE28B_RANDOM_LOAO,INFILTRATION,28B_RANDOM_LOAO::INFILTRATION::LIGHTGBM::SEED45,LIGHTGBM,LGBM_11,45,CPU,NEW_FIT_AUTHORIZED,86,6daf64f6e8034953ca426e6241177a45ee5cc6bdf5434bfa5a8f3789e34f431c,results/stage28_stability_novelty_control/stage28_2b_random_loao_control/stage28_2b28_infiltration_lightgbm_seed45/infiltration_lightgbm_seed45_cpu_model.txt,abe3b66025d8f007c6db41f362a27ebe5777a11d76f42112012af0eea81d2d7c,results/stage28_stability_novelty_control/stage28_2b_random_loao_control/stage28_2b28_infiltration_lightgbm_seed45/stage28_2b28_infiltration_lightgbm_seed45_result.json,results/stage28_stability_novelty_control/stage28_2b_random_loao_control/stage28_2b28_infiltration_lightgbm_seed45/stage28_2b28_infiltration_lightgbm_seed45_fit_ledger.json,PASS
99,C099,28B_RANDOM_SPLIT_LOAO_CONTROL,STAGE28B_RANDOM_LOAO,INFILTRATION,28B_RANDOM_LOAO::INFILTRATION::XGBOOST::SEED46,XGBOOST,XGB_11,46,CPU,NEW_FIT_AUTHORIZED,87,f0f79c993ba61a0d11f6abb3fe34419203768a8f65df0dbcee72f3fa9d93f676,results/stage28_stability_novelty_control/stage28_2b_random_loao_control/stage28_2b29_infiltration_xgboost_seed46/infiltration_xgboost_seed46_cpu_model.json,4b1190a5fc923c8451eedbcccd1925065d39a9eb53a87c1edc30ca0ddd7dd669,results/stage28_stability_novelty_control/stage28_2b_random_loao_control/stage28_2b29_infiltration_xgboost_seed46/stage28_2b29_infiltration_xgboost_seed46_result.json,results/stage28_stability_novelty_control/stage28_2b_random_loao_control/stage28_2b29_infiltration_xgboost_seed46/stage28_2b29_infiltration_xgboost_seed46_fit_ledger.json,PASS
100,C100,28B_RANDOM_SPLIT_LOAO_CONTROL,STAGE28B_RANDOM_LOAO,INFILTRATION,28B_RANDOM_LOAO::INFILTRATION::LIGHTGBM::SEED46,LIGHTGBM,LGBM_11,46,CPU,NEW_FIT_AUTHORIZED,88,7847b3ccffa8bdc77842ddf8ae34dddfec4d7b468b41824b2603d47828190d9c,results/stage28_stability_novelty_control/stage28_2b_random_loao_control/stage28_2b30_infiltration_lightgbm_seed46/infiltration_lightgbm_seed46_cpu_model.txt,33c419615ca2a25e476b268a0b2fd2f00c57d819e6d54ec984b8fb4035e1b39f,results/stage28_stability_novelty_control/stage28_2b_random_loao_control/stage28_2b30_infiltration_lightgbm_seed46/stage28_2b30_infiltration_lightgbm_seed46_result.json,results/stage28_stability_novelty_control/stage28_2b_random_loao_control/stage28_2b30_infiltration_lightgbm_seed46/stage28_2b30_infiltration_lightgbm_seed46_fit_ledger.json,PASS
101,C101,28B_RANDOM_SPLIT_LOAO_CONTROL,STAGE28B_RANDOM_LOAO,PORT_SCAN,28B_RANDOM_LOAO::PORT_SCAN::XGBOOST::SEED42,XGBOOST,XGB_11,42,CPU,NEW_FIT_AUTHORIZED,89,1eb12cc88f3e1b455da9882d8439938fda175c66435940a5e2a6850cbcda63ff,results/stage28_stability_novelty_control/stage28_2b_random_loao_control/stage28_2b31_port_scan_xgboost_seed42/port_scan_xgboost_seed42_cpu_model.json,243afcc3c41057e4c61eef00fb905321264665fcb38babb3d05008d8e1e55c7d,results/stage28_stability_novelty_control/stage28_2b_random_loao_control/stage28_2b31_port_scan_xgboost_seed42/stage28_2b31_port_scan_xgboost_seed42_result.json,results/stage28_stability_novelty_control/stage28_2b_random_loao_control/stage28_2b31_port_scan_xgboost_seed42/stage28_2b31_port_scan_xgboost_seed42_fit_ledger.json,PASS
102,C102,28B_RANDOM_SPLIT_LOAO_CONTROL,STAGE28B_RANDOM_LOAO,PORT_SCAN,28B_RANDOM_LOAO::PORT_SCAN::LIGHTGBM::SEED42,LIGHTGBM,LGBM_11,42,CPU,NEW_FIT_AUTHORIZED,90,dbb7ac185b3ac6aa8e3ac915cfa2b2080ee54bec8e7a38cab83537faad2f2754,results/stage28_stability_novelty_control/stage28_2b_random_loao_control/stage28_2b32_port_scan_lightgbm_seed42/port_scan_lightgbm_seed42_cpu_model.txt,ed104d5694018099ae67adaec322be8e3c6c9d444c1575dd5f4fd6aa97ff4efe,results/stage28_stability_novelty_control/stage28_2b_random_loao_control/stage28_2b32_port_scan_lightgbm_seed42/stage28_2b32_port_scan_lightgbm_seed42_result.json,results/stage28_stability_novelty_control/stage28_2b_random_loao_control/stage28_2b32_port_scan_lightgbm_seed42/stage28_2b32_port_scan_lightgbm_seed42_fit_ledger.json,PASS
103,C103,28B_RANDOM_SPLIT_LOAO_CONTROL,STAGE28B_RANDOM_LOAO,PORT_SCAN,28B_RANDOM_LOAO::PORT_SCAN::XGBOOST::SEED43,XGBOOST,XGB_11,43,CPU,NEW_FIT_AUTHORIZED,91,5ac981f17f3327f8de881b672b6bf35a3b020a3a56a68957146cbe6622e30ed0,results/stage28_stability_novelty_control/stage28_2b_random_loao_control/stage28_2b33_port_scan_xgboost_seed43/port_scan_xgboost_seed43_cpu_model.json,557f41f11785de9698c50a5fe1fbd944b23ee7370ea73800496d121bc05f603f,results/stage28_stability_novelty_control/stage28_2b_random_loao_control/stage28_2b33_port_scan_xgboost_seed43/stage28_2b33_port_scan_xgboost_seed43_result.json,results/stage28_stability_novelty_control/stage28_2b_random_loao_control/stage28_2b33_port_scan_xgboost_seed43/stage28_2b33_port_scan_xgboost_seed43_fit_ledger.json,PASS
104,C104,28B_RANDOM_SPLIT_LOAO_CONTROL,STAGE28B_RANDOM_LOAO,PORT_SCAN,28B_RANDOM_LOAO::PORT_SCAN::LIGHTGBM::SEED43,LIGHTGBM,LGBM_11,43,CPU,NEW_FIT_AUTHORIZED,92,d43b2e4009bec8e9874a2ec0fd65f1279ea8d493808a386ab84fc801076e9c13,results/stage28_stability_novelty_control/stage28_2b_random_loao_control/stage28_2b34_port_scan_lightgbm_seed43/port_scan_lightgbm_seed43_cpu_model.txt,c7bdfa27ea1d7c30ceea146feede76f4af19925316830912230fb8793348b1aa,results/stage28_stability_novelty_control/stage28_2b_random_loao_control/stage28_2b34_port_scan_lightgbm_seed43/stage28_2b34_port_scan_lightgbm_seed43_result.json,results/stage28_stability_novelty_control/stage28_2b_random_loao_control/stage28_2b34_port_scan_lightgbm_seed43/stage28_2b34_port_scan_lightgbm_seed43_fit_ledger.json,PASS
105,C105,28B_RANDOM_SPLIT_LOAO_CONTROL,STAGE28B_RANDOM_LOAO,PORT_SCAN,28B_RANDOM_LOAO::PORT_SCAN::XGBOOST::SEED44,XGBOOST,XGB_11,44,CPU,NEW_FIT_AUTHORIZED,93,ae022425b27139a0ccdbb8e08ab9035ab386c4521afb3d9f095b1f7dc5cb7731,results/stage28_stability_novelty_control/stage28_2b_random_loao_control/stage28_2b35_port_scan_xgboost_seed44/port_scan_xgboost_seed44_cpu_model.json,e5378273775f9c817cf93b26c09c72f949a3b00a58c69d452aeaa474f48526bd,results/stage28_stability_novelty_control/stage28_2b_random_loao_control/stage28_2b35_port_scan_xgboost_seed44/stage28_2b35_port_scan_xgboost_seed44_result.json,results/stage28_stability_novelty_control/stage28_2b_random_loao_control/stage28_2b35_port_scan_xgboost_seed44/stage28_2b35_port_scan_xgboost_seed44_fit_ledger.json,PASS
106,C106,28B_RANDOM_SPLIT_LOAO_CONTROL,STAGE28B_RANDOM_LOAO,PORT_SCAN,28B_RANDOM_LOAO::PORT_SCAN::LIGHTGBM::SEED44,LIGHTGBM,LGBM_11,44,CPU,NEW_FIT_AUTHORIZED,94,0ed7e79e2b5d5f55b4cf8a3753c5df9ad083d412aa0ad08f72610f69b7692454,results/stage28_stability_novelty_control/stage28_2b_random_loao_control/stage28_2b36_port_scan_lightgbm_seed44/port_scan_lightgbm_seed44_cpu_model.txt,10c44919e36cb48c1b642ab85e067aefa92ba1d9f43a6040d7f629a687fa17db,results/stage28_stability_novelty_control/stage28_2b_random_loao_control/stage28_2b36_port_scan_lightgbm_seed44/stage28_2b36_port_scan_lightgbm_seed44_result.json,results/stage28_stability_novelty_control/stage28_2b_random_loao_control/stage28_2b36_port_scan_lightgbm_seed44/stage28_2b36_port_scan_lightgbm_seed44_fit_ledger.json,PASS
107,C107,28B_RANDOM_SPLIT_LOAO_CONTROL,STAGE28B_RANDOM_LOAO,PORT_SCAN,28B_RANDOM_LOAO::PORT_SCAN::XGBOOST::SEED45,XGBOOST,XGB_11,45,CPU,NEW_FIT_AUTHORIZED,95,ca62fc9245eaad469fdf744635d56dc10951d77cf808c1616122be817be35565,results/stage28_stability_novelty_control/stage28_2b_random_loao_control/stage28_2b37_port_scan_xgboost_seed45/port_scan_xgboost_seed45_cpu_model.json,5fc4ae95b37577a997a68ea0fece291bcc1c37d3b57cd3da02d80995e0fd0874,results/stage28_stability_novelty_control/stage28_2b_random_loao_control/stage28_2b37_port_scan_xgboost_seed45/stage28_2b37_port_scan_xgboost_seed45_result.json,results/stage28_stability_novelty_control/stage28_2b_random_loao_control/stage28_2b37_port_scan_xgboost_seed45/stage28_2b37_port_scan_xgboost_seed45_fit_ledger.json,PASS
108,C108,28B_RANDOM_SPLIT_LOAO_CONTROL,STAGE28B_RANDOM_LOAO,PORT_SCAN,28B_RANDOM_LOAO::PORT_SCAN::LIGHTGBM::SEED45,LIGHTGBM,LGBM_11,45,CPU,NEW_FIT_AUTHORIZED,96,6daf64f6e8034953ca426e6241177a45ee5cc6bdf5434bfa5a8f3789e34f431c,results/stage28_stability_novelty_control/stage28_2b_random_loao_control/stage28_2b38_port_scan_lightgbm_seed45/port_scan_lightgbm_seed45_cpu_model.txt,03801c308c1337367a170645d0bd6c12447e4f0bca65de27f28808242d0d258e,results/stage28_stability_novelty_control/stage28_2b_random_loao_control/stage28_2b38_port_scan_lightgbm_seed45/stage28_2b38_port_scan_lightgbm_seed45_result.json,results/stage28_stability_novelty_control/stage28_2b_random_loao_control/stage28_2b38_port_scan_lightgbm_seed45/stage28_2b38_port_scan_lightgbm_seed45_fit_ledger.json,PASS
109,C109,28B_RANDOM_SPLIT_LOAO_CONTROL,STAGE28B_RANDOM_LOAO,PORT_SCAN,28B_RANDOM_LOAO::PORT_SCAN::XGBOOST::SEED46,XGBOOST,XGB_11,46,CPU,NEW_FIT_AUTHORIZED,97,f0f79c993ba61a0d11f6abb3fe34419203768a8f65df0dbcee72f3fa9d93f676,results/stage28_stability_novelty_control/stage28_2b_random_loao_control/stage28_2b39_port_scan_xgboost_seed46/port_scan_xgboost_seed46_cpu_model.json,00ef1262a89ef9b155e3e41cfefb8940d8be25a9624aa517339b378634f7394f,results/stage28_stability_novelty_control/stage28_2b_random_loao_control/stage28_2b39_port_scan_xgboost_seed46/stage28_2b39_port_scan_xgboost_seed46_result.json,results/stage28_stability_novelty_control/stage28_2b_random_loao_control/stage28_2b39_port_scan_xgboost_seed46/stage28_2b39_port_scan_xgboost_seed46_fit_ledger.json,PASS
110,C110,28B_RANDOM_SPLIT_LOAO_CONTROL,STAGE28B_RANDOM_LOAO,PORT_SCAN,28B_RANDOM_LOAO::PORT_SCAN::LIGHTGBM::SEED46,LIGHTGBM,LGBM_11,46,CPU,NEW_FIT_AUTHORIZED,98,7847b3ccffa8bdc77842ddf8ae34dddfec4d7b468b41824b2603d47828190d9c,results/stage28_stability_novelty_control/stage28_2b_random_loao_control/stage28_2b40_port_scan_lightgbm_seed46/port_scan_lightgbm_seed46_cpu_model.txt,8e169b1da8adaf92f330dd074e8e059552517b22327ac1e4a293fc3554701bc0,results/stage28_stability_novelty_control/stage28_2b_random_loao_control/stage28_2b40_port_scan_lightgbm_seed46/stage28_2b40_port_scan_lightgbm_seed46_result.json,results/stage28_stability_novelty_control/stage28_2b_random_loao_control/stage28_2b40_port_scan_lightgbm_seed46/stage28_2b40_port_scan_lightgbm_seed46_fit_ledger.json,PASS
111,C111,28B_RANDOM_SPLIT_LOAO_CONTROL,STAGE28B_RANDOM_LOAO,WEB_ATTACK,28B_RANDOM_LOAO::WEB_ATTACK::XGBOOST::SEED42,XGBOOST,XGB_11,42,CPU,NEW_FIT_AUTHORIZED,99,1eb12cc88f3e1b455da9882d8439938fda175c66435940a5e2a6850cbcda63ff,results/stage28_stability_novelty_control/stage28_2b_random_loao_control/stage28_2b41_web_attack_xgboost_seed42/web_attack_xgboost_seed42_cpu_model.json,a8dc96313c4f682a0c34e880c98aae4467fa70a64c7669a05619148ca2d1434e,results/stage28_stability_novelty_control/stage28_2b_random_loao_control/stage28_2b41_web_attack_xgboost_seed42/stage28_2b41_web_attack_xgboost_seed42_result.json,results/stage28_stability_novelty_control/stage28_2b_random_loao_control/stage28_2b41_web_attack_xgboost_seed42/stage28_2b41_web_attack_xgboost_seed42_fit_ledger.json,PASS
112,C112,28B_RANDOM_SPLIT_LOAO_CONTROL,STAGE28B_RANDOM_LOAO,WEB_ATTACK,28B_RANDOM_LOAO::WEB_ATTACK::LIGHTGBM::SEED42,LIGHTGBM,LGBM_11,42,CPU,NEW_FIT_AUTHORIZED,100,dbb7ac185b3ac6aa8e3ac915cfa2b2080ee54bec8e7a38cab83537faad2f2754,results/stage28_stability_novelty_control/stage28_2b_random_loao_control/stage28_2b42_web_attack_lightgbm_seed42/web_attack_lightgbm_seed42_cpu_model.txt,d5f412b2bea611e5604bccb1869106f9c0a26b460df71dcb089ace75b4ce0190,results/stage28_stability_novelty_control/stage28_2b_random_loao_control/stage28_2b42_web_attack_lightgbm_seed42/stage28_2b42_web_attack_lightgbm_seed42_result.json,results/stage28_stability_novelty_control/stage28_2b_random_loao_control/stage28_2b42_web_attack_lightgbm_seed42/stage28_2b42_web_attack_lightgbm_seed42_fit_ledger.json,PASS
113,C113,28B_RANDOM_SPLIT_LOAO_CONTROL,STAGE28B_RANDOM_LOAO,WEB_ATTACK,28B_RANDOM_LOAO::WEB_ATTACK::XGBOOST::SEED43,XGBOOST,XGB_11,43,CPU,NEW_FIT_AUTHORIZED,101,5ac981f17f3327f8de881b672b6bf35a3b020a3a56a68957146cbe6622e30ed0,results/stage28_stability_novelty_control/stage28_2b_random_loao_control/stage28_2b43_web_attack_xgboost_seed43/web_attack_xgboost_seed43_cpu_model.json,5c05c69a3c2b0e8046e3ea9db3b0889601d39cb9ba8591ef7e7850da16df6618,results/stage28_stability_novelty_control/stage28_2b_random_loao_control/stage28_2b43_web_attack_xgboost_seed43/stage28_2b43_web_attack_xgboost_seed43_result.json,results/stage28_stability_novelty_control/stage28_2b_random_loao_control/stage28_2b43_web_attack_xgboost_seed43/stage28_2b43_web_attack_xgboost_seed43_fit_ledger.json,PASS
114,C114,28B_RANDOM_SPLIT_LOAO_CONTROL,STAGE28B_RANDOM_LOAO,WEB_ATTACK,28B_RANDOM_LOAO::WEB_ATTACK::LIGHTGBM::SEED43,LIGHTGBM,LGBM_11,43,CPU,NEW_FIT_AUTHORIZED,102,d43b2e4009bec8e9874a2ec0fd65f1279ea8d493808a386ab84fc801076e9c13,results/stage28_stability_novelty_control/stage28_2b_random_loao_control/stage28_2b44_web_attack_lightgbm_seed43/web_attack_lightgbm_seed43_cpu_model.txt,68e4837fb62c6a9c900c80fdd973fa52bb119a3dafbf230419de182f182cd5ed,results/stage28_stability_novelty_control/stage28_2b_random_loao_control/stage28_2b44_web_attack_lightgbm_seed43/stage28_2b44_web_attack_lightgbm_seed43_result.json,results/stage28_stability_novelty_control/stage28_2b_random_loao_control/stage28_2b44_web_attack_lightgbm_seed43/stage28_2b44_web_attack_lightgbm_seed43_fit_ledger.json,PASS
115,C115,28B_RANDOM_SPLIT_LOAO_CONTROL,STAGE28B_RANDOM_LOAO,WEB_ATTACK,28B_RANDOM_LOAO::WEB_ATTACK::XGBOOST::SEED44,XGBOOST,XGB_11,44,CPU,NEW_FIT_AUTHORIZED,103,ae022425b27139a0ccdbb8e08ab9035ab386c4521afb3d9f095b1f7dc5cb7731,results/stage28_stability_novelty_control/stage28_2b_random_loao_control/stage28_2b45_web_attack_xgboost_seed44/web_attack_xgboost_seed44_cpu_model.json,bc16d91919576d43a2c64be9a6a7218fc4075491e832716a9cd8e34d3de84ee4,results/stage28_stability_novelty_control/stage28_2b_random_loao_control/stage28_2b45_web_attack_xgboost_seed44/stage28_2b45_web_attack_xgboost_seed44_result.json,results/stage28_stability_novelty_control/stage28_2b_random_loao_control/stage28_2b45_web_attack_xgboost_seed44/stage28_2b45_web_attack_xgboost_seed44_fit_ledger.json,PASS
116,C116,28B_RANDOM_SPLIT_LOAO_CONTROL,STAGE28B_RANDOM_LOAO,WEB_ATTACK,28B_RANDOM_LOAO::WEB_ATTACK::LIGHTGBM::SEED44,LIGHTGBM,LGBM_11,44,CPU,NEW_FIT_AUTHORIZED,104,0ed7e79e2b5d5f55b4cf8a3753c5df9ad083d412aa0ad08f72610f69b7692454,results/stage28_stability_novelty_control/stage28_2b_random_loao_control/stage28_2b46_web_attack_lightgbm_seed44/web_attack_lightgbm_seed44_cpu_model.txt,1188de2ad2e83df7c5ad99831a03334503a3607323d8700294aec95ab80f19d9,results/stage28_stability_novelty_control/stage28_2b_random_loao_control/stage28_2b46_web_attack_lightgbm_seed44/stage28_2b46_web_attack_lightgbm_seed44_result.json,results/stage28_stability_novelty_control/stage28_2b_random_loao_control/stage28_2b46_web_attack_lightgbm_seed44/stage28_2b46_web_attack_lightgbm_seed44_fit_ledger.json,PASS
117,C117,28B_RANDOM_SPLIT_LOAO_CONTROL,STAGE28B_RANDOM_LOAO,WEB_ATTACK,28B_RANDOM_LOAO::WEB_ATTACK::XGBOOST::SEED45,XGBOOST,XGB_11,45,CPU,NEW_FIT_AUTHORIZED,105,ca62fc9245eaad469fdf744635d56dc10951d77cf808c1616122be817be35565,results/stage28_stability_novelty_control/stage28_2b_random_loao_control/stage28_2b47_web_attack_xgboost_seed45/web_attack_xgboost_seed45_cpu_model.json,025602b6ecf96331774d2a7301f8162d46f8f7ab6f1c7d17f4e3031f3c707948,results/stage28_stability_novelty_control/stage28_2b_random_loao_control/stage28_2b47_web_attack_xgboost_seed45/stage28_2b47_web_attack_xgboost_seed45_result.json,results/stage28_stability_novelty_control/stage28_2b_random_loao_control/stage28_2b47_web_attack_xgboost_seed45/stage28_2b47_web_attack_xgboost_seed45_fit_ledger.json,PASS
118,C118,28B_RANDOM_SPLIT_LOAO_CONTROL,STAGE28B_RANDOM_LOAO,WEB_ATTACK,28B_RANDOM_LOAO::WEB_ATTACK::LIGHTGBM::SEED45,LIGHTGBM,LGBM_11,45,CPU,NEW_FIT_AUTHORIZED,106,6daf64f6e8034953ca426e6241177a45ee5cc6bdf5434bfa5a8f3789e34f431c,results/stage28_stability_novelty_control/stage28_2b_random_loao_control/stage28_2b48_web_attack_lightgbm_seed45/web_attack_lightgbm_seed45_cpu_model.txt,e0074bc55e7403a2566916b691a8b94879f36ea919e24c83121874d2288e05fc,results/stage28_stability_novelty_control/stage28_2b_random_loao_control/stage28_2b48_web_attack_lightgbm_seed45/stage28_2b48_web_attack_lightgbm_seed45_result.json,results/stage28_stability_novelty_control/stage28_2b_random_loao_control/stage28_2b48_web_attack_lightgbm_seed45/stage28_2b48_web_attack_lightgbm_seed45_fit_ledger.json,PASS
119,C119,28B_RANDOM_SPLIT_LOAO_CONTROL,STAGE28B_RANDOM_LOAO,WEB_ATTACK,28B_RANDOM_LOAO::WEB_ATTACK::XGBOOST::SEED46,XGBOOST,XGB_11,46,CPU,NEW_FIT_AUTHORIZED,107,f0f79c993ba61a0d11f6abb3fe34419203768a8f65df0dbcee72f3fa9d93f676,results/stage28_stability_novelty_control/stage28_2b_random_loao_control/stage28_2b49_web_attack_xgboost_seed46/web_attack_xgboost_seed46_cpu_model.json,bb5a73a5bb80ed9a46b2b36352c23e0c458c5272f089295b1c08042f3b2b5979,results/stage28_stability_novelty_control/stage28_2b_random_loao_control/stage28_2b49_web_attack_xgboost_seed46/stage28_2b49_web_attack_xgboost_seed46_result.json,results/stage28_stability_novelty_control/stage28_2b_random_loao_control/stage28_2b49_web_attack_xgboost_seed46/stage28_2b49_web_attack_xgboost_seed46_fit_ledger.json,PASS
120,C120,28B_RANDOM_SPLIT_LOAO_CONTROL,STAGE28B_RANDOM_LOAO,WEB_ATTACK,28B_RANDOM_LOAO::WEB_ATTACK::LIGHTGBM::SEED46,LIGHTGBM,LGBM_11,46,CPU,NEW_FIT_AUTHORIZED,108,7847b3ccffa8bdc77842ddf8ae34dddfec4d7b468b41824b2603d47828190d9c,results/stage28_stability_novelty_control/stage28_2b_random_loao_control/stage28_2b50_web_attack_lightgbm_seed46/web_attack_lightgbm_seed46_cpu_model.txt,3e208df2d60e9256963f0c5442b966edc3a640c4f7eebdc6c9aed826ee8dc66a,results/stage28_stability_novelty_control/stage28_2b_random_loao_control/stage28_2b50_web_attack_lightgbm_seed46/stage28_2b50_web_attack_lightgbm_seed46_result.json,results/stage28_stability_novelty_control/stage28_2b_random_loao_control/stage28_2b50_web_attack_lightgbm_seed46/stage28_2b50_web_attack_lightgbm_seed46_fit_ledger.json,PASS
