target_id,hardware_mode,batch_size,condition_id,status,median_throughput_flows_per_second,median_amortized_latency_ms_per_flow,throughput_multiplier_vs_B1,amortized_latency_improvement_vs_B1,claim_boundary,uncertainty_propagated
STAGE16_XGBOOST_TUNED,CPU_1_PHYSICAL_CORE,1,CPUCOND_001,PASS,2274.459048084583,0.439665,1.0,1.0,INFERENCE_COMPONENT_ONLY,False
STAGE16_XGBOOST_TUNED,CPU_1_PHYSICAL_CORE,64,CPUCOND_002,PASS,69294.4418298883,0.014431171874999999,30.466339628424628,30.466340766244944,INFERENCE_COMPONENT_ONLY,False
STAGE16_XGBOOST_TUNED,CPU_1_PHYSICAL_CORE,256,CPUCOND_003,PASS,105508.00019642623,0.00947796875,46.38817317255236,46.38810399116372,INFERENCE_COMPONENT_ONLY,False
STAGE16_XGBOOST_TUNED,CPU_1_PHYSICAL_CORE,1024,CPUCOND_004,PASS,131349.55579561362,0.007613291015625,57.74980029041567,57.74966425132856,INFERENCE_COMPONENT_ONLY,False
STAGE16_XGBOOST_TUNED,CPU_1_PHYSICAL_CORE,8192,CPUCOND_005,PASS,149389.949639929,0.006693892028808594,65.68152975351941,65.68151952672791,INFERENCE_COMPONENT_ONLY,False
STAGE16_XGBOOST_TUNED,CPU_2_PHYSICAL_CORE,1,CPUCOND_006,PASS,2375.664111657932,0.420935,1.0,1.0,INFERENCE_COMPONENT_ONLY,False
STAGE16_XGBOOST_TUNED,CPU_2_PHYSICAL_CORE,64,CPUCOND_007,PASS,74499.60131325109,0.013422890625,31.359484258597142,31.359489677731023,INFERENCE_COMPONENT_ONLY,False
STAGE16_XGBOOST_TUNED,CPU_2_PHYSICAL_CORE,256,CPUCOND_008,PASS,185597.43425470346,0.0053880078125,78.12444248491781,78.12442272697615,INFERENCE_COMPONENT_ONLY,False
STAGE16_XGBOOST_TUNED,CPU_2_PHYSICAL_CORE,1024,CPUCOND_009,PASS,237245.5746811329,0.0042150434570312496,99.86494871767187,99.86492530648167,INFERENCE_COMPONENT_ONLY,False
STAGE16_XGBOOST_TUNED,CPU_2_PHYSICAL_CORE,8192,CPUCOND_010,PASS,283824.1872577691,0.0035233354492187497,119.47151361380521,119.47059996610213,INFERENCE_COMPONENT_ONLY,False
STAGE16_LIGHTGBM_TUNED,CPU_1_PHYSICAL_CORE,1,CPUCOND_011,PASS,1862.924436096473,0.5367905,1.0,1.0,INFERENCE_COMPONENT_ONLY,False
STAGE16_LIGHTGBM_TUNED,CPU_1_PHYSICAL_CORE,64,CPUCOND_012,PASS,14505.928848475549,0.06893734374999999,7.786643713188347,7.786643215419799,INFERENCE_COMPONENT_ONLY,False
STAGE16_LIGHTGBM_TUNED,CPU_1_PHYSICAL_CORE,256,CPUCOND_013,PASS,18861.35610864477,0.0530184765625,10.124595363710188,10.124593062707355,INFERENCE_COMPONENT_ONLY,False
STAGE16_LIGHTGBM_TUNED,CPU_1_PHYSICAL_CORE,1024,CPUCOND_014,PASS,19760.946115261853,0.050604876953125,10.607486665786865,10.607485529452543,INFERENCE_COMPONENT_ONLY,False
STAGE16_LIGHTGBM_TUNED,CPU_1_PHYSICAL_CORE,8192,CPUCOND_015,PASS,21124.498156990958,0.04733843817138672,11.339428345926216,11.339421424436813,INFERENCE_COMPONENT_ONLY,False
STAGE16_LIGHTGBM_TUNED,CPU_2_PHYSICAL_CORE,1,CPUCOND_016,PASS,1680.5014060246212,0.5950605,1.0,1.0,INFERENCE_COMPONENT_ONLY,False
STAGE16_LIGHTGBM_TUNED,CPU_2_PHYSICAL_CORE,64,CPUCOND_017,PASS,20833.204080317722,0.0480003125,12.397016750852092,12.397013040279685,INFERENCE_COMPONENT_ONLY,False
STAGE16_LIGHTGBM_TUNED,CPU_2_PHYSICAL_CORE,256,CPUCOND_018,PASS,32860.134522550354,0.030432537109374998,19.55376794374959,19.553430522777106,INFERENCE_COMPONENT_ONLY,False
STAGE16_LIGHTGBM_TUNED,CPU_2_PHYSICAL_CORE,1024,CPUCOND_019,PASS,40801.999383258124,0.02450865234375,24.27965798599298,24.279609162261732,INFERENCE_COMPONENT_ONLY,False
STAGE16_LIGHTGBM_TUNED,CPU_2_PHYSICAL_CORE,8192,CPUCOND_020,PASS,42340.01420302493,0.023618321533203125,25.194869847317822,25.194868278994832,INFERENCE_COMPONENT_ONLY,False
STAGE16_CATBOOST_TUNED,CPU_1_PHYSICAL_CORE,1,CPUCOND_021,PASS,4868.080746724058,0.20542,1.0,1.0,INFERENCE_COMPONENT_ONLY,False
STAGE16_CATBOOST_TUNED,CPU_1_PHYSICAL_CORE,64,CPUCOND_022,PASS,192519.19373056412,0.0051942890624999995,39.54724741575386,39.54727923846653,INFERENCE_COMPONENT_ONLY,False
STAGE16_CATBOOST_TUNED,CPU_1_PHYSICAL_CORE,256,CPUCOND_023,PASS,426948.34769127436,0.0023422070312499998,87.70362898737584,87.7036048732082,INFERENCE_COMPONENT_ONLY,False
STAGE16_CATBOOST_TUNED,CPU_1_PHYSICAL_CORE,1024,CPUCOND_024,PASS,516160.65400229965,0.0019374169921875,106.02959993004356,106.02776832676803,INFERENCE_COMPONENT_ONLY,False
STAGE16_CATBOOST_TUNED,CPU_1_PHYSICAL_CORE,8192,CPUCOND_025,PASS,600421.1060736813,0.001665498046875,123.33836214153402,123.33848147431499,INFERENCE_COMPONENT_ONLY,False
STAGE16_CATBOOST_TUNED,CPU_2_PHYSICAL_CORE,1,CPUCOND_026,PASS,4371.861922392712,0.22873549999999998,1.0,1.0,INFERENCE_COMPONENT_ONLY,False
STAGE16_CATBOOST_TUNED,CPU_2_PHYSICAL_CORE,64,CPUCOND_027,PASS,159231.7464402116,0.00628015625,36.42195230929534,36.421944119622815,INFERENCE_COMPONENT_ONLY,False
STAGE16_CATBOOST_TUNED,CPU_2_PHYSICAL_CORE,256,CPUCOND_028,PASS,406781.81568435836,0.0024583203125,93.04543988473621,93.04544197797658,INFERENCE_COMPONENT_ONLY,False
STAGE16_CATBOOST_TUNED,CPU_2_PHYSICAL_CORE,1024,CPUCOND_029,PASS,450568.493168962,0.0022194482421875,103.06100722466705,103.05962340196638,INFERENCE_COMPONENT_ONLY,False
STAGE16_CATBOOST_TUNED,CPU_2_PHYSICAL_CORE,8192,CPUCOND_030,PASS,1093103.8065002223,0.0009148895263671875,250.0316400436473,250.01433878935657,INFERENCE_COMPONENT_ONLY,False
FT_BALANCED_5_CHECKPOINT_SOFT_VOTING,CPU_1_PHYSICAL_CORE,1,CPUCOND_031,PASS,112.60450582569108,8.88064,1.0,1.0,INFERENCE_COMPONENT_ONLY,False
FT_BALANCED_5_CHECKPOINT_SOFT_VOTING,CPU_1_PHYSICAL_CORE,64,CPUCOND_032,PASS,183.2539686336733,5.456911039062501,1.627412396066511,1.6274115404171399,INFERENCE_COMPONENT_ONLY,False
FT_BALANCED_5_CHECKPOINT_SOFT_VOTING,CPU_1_PHYSICAL_CORE,256,CPUCOND_033,PASS,148.3588442472987,6.74042155859375,1.3175213829982473,1.317519968565996,INFERENCE_COMPONENT_ONLY,False
FT_BALANCED_5_CHECKPOINT_SOFT_VOTING,CPU_1_PHYSICAL_CORE,1024,CPUCOND_034,PASS,127.7693591617391,7.826604189453125,1.1346735925427605,1.1346734528835964,INFERENCE_COMPONENT_ONLY,False
FT_BALANCED_5_CHECKPOINT_SOFT_VOTING,CPU_1_PHYSICAL_CORE,8192,CPUCOND_035,TIMEOUT_RESOURCE_LIMIT,,,,,INFERENCE_COMPONENT_ONLY,False
FT_BALANCED_5_CHECKPOINT_SOFT_VOTING,CPU_2_PHYSICAL_CORE,1,CPUCOND_036,PASS,116.9673502518223,8.549405,1.0,1.0,INFERENCE_COMPONENT_ONLY,False
FT_BALANCED_5_CHECKPOINT_SOFT_VOTING,CPU_2_PHYSICAL_CORE,64,CPUCOND_037,PASS,258.2733728090253,3.8718675546875003,2.2080809067913507,2.2080830191749743,INFERENCE_COMPONENT_ONLY,False
FT_BALANCED_5_CHECKPOINT_SOFT_VOTING,CPU_2_PHYSICAL_CORE,256,CPUCOND_038,PASS,276.91302687464923,3.6112421718750003,2.3674386594077355,2.367441615127419,INFERENCE_COMPONENT_ONLY,False
FT_BALANCED_5_CHECKPOINT_SOFT_VOTING,CPU_2_PHYSICAL_CORE,1024,CPUCOND_039,PASS,217.597014893922,4.595672200195312,1.8603226834279076,1.8603165385983484,INFERENCE_COMPONENT_ONLY,False
FT_BALANCED_5_CHECKPOINT_SOFT_VOTING,CPU_2_PHYSICAL_CORE,8192,CPUCOND_040,TIMEOUT_RESOURCE_LIMIT,,,,,INFERENCE_COMPONENT_ONLY,False
STAGE20_MASKED_CNN_V1,CPU_1_PHYSICAL_CORE,1,CPUCOND_041,PASS,132.03665745731684,7.5736545,1.0,1.0,INFERENCE_COMPONENT_ONLY,False
STAGE20_MASKED_CNN_V1,CPU_1_PHYSICAL_CORE,64,CPUCOND_042,PASS,59.19321350856008,16.893828859375,0.4483089366882475,0.448308939497579,INFERENCE_COMPONENT_ONLY,False
STAGE20_MASKED_CNN_V1,CPU_1_PHYSICAL_CORE,256,CPUCOND_043,PASS,55.88540974266916,17.89375808984375,0.4232567744358047,0.4232567838445688,INFERENCE_COMPONENT_ONLY,False
STAGE20_MASKED_CNN_V1,CPU_1_PHYSICAL_CORE,1024,CPUCOND_044,TIMEOUT_RESOURCE_LIMIT,,,,,INFERENCE_COMPONENT_ONLY,False
STAGE20_MASKED_CNN_V1,CPU_1_PHYSICAL_CORE,8192,CPUCOND_045,RESOURCE_LIMIT_OOM,,,,,INFERENCE_COMPONENT_ONLY,False
STAGE20_MASKED_CNN_V1,CPU_2_PHYSICAL_CORE,1,CPUCOND_046,PASS,113.95265342023463,8.7756045,1.0,1.0,INFERENCE_COMPONENT_ONLY,False
STAGE20_MASKED_CNN_V1,CPU_2_PHYSICAL_CORE,64,CPUCOND_047,PASS,97.18693788054995,10.28945075,0.8528712141712395,0.8528739495643147,INFERENCE_COMPONENT_ONLY,False
STAGE20_MASKED_CNN_V1,CPU_2_PHYSICAL_CORE,256,CPUCOND_048,PASS,89.97138566395915,11.114645333984374,0.7895505981081692,0.7895532638515713,INFERENCE_COMPONENT_ONLY,False
STAGE20_MASKED_CNN_V1,CPU_2_PHYSICAL_CORE,1024,CPUCOND_049,TIMEOUT_RESOURCE_LIMIT,,,,,INFERENCE_COMPONENT_ONLY,False
STAGE20_MASKED_CNN_V1,CPU_2_PHYSICAL_CORE,8192,CPUCOND_050,RESOURCE_LIMIT_OOM,,,,,INFERENCE_COMPONENT_ONLY,False
STAGE21_MASKED_VIT_V1,CPU_1_PHYSICAL_CORE,1,CPUCOND_051,PASS,521.4145194484133,1.9178600000000001,1.0,1.0,INFERENCE_COMPONENT_ONLY,False
STAGE21_MASKED_VIT_V1,CPU_1_PHYSICAL_CORE,64,CPUCOND_052,PASS,609.4236485845488,1.6409003046875,1.1687891799201091,1.1687852056101882,INFERENCE_COMPONENT_ONLY,False
STAGE21_MASKED_VIT_V1,CPU_1_PHYSICAL_CORE,256,CPUCOND_053,PASS,408.5176986728557,2.447874380859375,0.7834797141917197,0.7834797467534659,INFERENCE_COMPONENT_ONLY,False
STAGE21_MASKED_VIT_V1,CPU_1_PHYSICAL_CORE,1024,CPUCOND_054,PASS,301.66675854959783,3.314917131347656,0.5785545804683783,0.5785544325870697,INFERENCE_COMPONENT_ONLY,False
STAGE21_MASKED_VIT_V1,CPU_1_PHYSICAL_CORE,8192,CPUCOND_055,TIMEOUT_RESOURCE_LIMIT,,,,,INFERENCE_COMPONENT_ONLY,False
STAGE21_MASKED_VIT_V1,CPU_2_PHYSICAL_CORE,1,CPUCOND_056,PASS,537.091543757092,1.86188,1.0,1.0,INFERENCE_COMPONENT_ONLY,False
STAGE21_MASKED_VIT_V1,CPU_2_PHYSICAL_CORE,64,CPUCOND_057,PASS,798.2414849525264,1.25275975,1.4862298508157923,1.486222717484338,INFERENCE_COMPONENT_ONLY,False
STAGE21_MASKED_VIT_V1,CPU_2_PHYSICAL_CORE,256,CPUCOND_058,PASS,663.0497941258443,1.508182404296875,1.234519146377994,1.2345191103512583,INFERENCE_COMPONENT_ONLY,False
STAGE21_MASKED_VIT_V1,CPU_2_PHYSICAL_CORE,1024,CPUCOND_059,PASS,481.4702738085688,2.0769781684570314,0.8964398702697154,0.8964369622542417,INFERENCE_COMPONENT_ONLY,False
STAGE21_MASKED_VIT_V1,CPU_2_PHYSICAL_CORE,8192,CPUCOND_060,PASS,545.7291435038658,1.8324108436279296,1.016082174160389,1.0160821774628475,INFERENCE_COMPONENT_ONLY,False
ENS_LGBM_XGB_EQUAL,CPU_1_PHYSICAL_CORE,1,CPUCOND_061,PASS,891.3605384061377,1.1218805,1.0,1.0,INFERENCE_COMPONENT_ONLY,False
ENS_LGBM_XGB_EQUAL,CPU_1_PHYSICAL_CORE,64,CPUCOND_062,PASS,9957.622531756499,0.10042585937500001,11.171262472042965,11.1712312643578,INFERENCE_COMPONENT_ONLY,False
ENS_LGBM_XGB_EQUAL,CPU_1_PHYSICAL_CORE,256,CPUCOND_063,PASS,15048.34140103248,0.06645251757812501,16.882440665301118,16.882437880266302,INFERENCE_COMPONENT_ONLY,False
ENS_LGBM_XGB_EQUAL,CPU_1_PHYSICAL_CORE,1024,CPUCOND_064,PASS,17011.026970775467,0.05878554052734375,19.08433931929865,19.084293347241807,INFERENCE_COMPONENT_ONLY,False
ENS_LGBM_XGB_EQUAL,CPU_1_PHYSICAL_CORE,8192,CPUCOND_065,PASS,18587.949130377237,0.05379834295654297,20.853457528661497,20.8534396850518,INFERENCE_COMPONENT_ONLY,False
ENS_LGBM_XGB_EQUAL,CPU_2_PHYSICAL_CORE,1,CPUCOND_066,PASS,166.74880460568224,5.9970444999999994,1.0,1.0,INFERENCE_COMPONENT_ONLY,False
ENS_LGBM_XGB_EQUAL,CPU_2_PHYSICAL_CORE,64,CPUCOND_067,PASS,8625.200823473344,0.11594203125,51.72571308004103,51.72450780225571,INFERENCE_COMPONENT_ONLY,False
ENS_LGBM_XGB_EQUAL,CPU_2_PHYSICAL_CORE,256,CPUCOND_068,PASS,16240.646042212335,0.06157421875,97.39587687370388,97.39538108228129,INFERENCE_COMPONENT_ONLY,False
ENS_LGBM_XGB_EQUAL,CPU_2_PHYSICAL_CORE,1024,CPUCOND_069,PASS,26311.15184444711,0.0380066982421875,157.7891482140827,157.78914710731885,INFERENCE_COMPONENT_ONLY,False
ENS_LGBM_XGB_EQUAL,CPU_2_PHYSICAL_CORE,8192,CPUCOND_070,PASS,32860.78648034978,0.030431409545898437,197.06759852376175,197.06758870156523,INFERENCE_COMPONENT_ONLY,False
FT_BALANCED_SINGLE_RESOURCE_REFERENCE,CPU_1_PHYSICAL_CORE,1,CPUCOND_071,PASS,580.4252995555269,1.722885,1.0,1.0,INFERENCE_COMPONENT_ONLY,False
FT_BALANCED_SINGLE_RESOURCE_REFERENCE,CPU_1_PHYSICAL_CORE,64,CPUCOND_072,PASS,871.6000071674872,1.1473153046875,1.5016575049966527,1.5016665366189557,INFERENCE_COMPONENT_ONLY,False
FT_BALANCED_SINGLE_RESOURCE_REFERENCE,CPU_1_PHYSICAL_CORE,256,CPUCOND_073,PASS,743.781772022851,1.3444808828124999,1.2814427155267316,1.2814499797095829,INFERENCE_COMPONENT_ONLY,False
FT_BALANCED_SINGLE_RESOURCE_REFERENCE,CPU_1_PHYSICAL_CORE,1024,CPUCOND_074,PASS,652.6319095847382,1.532257439453125,1.1244029336496963,1.1244096165817354,INFERENCE_COMPONENT_ONLY,False
FT_BALANCED_SINGLE_RESOURCE_REFERENCE,CPU_1_PHYSICAL_CORE,8192,CPUCOND_075,PASS,593.8117595342778,1.6840914337158204,1.023063191747503,1.0230353088362814,INFERENCE_COMPONENT_ONLY,False
FT_BALANCED_SINGLE_RESOURCE_REFERENCE,CPU_2_PHYSICAL_CORE,1,CPUCOND_076,PASS,594.2689986925175,1.68274,1.0,1.0,INFERENCE_COMPONENT_ONLY,False
FT_BALANCED_SINGLE_RESOURCE_REFERENCE,CPU_2_PHYSICAL_CORE,64,CPUCOND_077,PASS,1595.4453027581606,0.6267846796875001,2.684719051924943,2.6847178218187686,INFERENCE_COMPONENT_ONLY,False
FT_BALANCED_SINGLE_RESOURCE_REFERENCE,CPU_2_PHYSICAL_CORE,256,CPUCOND_078,PASS,1327.7520941286139,0.75315264453125,2.2342610788209907,2.2342615566958677,INFERENCE_COMPONENT_ONLY,False
FT_BALANCED_SINGLE_RESOURCE_REFERENCE,CPU_2_PHYSICAL_CORE,1024,CPUCOND_079,PASS,1228.4882778319493,0.81400932421875,2.0672259204750896,2.0672244775758792,INFERENCE_COMPONENT_ONLY,False
FT_BALANCED_SINGLE_RESOURCE_REFERENCE,CPU_2_PHYSICAL_CORE,8192,CPUCOND_080,PASS,1074.3892976429515,0.9307613552856445,1.807917458266832,1.8079177766072787,INFERENCE_COMPONENT_ONLY,False
