evidence_id,stage,research_axis,question,comparison,native_metric,frozen_value,direction_of_effect,population,split,learner,seed_scope,target_scope,support,uncertainty_type,source_artifact,source_config,canonical_code,original_source,equivalence_id,reproducibility_class,evidence_status,residual_limitation,allowed_interpretation,prohibited_interpretation
"E29-001","Stage01","benchmark/reference validity","Was the reference split validation-safe?","train vs validation vs holdout","row counts and class counts","train=192593 (115200 benign;77393 attack); validation=48149 (28800;19349); holdout=60186 (36000;24186)","fixed disjoint reference memberships","processed CSE-CIC-IDS2018 binary table","stratified 64/16/20","none","42","processed reference dataset","300928 total rows","none","docs/RESULTS_SUMMARY.md","configs/stage01/protocol.json","src/ids_validation/stages/stage01/protocol.py","notebooks/archive/stage01_to_stage20_original_kaggle_notebook.ipynb:cell93","EQ003;EQ004;EQ005","PARTIALLY_REPRODUCIBLE_STATIC_SCIENTIFIC_EVIDENCE","HISTORICAL_CONTEXT","raw processed dataset is external and split was not recomputed","The early benchmark used a frozen disjoint split","The split establishes temporal or deployment validity"
"E29-002","Stage02","benchmark/reference validity","How strong was the conventional baseline?","sixteen baseline candidates","validation F1","best tree-ensemble baseline led to the Stage03 XGBoost/LightGBM focus","tree ensembles selected for later tuning","processed IDS2018 validation membership","frozen validation","multiple","42","validation only","16 candidate configurations","none","metadata/baseline_model_configurations.json","configs/stage02/protocol.json","src/ids_validation/stages/stage02/protocol.py","notebooks/archive/stage01_to_stage20_original_kaggle_notebook.ipynb:cells94-95","EQ006;EQ007;EQ008","PARTIALLY_REPRODUCIBLE_STATIC_SCIENTIFIC_EVIDENCE","HISTORICAL_CONTEXT","baseline fitting is not rerun and serialized coverage is incomplete","The model chronology began with a broad conventional baseline","All baseline candidates are reproducible end to end"
"E29-003","Stage03","benchmark/reference validity","Did validation-only tuning improve XGBoost?","baseline vs tuned XGBoost","validation F1 and FPR","F1 0.925288775482207 to 0.9269482744442312; FPR 0.0081944444444444 to 0.0077777777777777","small validation improvement","processed IDS2018 validation membership","frozen validation","XGBoost","42","validation only","48149 rows","none","docs/RESULTS_SUMMARY.md","configs/stage03/protocol.json","src/ids_validation/stages/stage03/protocol.py","notebooks/archive/stage01_to_stage20_original_kaggle_notebook.ipynb:cells96-101","EQ009;EQ010","PARTIALLY_REPRODUCIBLE_STATIC_SCIENTIFIC_EVIDENCE","HISTORICAL_CONTEXT","HPO was not rerun and external data are unavailable","Validation-only tuning produced a small frozen improvement","Tuning proves generalization"
"E29-004","Stage04","benchmark/reference validity","What balanced operating point was selected?","validation threshold grid","threshold; F1; FPR","XGBoost threshold=0.51; F1=0.9270781893004115; FPR=0.007118055555555555","balanced objective selected 0.51","processed IDS2018 validation membership","frozen validation","XGBoost","42","validation only","48149 rows","none","docs/RESULTS_SUMMARY.md","configs/stage04/protocol.json","src/ids_validation/stages/stage04/protocol.py","notebooks/archive/stage01_to_stage20_original_kaggle_notebook.ipynb:cells102-104","EQ011;EQ012","PARTIALLY_REPRODUCIBLE_STATIC_SCIENTIFIC_EVIDENCE","HISTORICAL_CONTEXT","threshold sweep is closed and not rerun","The balanced operating point was validation selected","The threshold transfers to other populations"
"E29-005","Stage04","benchmark/reference validity","What security operating point was selected?","validation threshold grid under FPR constraint","threshold; F2; FPR","LightGBM threshold=0.26; F2=0.9080189904320635; FPR=0.04798611111111111","security objective selected 0.26 under 5% validation FPR","processed IDS2018 validation membership","frozen validation","LightGBM","42","validation only","48149 rows","none","docs/RESULTS_SUMMARY.md","configs/stage04/protocol.json","src/ids_validation/stages/stage04/protocol.py","notebooks/archive/stage01_to_stage20_original_kaggle_notebook.ipynb:cell106","EQ013","PARTIALLY_REPRODUCIBLE_STATIC_SCIENTIFIC_EVIDENCE","HISTORICAL_CONTEXT","constraint applies only to the reference validation population","The frozen security point met the reference validation constraint","It guarantees at most 5% FPR in deployment"
"E29-006","Stage05","benchmark/reference validity","How did the balanced point perform on the original holdout?","balanced XGBoost on frozen holdout","F1; FPR; ROC-AUC; PR-AUC","0.9285008671218141;0.006083333333333333;0.9801912125472036;0.9776433333080397","strong conventional benchmark result","processed IDS2018 holdout","frozen stratified holdout","XGBoost","42","original holdout","60186 rows","none","docs/RESULTS_SUMMARY.md","configs/stage05/protocol.json","src/ids_validation/stages/stage05/protocol.py","notebooks/archive/stage01_to_stage20_original_kaggle_notebook.ipynb:cell105","EQ014","PARTIALLY_REPRODUCIBLE_STATIC_SCIENTIFIC_EVIDENCE","PRIMARY","holdout is closed; processed and rebalanced reference condition is not a deployment population","Conventional evaluation produced high within-dataset discrimination","This demonstrates temporal cross-dataset or zero-day generalization"
"E29-007","Stage05","benchmark/reference validity","How did the security point perform on the original holdout?","security LightGBM on frozen holdout","F1; F2; FPR; FN; ROC-AUC; PR-AUC","0.9177721052851823;0.9111605955862803;0.04655555555555556;2254;0.9802072525887335;0.9776909621341594","higher-recall operating point with greater FPR","processed IDS2018 holdout","frozen stratified holdout","LightGBM","42","original holdout","60186 rows","none","docs/RESULTS_SUMMARY.md","configs/stage05/protocol.json","src/ids_validation/stages/stage05/protocol.py","notebooks/archive/stage01_to_stage20_original_kaggle_notebook.ipynb:cell107","EQ015","PARTIALLY_REPRODUCIBLE_STATIC_SCIENTIFIC_EVIDENCE","SUPPORTING","single processed-dataset holdout and frozen operating point","The security point quantifies the reference recall/FPR trade-off","It guarantees operational superiority"
"E29-008","Stage06","shortcut-feature sensitivity","Were global importance rankings similar across tree learners?","XGBoost vs LightGBM TreeSHAP","top20 overlap; Jaccard; Spearman","15;0.6;0.854066","substantial but incomplete ranking agreement","5000 shared training-background rows","training sample","XGBoost;LightGBM","42","model explanations","5000 rows","none","docs/RESULTS_SUMMARY.md","configs/stage06/protocol.json","src/ids_validation/stages/stage06/protocol.py","notebooks/archive/stage01_to_stage20_original_kaggle_notebook.ipynb:cell108","EQ018;EQ019;EQ020","PARTIALLY_REPRODUCIBLE_STATIC_SCIENTIFIC_EVIDENCE","DESCRIPTIVE","historical SHAP matrices and exact model dependencies are incomplete","The two learners shared many high-ranked features","Feature ranking proves causal mechanisms"
"E29-009","Stage08","seed/model-realization stability","Was the balanced learner difference resolved?","XGBoost minus LightGBM balanced","F1 difference and 95% paired bootstrap CI","0.000185061470508896;[-0.0004952955263602676;0.0008619090916325816]","unresolved","original IDS2018 holdout","frozen holdout","XGBoost;LightGBM","42","balanced points","60186 rows","paired class-stratified bootstrap; historical 2000 replicates","docs/STATISTICAL_CONFIDENCE.md","configs/stage08/protocol.json","src/ids_validation/stages/stage08/protocol.py","notebooks/archive/stage01_to_stage20_original_kaggle_notebook.ipynb:cells116-117","EQ023;EQ024;EQ025","PARTIALLY_REPRODUCIBLE_STATIC_SCIENTIFIC_EVIDENCE","NEGATIVE_RESULT","interval is conditional on one frozen holdout and historical bootstrap arrays","No balanced learner winner was statistically resolved","The learners are equivalent everywhere"
"E29-010","Stage08","seed/model-realization stability","Did the security LightGBM point miss fewer attacks?","XGBoost minus LightGBM security","recall difference CI; FN difference CI","recall=-0.0013644257008186278 [-0.002646158934921039;-0.00008269246671632757]; FN=33 [2;64]","LightGBM security favored","original IDS2018 holdout","frozen holdout","XGBoost;LightGBM","42","security points","60186 rows","paired class-stratified bootstrap; historical 2000 replicates","docs/STATISTICAL_CONFIDENCE.md","configs/stage08/protocol.json","src/ids_validation/stages/stage08/protocol.py","notebooks/archive/stage01_to_stage20_original_kaggle_notebook.ipynb:cells116-117","EQ026","PARTIALLY_REPRODUCIBLE_STATIC_SCIENTIFIC_EVIDENCE","CONDITIONAL","CI is conditional on the frozen sample and bootstrap implementation","LightGBM security missed fewer attacks in the frozen holdout","LightGBM is universally superior"
"E29-011","Stage09","benchmark/reference validity","Was either final learner better calibrated?","XGBoost vs LightGBM","Brier score and paired difference intervals","0.04277372026730192 vs 0.04275382352223183; all paired calibration-difference CIs include zero","no resolved calibration winner","original IDS2018 holdout","frozen holdout","XGBoost;LightGBM","42","probability calibration","60186 rows","paired historical bootstrap intervals","docs/CALIBRATION_ASSESSMENT.md","configs/stage09/protocol.json","src/ids_validation/stages/stage09/protocol.py","notebooks/archive/stage01_to_stage20_original_kaggle_notebook.ipynb:cell118","EQ027;EQ028;EQ029","PARTIALLY_REPRODUCIBLE_STATIC_SCIENTIFIC_EVIDENCE","NEGATIVE_RESULT","calibration assessed without recalibration on one holdout","Both models were reasonably calibrated and no winner was resolved","The models remain calibrated under prior shift"
"E29-012","Stage10","prevalence/operational validity","When does the LightGBM security point become preferable to its balanced point?","security vs balanced under relative FN:FP cost","break-even FN:FP ratio and 95% CI","1.8407079646017699;[1.6987043925893093;1.9973514290693621]","security favored above frozen break-even","original IDS2018 holdout","frozen holdout","LightGBM","42","operating points","60186 rows","historical paired bootstrap CI","docs/OPERATIONAL_COST_ANALYSIS.md","configs/stage10/protocol.json","src/ids_validation/stages/stage10/protocol.py","notebooks/archive/stage01_to_stage20_original_kaggle_notebook.ipynb:cells119-120","EQ031;EQ032;EQ033","PARTIALLY_REPRODUCIBLE_STATIC_SCIENTIFIC_EVIDENCE","CONDITIONAL","relative costs are hypothetical; low thresholds produced FPR above 40%","Operating-point preference depends on explicit relative costs","One operating point is operationally best in all SOCs"
"E29-013","Stage11","unseen-family validity","Were all attack-category results equally supported?","per-category detection at frozen points","support and detection rate","Infilteration support=3967; LightGBM security detection=0.4383665238215276; SQL Injection support=13","large heterogeneity and fragile rare-category claims","original IDS2018 attack holdout","frozen holdout","XGBoost;LightGBM","42","12 known attack categories","24186 attack rows","BH-adjusted category comparisons plus descriptive rates","docs/ATTACK_CATEGORY_ANALYSIS.md","configs/stage11/protocol.json","src/ids_validation/stages/stage11/protocol.py","notebooks/archive/stage01_to_stage20_original_kaggle_notebook.ipynb:cells121-122","EQ035;EQ036","PARTIALLY_REPRODUCIBLE_STATIC_SCIENTIFIC_EVIDENCE","LOW_SUPPORT","some categories have very small support and are not unseen-family tests","Performance varies by known category; rare-category conclusions are fragile","Known-category results establish zero-day detection"
"E29-014","Stage12","seed/model-realization stability","Were learner choices stable across fixed seeds?","XGBoost vs LightGBM by objective","winner frequency","balanced XGBoost=3/5; balanced LightGBM=2/5; security LightGBM=4/5; security XGBoost=1/5","objective-dependent learner preference","processed IDS2018 repeated split/evaluation","five frozen seeds","XGBoost;LightGBM","42;52;62;72;82","balanced and security objectives","5 seeds","descriptive fixed-seed frequencies","docs/MULTISEED_ROBUSTNESS.md","configs/stage12/protocol.json","src/ids_validation/stages/stage12/protocol.py","notebooks/archive/stage01_to_stage20_original_kaggle_notebook.ipynb:cells123-125","EQ037;EQ038;EQ039","PARTIALLY_REPRODUCIBLE_STATIC_SCIENTIFIC_EVIDENCE","SENSITIVITY","hyperparameter search was not repeated per seed","Learner preference varied with objective and realization","Winner frequency is a population probability"
"E29-015","Stage13","shortcut-feature sensitivity","Did stable LIME explanations reliably reproduce local model behavior?","LIME vs TreeSHAP and model decisions","qualified cases; local decision failures; top10 Jaccard","2/64 qualified;31/64 decision failures; mean Jaccard XGB=0.304 LGB=0.360","stability did not imply fidelity","deterministic outcome-stratified local panel","original holdout cases","XGBoost;LightGBM","five perturbation seeds","64 model-specific cases","64 explanations","study-specific local fidelity criteria","docs/STAGE13_LOCAL_EXPLANATION_RELIABILITY.md","configs/stage13/protocol.json","src/ids_validation/stages/stage13/protocol.py","notebooks/archive/stage01_to_stage20_original_kaggle_notebook.ipynb:cells126-134","EQ040;EQ041;EQ042","PARTIALLY_REPRODUCIBLE_STATIC_SCIENTIFIC_EVIDENCE","NEGATIVE_RESULT","selected panel and study-specific criteria limit generality","LIME was repeatable yet frequently fidelity-limited; TreeSHAP is primary","Stable explanations are necessarily valid or causal"
"E29-016","Stage18","temporal validity","Was the Stage15 split safe for temporal window models?","recovered timestamps vs frozen memberships","unique provenance; mixed-bin rate; near-train validation bins","0.8536783;0.1555201;0.9976558 within 30 seconds","temporal leakage risk identified","192521 timestamp-recovered rows","Stage15 frozen split","none","historical frozen scope","temporal representation feasibility","192521 rows","descriptive provenance audit","results/stage18_representation_feasibility_checkpoint/stage18_1_temporal_feasibility_package/stage18_1_temporal_feasibility_closure.json","configs/stage18/protocol.json","src/ids_validation/stages/stage18/protocol.py","notebooks/archive/stage01_to_stage20_original_kaggle_notebook.ipynb:cells163-166","EQ058;EQ059","PARTIALLY_REPRODUCIBLE_STATIC_SCIENTIFIC_EVIDENCE","PARTIAL","timestamp recovery was incomplete and mixed temporal/family composition remained","The existing split was unsafe for temporal-window claims","All random splits are invalid or concept drift is proven"
"E29-017","Stage18","deployment/computational validity","Was a tabular-to-ViT experiment supported by the available artifacts?","seven candidate representations vs feasibility gates","representations passing gate","0/7","no support for execution","frozen Stage18 representation inventory","not applicable","ViT candidate","none","representation feasibility only","7 representations","precommitted feasibility audit","results/stage18_representation_feasibility_checkpoint/stage18_2_vit_feasibility_package/stage18_2_vit_feasibility_closure.json","configs/stage18/protocol.json","src/ids_validation/stages/stage18/protocol.py","notebooks/archive/stage01_to_stage20_original_kaggle_notebook.ipynb:cells167-169","EQ060","PARTIALLY_REPRODUCIBLE_STATIC_SCIENTIFIC_EVIDENCE","NEGATIVE_RESULT","no ViT model was trained in Stage18","A Stage18 ViT comparison was not supported by the artifacts","ViT performed poorly in Stage18"
"E29-018","Stage18","shortcut-feature sensitivity","Did packet graph ranking translate to the frozen threshold?","graph ranking vs frozen operating point and edge-only baseline","PR-AUC; ROC-AUC; F1; recall; TP","graph PR=0.9735953918848133 ROC=0.9986766395630168 but F1=0 recall=0 TP=0; edge-only PR=0.42976973171668154 F1=0.6559877841940602","ranking/threshold divergence","source-restricted Feb20 packet graph subset","frozen final evaluation","graph;edge-only","historical frozen scope","graph representation","source-restricted subset","descriptive frozen metrics","docs/STAGE18_MANUSCRIPT_INTEGRATION.md","configs/stage18/protocol.json","src/ids_validation/stages/stage18/protocol.py","notebooks/archive/stage01_to_stage20_original_kaggle_notebook.ipynb:cells170-179","EQ060","PARTIALLY_REPRODUCIBLE_STATIC_SCIENTIFIC_EVIDENCE","CONDITIONAL","unseen topology is not estimable and source restriction limits scope","Strong ranking coexisted with total failure at the frozen threshold","Graph context causally improves detection"
"E29-019","Stage21","deployment/computational validity","How did the frozen ViT compare descriptively with the CNN?","CNN vs ViT on the restored Friday population","PR-AUC; ROC-AUC; deltas","CNN 0.48945269459245255/0.43921400808023464; ViT 0.606536911289453/0.5686939700294255; deltas 0.11708421669700042/0.1294799619491908","ViT higher on this frozen comparison","restored Friday packet-image population","Friday locked evaluation","CNN;ViT","single frozen training runs","same frozen target","one comparison","descriptive only","results/stage21_architecture/stage21_5_cnn_vit_descriptive_comparison.json","configs/stage21/protocol.json","src/ids_validation/stages/stage21/protocol.py","notebooks/archive/stage21_stage22_research_continues.ipynb:Stage21 cells","EQ075;EQ076;EQ077","PARTIALLY_REPRODUCIBLE_STATIC_SCIENTIFIC_EVIDENCE","DESCRIPTIVE","single artifact-specific comparison without confirmatory replication","ViT ranked higher than CNN under the frozen Stage21 conditions","General architecture superiority"
"E29-020","Stage22","temporal validity","How did split chronology affect forward holdout ranking?","random-natural vs chronological-natural and rebalanced cells","final PR-AUC; ROC-AUC","random natural 0.26295321962777995/0.5204903284767843; chronological natural 0.6107344875615713/0.8064180161824033; chronological rebalanced 0.6926302657182113/0.8321639645817649","chronological cells higher on shared forward target","Mar1-Mar2 IDS2018 final holdout","random vs chronological development","XGBoost","42","shared final holdout","1374133 rows; prevalence 0.2731504155711274","single frozen holdout comparison","results/stage22r_training/stage22r_final_single_holdout/stage22r_final_holdout_result.json","configs/stage22/protocol.json","src/ids_validation/stages/stage22/registry.py","notebooks/archive/stage21_stage22_research_continues.ipynb:cells133-136","EQ079;EQ080;EQ081","PARTIALLY_REPRODUCIBLE_STATIC_SCIENTIFIC_EVIDENCE","PRIMARY","single seed in Stage22R; chronology and family composition are entangled","Chronological development improved ranking on this forward target","Temporal splitting always improves or proves concept drift"
"E29-021","Stage22","temporal validity","Did frozen operating thresholds transfer?","development thresholds on shared forward target","FPR and firing behavior","chronological thresholds almost never fire; random security FPR=0.2870 and 0.2685","operating-point transfer failed","Mar1-Mar2 IDS2018 final holdout","forward final holdout","XGBoost","42","four frozen cells","1374133 rows","descriptive frozen operating-point metrics","docs/STAGE22R_MANUSCRIPT_INTEGRATION.md","configs/stage22/protocol.json","src/ids_validation/stages/stage22/registry.py","notebooks/archive/stage21_stage22_research_continues.ipynb:cells133-136","EQ079;EQ080;EQ081","PARTIALLY_REPRODUCIBLE_STATIC_SCIENTIFIC_EVIDENCE","NEGATIVE_RESULT","no post-holdout threshold adaptation was allowed","Ranking generalization and threshold transfer must be separated","Threshold failure means the rankings have no value"
"E29-022","Stage23","shortcut-feature sensitivity","Did shortcut-subset effects generalize uniformly?","seven frozen feature subsets across split/model cells","PR-AUC and ROC-AUC interactions","effects were split- and learner-dependent; no universal shortcut-removal benefit","mixed and conditional","frozen Stage22 development/final populations","random and chronological","XGBoost;LightGBM","frozen Stage23 scope","seven subsets","7 primary subsets","frozen paired comparisons and controls","results/stage23_shortcut_feature_audit/stage23_7_final_synthesis/stage23_7_final_scientific_synthesis.md","configs/stage23/protocol.json","src/ids_validation/stages/stage23/registry.py","notebooks/archive/stage23_research_executed.ipynb","EQ082;EQ083;EQ084","PARTIALLY_REPRODUCIBLE_STATIC_SCIENTIFIC_EVIDENCE","SENSITIVITY","subset perturbations do not identify causal mechanisms and target relationships vary","Shortcut sensitivity depended on split and learner under the tested subsets","Shortcut features cause all transfer failure"
"E29-023","Stage23","shortcut-feature sensitivity","Did the audit support a single causal shortcut mechanism?","primary subsets plus placebo and stump controls","closure status","mechanism remains partial; controls constrain but do not identify causation","no single mechanism established","same frozen Stage23 populations","random and chronological","XGBoost;LightGBM;stump controls","frozen","subset and control scope","frozen control set","descriptive and frozen control evidence","results/stage23_shortcut_feature_audit/stage23_7_final_synthesis/manuscript/stage23_results_integration.tex","configs/stage23/protocol.json","src/ids_validation/stages/stage23/registry.py","notebooks/archive/stage23_research_executed.ipynb","EQ085;EQ086;EQ087","PARTIALLY_REPRODUCIBLE_STATIC_SCIENTIFIC_EVIDENCE","PARTIAL","observational ablations cannot isolate a causal data-generating mechanism","The audit narrows plausible shortcut explanations","A named shortcut mechanism was proven"
"E29-024","Stage24","cross-dataset validity","How much ranking transferred IDS2018 to CICIDS2017?","bridge62 forward transfer","PR-AUC; ROC-AUC","0.667483;0.733946","substantial but incomplete ranking signal","CICIDS2017 effective target","frozen target evaluation","tree model","frozen source training","IDS2018 to CICIDS2017","2830743 rows","frozen scalar result","results/stage24_cross_dataset/stage24_6_final_synthesis/stage24_6_final_synthesis.json","configs/stage24/protocol.json","src/ids_validation/stages/stage24/registry.py","notebooks/archive/stage24_cross_dataset_executed.ipynb","EQ088;EQ089;EQ090","PARTIALLY_REPRODUCIBLE_STATIC_SCIENTIFIC_EVIDENCE","PRIMARY","62-feature bridge and dataset preprocessing restrict scope","Forward transfer retained ranking signal under the frozen bridge","The model generalizes across arbitrary datasets"
"E29-025","Stage24","cross-dataset validity","Was reverse transfer symmetric?","bridge62 CICIDS2017 to IDS2018","PR-AUC; ROC-AUC; prevalence","0.108176;0.525167;0.104847","near-baseline reverse ranking","IDS2018 Feb28 target","frozen target evaluation","tree model","frozen source training","CICIDS2017 to IDS2018","frozen target","frozen scalar result","results/stage24_cross_dataset/stage24_6_final_synthesis/stage24_6_final_synthesis.json","configs/stage24/protocol.json","src/ids_validation/stages/stage24/registry.py","notebooks/archive/stage24_cross_dataset_executed.ipynb","EQ088;EQ089;EQ090","PARTIALLY_REPRODUCIBLE_STATIC_SCIENTIFIC_EVIDENCE","NEGATIVE_RESULT","direction-specific populations and feature bridges differ","Cross-dataset transfer was strongly asymmetric","Forward and reverse results may be averaged"
"E29-026","Stage24","cross-dataset validity","Did the aggregate-flag serialization correction matter?","bridge70 primary before vs corrected","delta PR-AUC; ROC-AUC; Brier","-0.007729;+0.002192;+0.005087; paired 95% intervals exclude zero","small metric-specific changes","CICIDS2017 target","frozen target evaluation","tree model","frozen","IDS2018 to CICIDS2017 bridge70","frozen target","conditional paired bootstrap intervals","results/stage24_cross_dataset/stage24_6_final_synthesis/stage24_6_final_synthesis.json","configs/stage24/protocol.json","src/ids_validation/stages/stage24/registry.py","notebooks/archive/stage24_cross_dataset_executed.ipynb","EQ091;EQ092","PARTIALLY_REPRODUCIBLE_STATIC_SCIENTIFIC_EVIDENCE","CONDITIONAL","intervals are conditional on frozen arrays and protocol; metric directions differ","Serialization details measurably affected the bridge70 result","All metrics changed in one common degradation direction"
"E29-027","Stage24","cross-dataset validity","Could the two GROUNDED_S4 cells be executed without adaptation?","durable physical-row reconstruction gate","completed cells","0/2; both cancelled","administrative cancellation","GROUNDED_S4 target memberships","not opened","none","none","two preregistered cells","2 cells","protocol governance record","docs/STAGE24_PUBLICATION_CLOSEOUT.md","configs/stage24/protocol.json","src/ids_validation/stages/stage24/registry.py","notebooks/archive/stage24_cross_dataset_executed.ipynb","EQ093","PARTIALLY_REPRODUCIBLE_STATIC_SCIENTIFIC_EVIDENCE","CANCELLED","exact durable membership could not be reconstructed without a new heuristic","The cells remain cancelled and visible","Imputed or fuzzy results exist for the cancelled cells"
"E29-028","Stage25","prevalence/operational validity","Can high PPV coexist with high workload at low prevalence?","Stage22 random standard point at 0.1% prevalence","PPV; analyst hours/day","0.965572;33.5","high PPV but capacity-intensive","prior-shift projection","0.1% deployment prevalence","frozen Stage22 random point","frozen inherited run","projected deployment","frozen point","deterministic frozen prior-shift translation","docs/STAGE25_MANUSCRIPT_INTEGRATION.md","configs/stage25/protocol.json","src/ids_validation/stages/stage25/registry.py","notebooks/archive/stage25_prevalence_operational_stress_executed.ipynb","EQ095;EQ099;EQ100","PARTIALLY_REPRODUCIBLE_STATIC_SCIENTIFIC_EVIDENCE","CONDITIONAL","prior shift fixes sensitivity/specificity and analyst time is assumed","High PPV did not imply low workload under the frozen assumptions","This is observed SOC workload"
"E29-029","Stage25","prevalence/operational validity","Can low workload conceal negligible utility?","Stage22 chronological standard point at 0.1% prevalence","PPV; true alerts/day","0.000551068;0.0322","capacity fit with negligible positive yield","prior-shift projection","0.1% deployment prevalence","frozen Stage22 chronological point","frozen inherited run","projected deployment","frozen point","deterministic frozen prior-shift translation","docs/STAGE25_MANUSCRIPT_INTEGRATION.md","configs/stage25/protocol.json","src/ids_validation/stages/stage25/registry.py","notebooks/archive/stage25_prevalence_operational_stress_executed.ipynb","EQ095;EQ099;EQ100","PARTIALLY_REPRODUCIBLE_STATIC_SCIENTIFIC_EVIDENCE","CONDITIONAL","prior-shift and alert-handling assumptions are not field observations","Capacity fit cannot be equated with operational usefulness","The model is operationally useless in all SOCs"
"E29-030","Stage25","prevalence/operational validity","How did transfer directions translate at 0.1% prevalence?","forward vs reverse standard points","projected PPV range","forward=0.039233-0.060313; reverse=0.000257610-0.000287993","forward higher but both constrained by base rate","prior-shift projection from Stage24","0.1% deployment prevalence","frozen transferred models","frozen","bidirectional transfer","frozen points","deterministic frozen prior-shift translation","docs/STAGE25_PUBLICATION_TABLES.md","configs/stage25/protocol.json","src/ids_validation/stages/stage25/registry.py","notebooks/archive/stage25_prevalence_operational_stress_executed.ipynb","EQ095;EQ101;EQ102","PARTIALLY_REPRODUCIBLE_STATIC_SCIENTIFIC_EVIDENCE","CONDITIONAL","assumes invariant rates under prior shift and frozen operating points","Base rates sharply constrain projected PPV","Projected PPV is observed deployment performance"
"E29-031","Stage25","prevalence/operational validity","How sensitive was frozen cost preference to prevalence?","1:100 relative-cost scenario at 0.1% vs 0.01%","operating points favoring model","15/24 vs 3/24","model preference decreased at lower prevalence","24 inherited operating points","prior-shift grid","multiple frozen models","frozen","cost scenario","24 points","deterministic frozen cost model","docs/STAGE25_PUBLICATION_TABLES.md","configs/stage25/protocol.json","src/ids_validation/stages/stage25/registry.py","notebooks/archive/stage25_prevalence_operational_stress_executed.ipynb","EQ095;EQ101;EQ102","PARTIALLY_REPRODUCIBLE_STATIC_SCIENTIFIC_EVIDENCE","SENSITIVITY","1:100 costs and prevalence are scenarios not measured SOC economics","Operational preference depends on prevalence and cost assumptions","A universal deployment recommendation follows"
"E29-032","Stage26","deployment/computational validity","What deployment cost was measured?","frozen inference paths and batch settings","latency; throughput; memory; artifact size","reported only in Stage26 native hardware/profile tables","hardware-specific feasibility evidence","Stage26 measured host and software stack","profiling protocol","eligible frozen models","frozen inherited artifacts","deployment profiling","frozen batch grid","descriptive measured profiling with frozen repetitions","docs/STAGE26_MANUSCRIPT_INTEGRATION.md","configs/stage26/protocol.json","src/ids_validation/stages/stage26/registry.py","notebooks/archive/stage26_deployment_profiling_executed.ipynb","EQ096;EQ103;EQ104","PARTIALLY_REPRODUCIBLE_STATIC_SCIENTIFIC_EVIDENCE","HARDWARE_SPECIFIC","timings do not generalize beyond measured hardware/software and unsupported backends remain unsupported","Stage26 quantifies measured computational feasibility","The timings are universal deployment constants"
"E29-033","Stage26","deployment/computational validity","Could all desired backend comparisons be completed?","eligible vs unsupported runtime paths","backend support status","unsupported paths remain explicitly unsupported","partial backend coverage","Stage26 environment","profiling protocol","frozen artifacts","frozen","runtime backends","documented set","governance and compatibility evidence","docs/STAGE26_PUBLICATION_CLOSEOUT.md","configs/stage26/protocol.json","src/ids_validation/stages/stage26/registry.py","notebooks/archive/stage26_deployment_profiling_executed.ipynb","EQ105","PARTIALLY_REPRODUCIBLE_STATIC_SCIENTIFIC_EVIDENCE","PARTIAL","missing compatible artifacts/dependencies prevented complete backend coverage","Only measured compatible paths support deployment claims","Unsupported paths performed poorly"
"E29-034","Stage27","unseen-family validity","Did eligible attack families transfer consistently?","leave-one-attack-family-out across learners","eligibility and qualitative stability","5 eligible families; DDOS PORT_SCAN WEB_ATTACK met frozen conditions for both learners; BOT learner-dependent","selective family transfer","eligible IDS2018 families","LOAO frozen protocol","XGBoost;LightGBM","frozen Stage27 runs","held-out family","5 eligible families","frozen intervals and point metrics","docs/STAGE27_MANUSCRIPT_INTEGRATION.md","configs/stage27/protocol.json","src/ids_validation/stages/stage27/registry.py","notebooks/archive/stage27_loao_unseen_attack_executed.ipynb","EQ097;EQ106;EQ107","PARTIALLY_REPRODUCIBLE_STATIC_SCIENTIFIC_EVIDENCE","PRIMARY","only eligible families and two learners; conditions are not universal zero-day criteria","Unseen-family ranking/recall was selective and learner-dependent","The model detects zero-day attacks"
"E29-035","Stage27","unseen-family validity","Were all families eligible for LOAO inference?","eligible vs ineligible/low-support families","family count and support","DOS and AUTH_BRUTE_FORCE ineligible; Infiltration support=36 descriptive only","restricted inferential scope","IDS2018 family taxonomy","LOAO frozen protocol","XGBoost;LightGBM","frozen","held-out family","Infiltration 36 positives","eligibility gates and descriptive reporting","docs/STAGE27_PUBLICATION_TABLES.md","configs/stage27/protocol.json","src/ids_validation/stages/stage27/registry.py","notebooks/archive/stage27_loao_unseen_attack_executed.ipynb","EQ108","PARTIALLY_REPRODUCIBLE_STATIC_SCIENTIFIC_EVIDENCE","LOW_SUPPORT","family construction and small supports limit inference","Infiltration is descriptive and two families were ineligible","All attack families were evaluated equivalently"
"E29-036","Stage27","unseen-family validity","Did ranking always translate to the operating threshold?","PR/ROC ranking vs balanced recall","metric-specific outcomes","ranking and threshold behavior diverged for some family-learner cells","mixed","eligible LOAO holdouts","family holdout","XGBoost;LightGBM","frozen","held-out family","10 primary family-learner rows","frozen native-metric intervals","docs/STAGE27_MANUSCRIPT_INTEGRATION.md","configs/stage27/protocol.json","src/ids_validation/stages/stage27/registry.py","notebooks/archive/stage27_loao_unseen_attack_executed.ipynb","EQ097;EQ106;EQ107","PARTIALLY_REPRODUCIBLE_STATIC_SCIENTIFIC_EVIDENCE","CONDITIONAL","metric-specific results and support heterogeneity prevent a common score","Unseen-family ranking and threshold detection are distinct","One composite zero-day score summarizes the stage"
"E29-037","Stage28","seed/model-realization stability","Were Stage22 random/chronological conclusions stable across seeds?","random-natural vs chronological-natural over five seeds","mean ROC-AUC and PR-AUC with SD","random ROC=0.5176 SD=0.0073 PR=0.2599 SD=0.0034; chronological ROC=0.8209 SD=0.0085 PR=0.6388 SD=0.0322","chronological higher across frozen seed set","shared 1374133-row Stage22 holdout","random vs chronological","tree learners per frozen design","5 seeds","shared final holdout","5 random and 5 chronological realizations","descriptive mean and SD copied from frozen synthesis","results/stage28_stability_novelty_control/stage28_final_synthesis/stage28_final_manuscript_results.md","configs/stage28/protocol.json","src/ids_validation/stages/stage28/registry.py","notebooks/archive/stage28_stability_novelty_control_executed.ipynb","EQ098;EQ109;EQ110","FULLY_REPRODUCIBLE_SCALAR_EVIDENCE","PRIMARY","five preregistered seeds and shared historical holdout do not define all realizations","The Stage22 ranking contrast was stable across the five frozen seeds","Temporal splitting is always superior"
"E29-038","Stage28","seed/model-realization stability","Was the random-vs-chronological ordering consistent seed by seed?","paired seed ordering","PR and ROC ordering count","random<chronological for PR 5/5 and ROC 5/5","consistent descriptive ordering","shared Stage22 holdout","random vs chronological","frozen Stage28 models","5 seeds","shared final holdout","5 paired seeds","descriptive ordering; not a significance test","results/stage28_stability_novelty_control/stage28_final_synthesis/stage28_final_manuscript_results.md","configs/stage28/protocol.json","src/ids_validation/stages/stage28/registry.py","notebooks/archive/stage28_stability_novelty_control_executed.ipynb","EQ098;EQ109;EQ110","FULLY_REPRODUCIBLE_SCALAR_EVIDENCE","SUPPORTING","five observations and no inferential test","The ordering held in every frozen seed","The 5/5 count is a p-value or population guarantee"
"E29-039","Stage28","unseen-family validity","Did the main Stage27 family pattern survive realizations?","LOAO family/learner results across seeds","stability classification","DDOS PORT_SCAN WEB_ATTACK stable for both learners; BOT learner-dependent; Infiltration descriptive only","selective stability","eligible LOAO populations","family holdout","XGBoost;LightGBM","frozen five-seed scope","held-out family","eligible family/learner cells","frozen synthesis categories","results/stage28_stability_novelty_control/stage28_final_synthesis/stage28_final_manuscript_results.md","configs/stage28/protocol.json","src/ids_validation/stages/stage28/registry.py","notebooks/archive/stage28_stability_novelty_control_executed.ipynb","EQ111","FULLY_REPRODUCIBLE_SCALAR_EVIDENCE","PRIMARY","eligibility and low-support limits remain; criteria are study-specific","Several eligible family patterns survived while BOT remained learner-dependent","Universal zero-day generalization"
"E29-040","Stage28","temporal validity","Did random-vs-chronological controls isolate a single temporal mechanism?","family-aware controls","control outcome","mixed and family-specific","no single causal mechanism isolated","Stage28 control populations","frozen controls","frozen learners","frozen seed scope","temporal/family controls","frozen cells","descriptive controls","results/stage28_stability_novelty_control/stage28_final_synthesis/stage28_final_manuscript_results.md","configs/stage28/protocol.json","src/ids_validation/stages/stage28/registry.py","notebooks/archive/stage28_stability_novelty_control_executed.ipynb","EQ111","FULLY_REPRODUCIBLE_SCALAR_EVIDENCE","NEGATIVE_RESULT","temporal and family-composition effects remain entangled","Controls did not support a single causal temporal-drift explanation","Concept drift caused the entire Stage22 contrast"
"E29-041","Stage28","seed/model-realization stability","Was the planned closure executed completely?","new fits and inherited reuses","execution count","108/108 new fits;12 frozen reuses;0 remaining","complete execution of frozen Stage28 plan","Stage28 planned cells","frozen protocols","multiple","frozen","stability/control closure","120 total cells including reuses","receipt and artifact audit","results/stage28_stability_novelty_control/stage28_final_synthesis/stage28_final_manuscript_results.md","configs/stage28/protocol.json","src/ids_validation/stages/stage28/registry.py","notebooks/archive/stage28_stability_novelty_control_executed.ipynb","EQ098;EQ109;EQ110;EQ111","FULLY_REPRODUCIBLE_SCALAR_EVIDENCE","SUPPORTING","completion does not broaden scientific scope","The preregistered stability/control execution is complete","Completion proves every broader hypothesis"
