candidate_id,configuration_id,threshold,accuracy,precision,recall,specificity,balanced_accuracy,f1,f2,fpr,fnr,mcc,roc_auc,pr_auc,brier_score,log_loss,true_negative,false_positive,false_negative,true_positive
CATBOOST,CAT_08,0.05,0.6317430950178407,0.43394072805837514,0.9956041900486345,0.4884132188777954,0.742008704463215,0.6044346023904835,0.7908735642431536,0.5115867811222046,0.004395809951365507,0.4564262740300596,0.9611756323518514,0.937814161284832,0.0528819042438271,0.18059358238830392,13257,13886,47,10645
CATBOOST,CAT_08,0.055,0.646068455134135,0.4436793122156838,0.9942947998503554,0.5088973215930442,0.7515960607216998,0.6135688107811733,0.7965801975153232,0.49110267840695576,0.005705200149644594,0.47015268038511837,0.9611756323518514,0.937814161284832,0.0528819042438271,0.18059358238830392,13813,13330,61,10631
CATBOOST,CAT_08,0.06,0.6564556627461345,0.4509987250318742,0.9925177702955481,0.524076189072689,0.7582969796841186,0.6201858453626321,0.8003258016833088,0.4759238109273109,0.0074822297044519264,0.47968134323409284,0.9611756323518514,0.937814161284832,0.0528819042438271,0.18059358238830392,14225,12918,80,10612
CATBOOST,CAT_08,0.065,0.6654949121184088,0.45755165557188554,0.9899925177702955,0.5376708543639244,0.7638316860671099,0.6258499379175781,0.8030864010196958,0.4623291456360756,0.010007482229704451,0.48743481179041737,0.9611756323518514,0.937814161284832,0.0528819042438271,0.18059358238830392,14594,12549,107,10585
CATBOOST,CAT_08,0.07,0.6763578696973701,0.46574315083601714,0.9873737373737373,0.553844453450245,0.7706090954119912,0.6329326418657634,0.8066783831282952,0.446155546549755,0.012626262626262626,0.49724405709291036,0.9611756323518514,0.937814161284832,0.0528819042438271,0.18059358238830392,15033,12110,135,10557
CATBOOST,CAT_08,0.075,0.6847627857803621,0.47232555012772826,0.9856902356902357,0.5662233356666544,0.7759567856784451,0.6386305105287078,0.8096833177117746,0.4337766643333456,0.01430976430976431,0.5052154804916072,0.9611756323518514,0.937814161284832,0.0528819042438271,0.18059358238830392,15369,11774,153,10539
CATBOOST,CAT_08,0.08,0.6946213823179596,0.4802854267679078,0.9820426487093153,0.5814022031462992,0.7817224259278073,0.6450820175708054,0.8123162617979266,0.41859779685370074,0.017957351290684626,0.513655121522821,0.9611756323518514,0.937814161284832,0.0528819042438271,0.18059358238830392,15781,11362,192,10500
CATBOOST,CAT_08,0.085,0.7046649927315978,0.48874778223923804,0.9790497568275346,0.5965810706259441,0.7878154137267394,0.6520087200249144,0.8154426198859565,0.40341892937405593,0.020950243172465393,0.5229571273723709,0.9611756323518514,0.937814161284832,0.0528819042438271,0.18059358238830392,16193,10950,224,10468
CATBOOST,CAT_08,0.09,0.7141271309633936,0.49704649390243905,0.9758698092031426,0.6110230998784217,0.7934464545407822,0.6586289609897741,0.8182245922208281,0.3889769001215783,0.024130190796857465,0.5317171001550751,0.9611756323518514,0.937814161284832,0.0528819042438271,0.18059358238830392,16585,10558,258,10434
CATBOOST,CAT_08,0.095,0.7265230606581208,0.5084356203237322,0.9724092779648336,0.6296651070257525,0.801037192495293,0.6677370668893099,0.8223262729961878,0.3703348929742475,0.02759072203516648,0.5439671505141923,0.9611756323518514,0.937814161284832,0.0528819042438271,0.18059358238830392,17091,10052,295,10397
CATBOOST,CAT_08,0.1,0.7403726708074534,0.521936689049326,0.9668911335578002,0.6511439413476772,0.8090175374527386,0.677923866356274,0.8260487415101878,0.3488560586523229,0.03310886644219978,0.5571708614380592,0.9611756323518514,0.937814161284832,0.0528819042438271,0.18059358238830392,17674,9469,354,10338
CATBOOST,CAT_08,0.105,0.7539579754195851,0.5361115462948457,0.9601571268237935,0.6727333014036768,0.8164452141137352,0.6880466472303206,0.8290130335772083,0.3272666985963232,0.03984287317620651,0.5699748645642724,0.9611756323518514,0.937814161284832,0.0528819042438271,0.18059358238830392,18260,8883,426,10266
CATBOOST,CAT_08,0.11,0.767886877230078,0.5516383692008219,0.954171343060232,0.6945068710164684,0.8243391070383501,0.6991023093263894,0.8326531944761844,0.30549312898353165,0.04582865693976805,0.5842958767897437,0.9611756323518514,0.937814161284832,0.0528819042438271,0.18059358238830392,18851,8292,490,10202
CATBOOST,CAT_08,0.115,0.7795427514206422,0.5655130134314217,0.9490273101384212,0.7127804590502155,0.8309038845943184,0.7087131133228566,0.835680519181038,0.28721954094978447,0.05097268986157875,0.5967652221840093,0.9611756323518514,0.937814161284832,0.0528819042438271,0.18059358238830392,19347,7796,545,10147
CATBOOST,CAT_08,0.12,0.7903528478921633,0.5793285812830535,0.9425738870183314,0.7303908926795122,0.8364823898489218,0.7176018228424949,0.837544046273519,0.26960910732048776,0.05742611298166854,0.6079896870014951,0.9611756323518514,0.937814161284832,0.0528819042438271,0.18059358238830392,19825,7318,614,10078
CATBOOST,CAT_08,0.125,0.8009779304876438,0.593672236046925,0.9371492704826038,0.7473381719043584,0.842243721193481,0.7268770402611534,0.8399557388592697,0.2526618280956416,0.06285072951739619,0.6200102015790736,0.9611756323518514,0.937814161284832,0.0528819042438271,0.18059358238830392,20285,6858,672,10020
CATBOOST,CAT_08,0.13,0.8138760407030527,0.6126404147636094,0.9283576505798729,0.7687801643149247,0.8485689074473988,0.7381572097865695,0.8416143801933187,0.23121983568507534,0.07164234942012719,0.6343578962499696,0.9611756323518514,0.937814161284832,0.0528819042438271,0.18059358238830392,20867,6276,766,9926
CATBOOST,CAT_08,0.135,0.8265627064887009,0.6327291425633115,0.9206883651328096,0.7894853184983237,0.8550868418155666,0.7500190476190476,0.8438775160305868,0.21051468150167632,0.07931163486719042,0.6498569042080439,0.9611756323518514,0.937814161284832,0.0528819042438271,0.18059358238830392,21429,5714,848,9844
CATBOOST,CAT_08,0.14,0.8393815250429496,0.65487616618565,0.9125514403292181,0.8105588917953064,0.8615551660622622,0.7625337032550507,0.8459777689146305,0.18944110820469365,0.0874485596707819,0.666385540975093,0.9611756323518514,0.937814161284832,0.0528819042438271,0.18059358238830392,22001,5142,935,9757
CATBOOST,CAT_08,0.145,0.8507730936963129,0.6768540586008692,0.9031051253273475,0.8301587886379546,0.866631956982651,0.7737799503165318,0.8465126065154118,0.16984121136204547,0.09689487467265245,0.6812351101927538,0.9611756323518514,0.937814161284832,0.0528819042438271,0.18059358238830392,22533,4610,1036,9656
CATBOOST,CAT_08,0.15,0.8635919122505616,0.7039003170390031,0.8929105873550318,0.8520428839848211,0.8724767356699265,0.787219130076273,0.8474019633949336,0.14795711601517886,0.1070894126449682,0.6994503374140205,0.9611756323518514,0.937814161284832,0.0528819042438271,0.18059358238830392,23127,4016,1145,9547
CATBOOST,CAT_08,0.155,0.8738469670939606,0.7283036334181903,0.882996632996633,0.8702427881958515,0.8766197105962423,0.7982244768547875,0.8470151262313613,0.1297572118041484,0.117003367003367,0.714633423466734,0.9611756323518514,0.937814161284832,0.0528819042438271,0.18059358238830392,23621,3522,1251,9441
CATBOOST,CAT_08,0.16,0.8821725915157923,0.7495596477181745,0.8756079311634867,0.8847585012710459,0.8801832162172663,0.8076956259166596,0.8471171595063158,0.11524149872895406,0.12439206883651328,0.7280378650363282,0.9611756323518514,0.937814161284832,0.0528819042438271,0.18059358238830392,24015,3128,1330,9362
CATBOOST,CAT_08,0.165,0.8883309105325756,0.7661535928883035,0.8705574261129817,0.8953321298308956,0.8829447779719386,0.8150256118383609,0.8474607134402826,0.10466787016910438,0.12944257388701833,0.7385944510793958,0.9611756323518514,0.937814161284832,0.0528819042438271,0.18059358238830392,24302,2841,1384,9308
CATBOOST,CAT_08,0.17,0.8933527157393948,0.7810046433094132,0.8652263374485597,0.9044320819364109,0.8848292096924852,0.8209610862137817,0.8469595151337593,0.09556791806358914,0.13477366255144033,0.7472841151336603,0.9611756323518514,0.937814161284832,0.0528819042438271,0.18059358238830392,24549,2594,1441,9251
CATBOOST,CAT_08,0.175,0.8979252015329721,0.7950069108500346,0.8607369996258886,0.9125741443466087,0.8866555719862486,0.8265672714208729,0.8467356101869571,0.0874258556533913,0.1392630003741115,0.7556041185626919,0.9611756323518514,0.937814161284832,0.0528819042438271,0.18059358238830392,24770,2373,1489,9203
CATBOOST,CAT_08,0.18,0.9018897845909872,0.8076516220028209,0.8569023569023569,0.9196109494160557,0.8882566531592063,0.8315483753857323,0.846577468953282,0.0803890505839443,0.14309764309764308,0.7630886874755445,0.9611756323518514,0.937814161284832,0.0528819042438271,0.18059358238830392,24961,2182,1530,9162
CATBOOST,CAT_08,0.185,0.9045592705167174,0.817676087931808,0.8523194912083801,0.9251372361198099,0.888728363664095,0.8346384576635985,0.8451579396434997,0.0748627638801901,0.1476805087916199,0.7679276426969635,0.9611756323518514,0.937814161284832,0.0528819042438271,0.18059358238830392,25111,2032,1579,9113
CATBOOST,CAT_08,0.19,0.9079688119466103,0.8294042397660819,0.8489524878413768,0.9312161514939395,0.8900843196676582,0.8390645220928084,0.8449694667858207,0.0687838485060605,0.15104751215862328,0.7747389108333632,0.9611756323518514,0.937814161284832,0.0528819042438271,0.18059358238830392,25276,1867,1615,9077
CATBOOST,CAT_08,0.195,0.9098189507070173,0.8363518758085382,0.8465207631874299,0.9347529749843422,0.890636869085886,0.8414055963558613,0.8444672513528644,0.06524702501565781,0.15347923681257014,0.7784333796163911,0.9611756323518514,0.937814161284832,0.0528819042438271,0.18059358238830392,25372,1771,1641,9051
CATBOOST,CAT_08,0.2,0.9123562838641469,0.8453830305300618,0.8442760942760943,0.9391740043473455,0.8917250493117199,0.8448291998128217,0.8444972495603039,0.06082599565265446,0.15572390572390574,0.7837614229986929,0.9611756323518514,0.937814161284832,0.0528819042438271,0.18059358238830392,25492,1651,1665,9027
CATBOOST,CAT_08,0.205,0.913704242103872,0.8509592666099612,0.8421249532360644,0.9419003057878643,0.8920126295119644,0.8465190617214309,0.8438771110986149,0.058099694212135726,0.15787504676393566,0.7865203612651906,0.9611756323518514,0.937814161284832,0.0528819042438271,0.18059358238830392,25566,1577,1688,9004
CATBOOST,CAT_08,0.21,0.9153693669882385,0.8570747520976354,0.8407220351664796,0.9447739748738164,0.892748005020148,0.8488196411709158,0.8439424665765359,0.05522602512618355,0.15927796483352039,0.7901348130877522,0.9611756323518514,0.937814161284832,0.0528819042438271,0.18059358238830392,25644,1499,1703,8989
CATBOOST,CAT_08,0.215,0.9172723668560856,0.8647501447038395,0.8383838383838383,0.9483476402755775,0.8933657393297079,0.8513629024598727,0.8435276847216471,0.0516523597244225,0.16161616161616163,0.7942512352710134,0.9611756323518514,0.937814161284832,0.0528819042438271,0.18059358238830392,25741,1402,1728,8964
CATBOOST,CAT_08,0.22,0.9184353112197701,0.8693667443667443,0.837167976056865,0.9504476292230041,0.8938078026399345,0.8529635982466172,0.8434154982662447,0.04955237077699591,0.16283202394313506,0.7968275858659296,0.9611756323518514,0.937814161284832,0.0528819042438271,0.18059358238830392,25798,1345,1741,8951
CATBOOST,CAT_08,0.225,0.9199154222280956,0.8753674309229865,0.8355780022446689,0.9531370887521644,0.8943575454984167,0.8550100488084984,0.8432438554762715,0.04686291124783554,0.1644219977553311,0.800144056681446,0.9611756323518514,0.937814161284832,0.0528819042438271,0.18059358238830392,25871,1272,1758,8934
CATBOOST,CAT_08,0.23,0.9211312276992203,0.8806043847521232,0.8339880284324729,0.9554581291677412,0.894723078800107,0.8566625036026515,0.8429122395734866,0.04454187083225878,0.16601197156752712,0.8028816382758348,0.9611756323518514,0.937814161284832,0.0528819042438271,0.18059358238830392,25934,1209,1775,8917
CATBOOST,CAT_08,0.235,0.9219505748645435,0.884756885751218,0.8322109988776656,0.9573002247356592,0.8947556118066624,0.8576798881873825,0.8422148603880737,0.04269977526434071,0.16778900112233447,0.8046962821580546,0.9611756323518514,0.937814161284832,0.0528819042438271,0.18059358238830392,25984,1159,1794,8898
CATBOOST,CAT_08,0.24,0.9228492136910268,0.8890001000900811,0.8307145529367752,0.9591423203035774,0.8949284366201763,0.8588696030556496,0.8417521181220267,0.04085767969642265,0.16928544706322485,0.8067454190735087,0.9611756323518514,0.937814161284832,0.0528819042438271,0.18059358238830392,26034,1109,1810,8882
CATBOOST,CAT_08,0.245,0.9233249636579887,0.8917831640349995,0.8293116348671904,0.9603581033784032,0.8948348691227967,0.8594136176399322,0.8410957864582346,0.03964189662159673,0.17068836513280958,0.8078027842120724,0.9611756323518514,0.937814161284832,0.0528819042438271,0.18059358238830392,26067,1076,1825,8867
CATBOOST,CAT_08,0.25,0.9241971719307519,0.8967545638945233,0.8269734380845492,0.9624949342371882,0.8947341861608686,0.8604515375632542,0.840047123204378,0.037505065762811776,0.1730265619154508,0.8097848161991505,0.9611756323518514,0.937814161284832,0.0528819042438271,0.18059358238830392,26125,1018,1850,8842
CATBOOST,CAT_08,0.255,0.9252808246332761,0.9015623404472582,0.8257575757575758,0.9644843974505397,0.8951209866040577,0.8619965828655114,0.8398812807975496,0.03551560254946027,0.17424242424242425,0.8123741992358973,0.9611756323518514,0.937814161284832,0.0528819042438271,0.18059358238830392,26179,964,1863,8829
CATBOOST,CAT_08,0.26,0.9257565746002379,0.9048793014894709,0.8238870183314628,0.9658843900821574,0.8948857042068101,0.862485925490772,0.8389044435556064,0.034115609917842536,0.17611298166853723,0.8134646177276172,0.9611756323518514,0.937814161284832,0.0528819042438271,0.18059358238830392,26217,926,1883,8809
CATBOOST,CAT_08,0.265,0.92631161622836,0.9085176762456068,0.8220164609053497,0.9673949084478503,0.8947056846765999,0.8631051752921536,0.8379733801151747,0.032605091552149724,0.1779835390946502,0.8147693766013674,0.9611756323518514,0.937814161284832,0.0528819042438271,0.18059358238830392,26258,885,1903,8789
CATBOOST,CAT_08,0.27,0.9272102550548434,0.9132653061224489,0.8203329592218481,0.9693106878384851,0.8948218235301666,0.8643082380764683,0.8373749331703965,0.03068931216151494,0.17966704077815188,0.8169591426667884,0.9611756323518514,0.937814161284832,0.0528819042438271,0.18059358238830392,26310,833,1921,8771
CATBOOST,CAT_08,0.275,0.927897449451566,0.917138068300859,0.8188365132809577,0.9708580481155362,0.894847280698247,0.865204071548572,0.8367740948885576,0.029141951884463765,0.18116348671904228,0.8186495597197645,0.9611756323518514,0.937814161284832,0.0528819042438271,0.18059358238830392,26352,791,1937,8755
CATBOOST,CAT_08,0.28,0.9281881855424872,0.9197810295820613,0.817153011597456,0.9719264635449287,0.8945397375711923,0.8654350948442375,0.8358046185929937,0.02807353645507129,0.18284698840254396,0.8193527763890267,0.9611756323518514,0.937814161284832,0.0528819042438271,0.18059358238830392,26381,762,1955,8737
CATBOOST,CAT_08,0.285,0.9284789216334082,0.9225396825396825,0.8153759820426487,0.9730317208856796,0.8942038514641641,0.8656538576109623,0.8347696196713776,0.02696827911432045,0.18462401795735128,0.8200661836419932,0.9611756323518514,0.937814161284832,0.0528819042438271,0.18059358238830392,26411,732,1974,8718
CATBOOST,CAT_08,0.29,0.92892824104665,0.9251035801551046,0.8144407033295922,0.9740264524923553,0.8942335779109738,0.8662521760756031,0.8344033268814319,0.025973547507644697,0.18555929667040777,0.8212032484991472,0.9611756323518514,0.937814161284832,0.0528819042438271,0.18059358238830392,26438,705,1984,8708
CATBOOST,CAT_08,0.295,0.9291661160301309,0.9270788912579957,0.8133183688739244,0.9748001326308809,0.8940592507524027,0.8664806695894778,0.8337807777863004,0.02519986736911911,0.18668163112607558,0.8218058096936277,0.9611756323518514,0.937814161284832,0.0528819042438271,0.18059358238830392,26459,684,1996,8696
CATBOOST,CAT_08,0.3,0.9296154354433726,0.9291288081239979,0.8129442573887018,0.9755738127694065,0.8942590350790541,0.8671621689030778,0.8337969802198645,0.024426187230593522,0.18705574261129818,0.8229589265128758,0.9611756323518514,0.937814161284832,0.0528819042438271,0.18059358238830392,26480,663,2000,8692
CATBOOST,CAT_08,0.305,0.9300647548566142,0.9319304273137213,0.811821922933034,0.976642228198799,0.8942320755659166,0.867739678096571,0.8333013325141123,0.023357771801201046,0.18817807706696596,0.8241188720411093,0.9611756323518514,0.937814161284832,0.0528819042438271,0.18059358238830392,26509,634,2012,8680
CATBOOST,CAT_08,0.31,0.9303026298400952,0.933670722515344,0.8109801720912833,0.9773053826032495,0.8941427773472663,0.8680114119825817,0.8328690807799443,0.022694617396750542,0.1890198279087168,0.8247387492259696,0.9611756323518514,0.937814161284832,0.0528819042438271,0.18059358238830392,26527,616,2021,8671
CATBOOST,CAT_08,0.315,0.9307519492533368,0.9360414866032843,0.8103254769921436,0.9781895884758501,0.8942575327339969,0.868658512131542,0.832692603413809,0.021810411524149875,0.18967452300785634,0.8259109168338242,0.9611756323518514,0.937814161284832,0.0528819042438271,0.18059358238830392,26551,592,2028,8664
CATBOOST,CAT_08,0.32,0.9309633936830977,0.9377980060684872,0.8093901982790872,0.9788527428803007,0.8941214705796939,0.8688755020080322,0.8321793984152628,0.02114725711969937,0.19060980172091282,0.8264727479269784,0.9611756323518514,0.937814161284832,0.0528819042438271,0.18059358238830392,26569,574,2038,8654
CATBOOST,CAT_08,0.325,0.9309369631293776,0.9387422613229065,0.808361391694725,0.9792211619938842,0.8937912768443046,0.8686868686868686,0.8314574314574315,0.020778838006115758,0.19163860830527496,0.8264182699661924,0.9611756323518514,0.937814161284832,0.0528819042438271,0.18059358238830392,26579,564,2049,8643
CATBOOST,CAT_08,0.33,0.9311748381128585,0.9404269222391636,0.8076131687242798,0.9798474744869764,0.893730321605628,0.8689745395994767,0.8310875842155919,0.020152525513023614,0.19238683127572018,0.8270534193436918,0.9611756323518514,0.937814161284832,0.0528819042438271,0.18059358238830392,26596,547,2057,8635
CATBOOST,CAT_08,0.335,0.9316505880798203,0.9429508196721311,0.8069584736251403,0.9807685222709354,0.8938634979480378,0.8696703961294223,0.8309256905119612,0.019231477729064583,0.19304152637485972,0.8283161966612715,0.9611756323518514,0.937814161284832,0.0528819042438271,0.18059358238830392,26621,522,2064,8628
CATBOOST,CAT_08,0.34,0.9317034491872604,0.9443226654975888,0.8058361391694725,0.9812843090299525,0.8935602240997125,0.8696003229713364,0.8301857704463116,0.018715690970047525,0.1941638608305275,0.828481462405267,0.9611756323518514,0.937814161284832,0.0528819042438271,0.18059358238830392,26635,508,2076,8616
CATBOOST,CAT_08,0.345,0.9319677547244615,0.9460439560439561,0.805181444070333,0.9819106215230446,0.8935460327966889,0.8699474535165723,0.8298951183774196,0.018089378476955385,0.19481855592966704,0.8291968353645682,0.9611756323518514,0.937814161284832,0.0528819042438271,0.18059358238830392,26652,491,2083,8609
CATBOOST,CAT_08,0.35,0.9320999074930619,0.9475482093663912,0.8042461653572764,0.9824632501934201,0.8933547077753483,0.8700359184499418,0.8293308643404125,0.017536749806579967,0.19575383464272353,0.829573725758393,0.9611756323518514,0.937814161284832,0.0528819042438271,0.18059358238830392,26667,476,2093,8599
CATBOOST,CAT_08,0.355,0.9324170741377031,0.9494971820090617,0.8035914702581369,0.9831632465092289,0.8933773583836829,0.8704726204346284,0.8290715402281105,0.0168367534907711,0.19640852974186307,0.8304372068463582,0.9611756323518514,0.937814161284832,0.0528819042438271,0.18059358238830392,26686,457,2100,8592
CATBOOST,CAT_08,0.36,0.9328135324435047,0.9516736865440035,0.803030303030303,0.9839369266477545,0.8934836148390287,0.8710561022623515,0.8289245027997683,0.016063073352245515,0.19696969696969696,0.8315136741711311,0.9611756323518514,0.937814161284832,0.0528819042438271,0.18059358238830392,26707,436,2106,8586
CATBOOST,CAT_08,0.365,0.9330249768732655,0.9534237438861717,0.8021885521885522,0.9845632391408466,0.8933758956646994,0.871292157659488,0.8284715246116993,0.015436760859153372,0.1978114478114478,0.832111102989491,0.9611756323518514,0.937814161284832,0.0528819042438271,0.18059358238830392,26724,419,2115,8577
CATBOOST,CAT_08,0.37,0.9333950046253469,0.9549098196392786,0.8021885521885522,0.9850790258998637,0.893633789044208,0.8719121683440073,0.828695652173913,0.014920974100136314,0.1978114478114478,0.8331031018954446,0.9611756323518514,0.937814161284832,0.0528819042438271,0.18059358238830392,26738,405,2115,8577
CATBOOST,CAT_08,0.375,0.9336328796088278,0.9561726329876212,0.8019079685746352,0.985521128836164,0.8937145487053997,0.8722722417213489,0.8286459843432877,0.01447887116383598,0.19809203142536475,0.833753987882167,0.9611756323518514,0.937814161284832,0.0528819042438271,0.18059358238830392,26750,393,2118,8574
CATBOOST,CAT_08,0.38,0.9338178934848685,0.9578394095280698,0.8010662177328844,0.9861105994178978,0.8935884085753911,0.8724661301823369,0.8281763682073101,0.0138894005821022,0.1989337822671156,0.834290007959387,0.9611756323518514,0.937814161284832,0.0528819042438271,0.18059358238830392,26766,377,2127,8565
CATBOOST,CAT_08,0.385,0.9340029073609092,0.9594124901894832,0.8003179947624393,0.9866632280882732,0.8934906114253562,0.8726734995665698,0.8277710062491536,0.01333677191172678,0.1996820052375608,0.8348252548633406,0.9611756323518514,0.937814161284832,0.0528819042438271,0.18059358238830392,26781,362,2135,8557
CATBOOST,CAT_08,0.39,0.933950046253469,0.9600224592925323,0.7995697717919941,0.9868842795564234,0.8932270256742088,0.8724804817063837,0.8272211793393067,0.013115720443576612,0.200430228208006,0.834719527745118,0.9611756323518514,0.937814161284832,0.0528819042438271,0.18059358238830392,26787,356,2143,8549
CATBOOST,CAT_08,0.395,0.9340821990220695,0.9610798650168729,0.7991021324354658,0.987252698670007,0.8931774155527363,0.8726381370646512,0.8269774284718726,0.012747301329993,0.20089786756453423,0.8351015701582549,0.9611756323518514,0.937814161284832,0.0528819042438271,0.18059358238830392,26797,346,2148,8544
CATBOOST,CAT_08,0.4,0.9343200740055504,0.962887760857304,0.7983539094650206,0.9878790111630992,0.8931164603140599,0.8729355218080483,0.8266031414018167,0.012120988836900859,0.20164609053497942,0.8357877571262626,0.9611756323518514,0.937814161284832,0.0528819042438271,0.18059358238830392,26814,329,2156,8536
CATBOOST,CAT_08,0.405,0.934452226774151,0.9637451999096454,0.7980733258511036,0.988173746453966,0.8931235361525348,0.8731198199120023,0.826488706365503,0.011826253546033968,0.20192667414889637,0.8361630985959323,0.9611756323518514,0.937814161284832,0.0528819042438271,0.18059358238830392,26822,321,2159,8533
CATBOOST,CAT_08,0.41,0.9345843795427514,0.9649202217947267,0.7975121586232697,0.988579007478908,0.8930455830510888,0.8732654001741001,0.8261796337564189,0.011420992521091994,0.20248784137673026,0.8365557024096716,0.9611756323518514,0.937814161284832,0.0528819042438271,0.18059358238830392,26833,310,2165,8527
CATBOOST,CAT_08,0.415,0.934452226774151,0.9652164060729662,0.7967639356528246,0.9886895332129831,0.8927267344329038,0.8729378010042014,0.8255804938558746,0.01131046678701691,0.20323606434717545,0.8362391960585812,0.9611756323518514,0.937814161284832,0.0528819042438271,0.18059358238830392,26836,307,2173,8519
CATBOOST,CAT_08,0.42,0.9343729351129906,0.9663674582433814,0.7954545454545454,0.989094794237925,0.8922746698462352,0.8726209408505616,0.8246233202117551,0.010905205762074937,0.20454545454545456,0.8361019048533858,0.9611756323518514,0.937814161284832,0.0528819042438271,0.18059358238830392,26847,296,2187,8505
CATBOOST,CAT_08,0.425,0.9343465045592705,0.9675324675324676,0.7943322109988776,0.989500055262867,0.8919161331308723,0.8724191063174115,0.8238272610871843,0.010499944737132963,0.20566778900112234,0.8361002640209974,0.9611756323518514,0.937814161284832,0.0528819042438271,0.18059358238830392,26858,285,2199,8493
CATBOOST,CAT_08,0.43,0.9348751156336725,0.9702789208962048,0.7938645716423495,0.9904211030468261,0.8921428373445878,0.8732510288065845,0.8238217252892306,0.00957889695317393,0.20613542835765059,0.8375848787569866,0.9611756323518514,0.937814161284832,0.0528819042438271,0.18059358238830392,26883,260,2204,8488
CATBOOST,CAT_08,0.435,0.9350601295097132,0.9726782229365171,0.7924616535727647,0.99123162509671,0.8918466393347373,0.8733700974076174,0.8229569338953747,0.008768374903289983,0.20753834642723532,0.8381948775256242,0.9611756323518514,0.937814161284832,0.0528819042438271,0.18059358238830392,26905,238,2219,8473
CATBOOST,CAT_08,0.44,0.9350865600634334,0.9740962468339858,0.7913393191170969,0.9917105699443687,0.8915249445307327,0.8732583341934153,0.8221906946010028,0.008289430055631286,0.2086606808829031,0.8383513888243127,0.9611756323518514,0.937814161284832,0.0528819042438271,0.18059358238830392,26918,225,2231,8461
CATBOOST,CAT_08,0.445,0.9350336989559931,0.9750750057696745,0.7903105125327348,0.992042147146594,0.8911763298396644,0.8730240727347867,0.8214410701092661,0.007957852853406035,0.20968948746726523,0.8382833670838865,0.9611756323518514,0.937814161284832,0.0528819042438271,0.18059358238830392,26927,216,2242,8450
CATBOOST,CAT_08,0.45,0.9348486850799524,0.9756041160827842,0.789188178077067,0.9922263567033858,0.8907072673902263,0.8725505403029834,0.8205457339012389,0.007773643296614228,0.21081182192293305,0.8378565051151238,0.9611756323518514,0.937814161284832,0.0528819042438271,0.18059358238830392,26932,211,2254,8438
CATBOOST,CAT_08,0.455,0.9347693934187922,0.9758157833834761,0.7887205387205387,0.9923000405261025,0.8905102896233206,0.8723492293369194,0.8201711729235557,0.007699959473897506,0.2112794612794613,0.8376727370401996,0.9611756323518514,0.937814161284832,0.0528819042438271,0.18059358238830392,26934,209,2259,8433
CATBOOST,CAT_08,0.46,0.9346372406501916,0.9766848393457835,0.7875046763935653,0.9925947758169694,0.8900497261052673,0.8719515352353336,0.819241471910331,0.007405224183030616,0.21249532360643472,0.8374020819795952,0.9611756323518514,0.937814161284832,0.0528819042438271,0.18059358238830392,26942,201,2272,8420
CATBOOST,CAT_08,0.465,0.9345579489890313,0.9772304832713755,0.7867564534231201,0.9927789853737612,0.8897677193984406,0.8717098445595854,0.8186701962005606,0.0072210146262388095,0.2132435465768799,0.8372420127179213,0.9611756323518514,0.937814161284832,0.0528819042438271,0.18059358238830392,26947,196,2280,8412
CATBOOST,CAT_08,0.47,0.9346108100964715,0.9777906976744186,0.7864758698092031,0.992963194930553,0.8897195323698781,0.8717603151565416,0.8185056844728236,0.007036805069447003,0.21352413019079686,0.8374131803088124,0.9611756323518514,0.937814161284832,0.0528819042438271,0.18059358238830392,26952,191,2283,8409
CATBOOST,CAT_08,0.475,0.9345050878815911,0.9781140861466822,0.7858211747100636,0.9930737206646281,0.8894474476873458,0.8714863603360647,0.8179835663382531,0.006926279335371919,0.2141788252899364,0.8371723213833355,0.9611756323518514,0.937814161284832,0.0528819042438271,0.18059358238830392,26955,188,2290,8402
CATBOOST,CAT_08,0.48,0.9345315184353112,0.9786738142407645,0.785447063224841,0.9932579302214198,0.8893524967231304,0.8714782337985783,0.817737443767162,0.0067420697785801125,0.214552936775159,0.8372781898848488,0.9611756323518514,0.937814161284832,0.0528819042438271,0.18059358238830392,26960,183,2294,8398
CATBOOST,CAT_08,0.485,0.9345579489890313,0.9793465577596266,0.7849794238683128,0.99347898168957,0.8892292027789415,0.8714567542311288,0.8174256885737662,0.006521018310429945,0.21502057613168724,0.8373926324970276,0.9611756323518514,0.937814161284832,0.0528819042438271,0.18059358238830392,26966,177,2299,8393
CATBOOST,CAT_08,0.49,0.9346108100964715,0.9797991592713685,0.7847923681257014,0.9936263493350035,0.8892093587303525,0.8715205650186955,0.8173264240629627,0.0063736506649965,0.21520763187429853,0.8375573602081878,0.9611756323518514,0.937814161284832,0.0528819042438271,0.18059358238830392,26970,173,2301,8391
CATBOOST,CAT_08,0.495,0.9343729351129906,0.9800023389077301,0.7837635615413393,0.9937000331577203,0.8887317973495298,0.8709660655822897,0.8164617393168223,0.006299966842279778,0.21623643845866067,0.836979475097699,0.9611756323518514,0.937814161284832,0.0528819042438271,0.18059358238830392,26972,171,2312,8380
CATBOOST,CAT_08,0.5,0.934478657327871,0.9811364967779731,0.7832023943135055,0.9940684522713038,0.8886354232924046,0.8710667290788995,0.8161316102372183,0.005931547728696165,0.2167976056864946,0.8373272097187403,0.9611756323518514,0.937814161284832,0.0528819042438271,0.18059358238830392,26982,161,2318,8374
CATBOOST,CAT_08,0.505,0.9346636712039117,0.9825076308992722,0.7827347549569772,0.9945105552076041,0.8886226550822907,0.871317022384175,0.8159146745700582,0.005489444792395829,0.21726524504302283,0.8378917749268256,0.9611756323518514,0.937814161284832,0.0528819042438271,0.18059358238830392,26994,149,2323,8369
CATBOOST,CAT_08,0.51,0.9347165323113519,0.9833059017164355,0.7822671156004489,0.9947684485871127,0.8885177820937809,0.8713407646629857,0.8156180520341694,0.005231551412887301,0.21773288439955107,0.8380848266766161,0.9611756323518514,0.937814161284832,0.0528819042438271,0.18059358238830392,27001,142,2328,8364
CATBOOST,CAT_08,0.515,0.934742962865072,0.9842185843834649,0.7816124205013094,0.9950631838779795,0.8883378021896444,0.8712922900484805,0.8151739206773445,0.00493681612202041,0.21838757949869061,0.8382218645949091,0.9611756323518514,0.937814161284832,0.0528819042438271,0.18059358238830392,27009,134,2335,8357
CATBOOST,CAT_08,0.52,0.9346636712039117,0.9845555293562839,0.7810512532734755,0.9951737096120546,0.888112481442765,0.87107541462397,0.8147317073170732,0.0048262903879453265,0.2189487467265245,0.838051335105774,0.9611756323518514,0.937814161284832,0.0528819042438271,0.18059358238830392,27012,131,2341,8351
CATBOOST,CAT_08,0.525,0.934478657327871,0.9848860550242059,0.780115974560419,0.9952842353461298,0.8877001049532744,0.8706226188612285,0.8139625661143314,0.0047157646538702426,0.219884025439581,0.8376177057199753,0.9611756323518514,0.937814161284832,0.0528819042438271,0.18059358238830392,27015,128,2351,8341
CATBOOST,CAT_08,0.53,0.934478657327871,0.9852298239395013,0.779835390946502,0.9953947610802049,0.8876150760133534,0.8705820934481857,0.813765103160196,0.004605238919795159,0.22016460905349794,0.8376452384827058,0.9611756323518514,0.937814161284832,0.0528819042438271,0.18059358238830392,27018,125,2354,8338
CATBOOST,CAT_08,0.535,0.9344257962204309,0.9852263325848009,0.7796483352038908,0.9953947610802049,0.8875215481420478,0.8704641570511146,0.8136016709285756,0.004605238919795159,0.22035166479610924,0.8375135800406842,0.9611756323518514,0.937814161284832,0.0528819042438271,0.18059358238830392,27018,125,2356,8336
CATBOOST,CAT_08,0.54,0.9343729351129906,0.9855672542292677,0.7791806958473625,0.99550528681428,0.8873429913308213,0.8703055628101333,0.8132406630093126,0.004494713185720075,0.22081930415263748,0.8374096948974058,0.9611756323518514,0.937814161284832,0.0528819042438271,0.18059358238830392,27021,122,2361,8331
CATBOOST,CAT_08,0.545,0.9343465045592705,0.9863711780042664,0.7784324728769173,0.9957631801937884,0.8870978265353529,0.8701515943544171,0.8126977307346795,0.0042368198062115465,0.22156752712308267,0.8374094551843736,0.9611756323518514,0.937814161284832,0.0528819042438271,0.18059358238830392,27028,115,2369,8323
CATBOOST,CAT_08,0.55,0.9343729351129906,0.9866034380557203,0.7783389450056116,0.9958368640165052,0.8870879045110585,0.8701835102211534,0.8126476964240377,0.004163135983494824,0.22166105499438832,0.8374941581466838,0.9611756323518514,0.937814161284832,0.0528819042438271,0.18059358238830392,27030,113,2370,8322
CATBOOST,CAT_08,0.555,0.9342672128981102,0.9872906520964485,0.7774036662925552,0.9960579154846554,0.8867307908886053,0.869865522473968,0.8119249028073534,0.003942084515344656,0.22259633370744483,0.8372884148815894,0.9611756323518514,0.937814161284832,0.0528819042438271,0.18059358238830392,27036,107,2380,8312
CATBOOST,CAT_08,0.56,0.9342407823443901,0.9876367094626723,0.7770295548073326,0.9961684412187304,0.8865989980130315,0.8697654941373534,0.8116451738960531,0.003831558781269572,0.22297044519266743,0.8372516464499569,0.9611756323518514,0.937814161284832,0.0528819042438271,0.18059358238830392,27039,104,2384,8308
CATBOOST,CAT_08,0.565,0.9343200740055504,0.9881051504698466,0.7769360269360269,0.9963158088641638,0.8866259179000954,0.8698884758364313,0.8116267708842207,0.0036841911358361274,0.22306397306397308,0.8374877450776919,0.9611756323518514,0.937814161284832,0.0528819042438271,0.18059358238830392,27043,100,2385,8307
CATBOOST,CAT_08,0.57,0.9341614906832298,0.9880966551601,0.7763748597081931,0.9963158088641638,0.8863453342861785,0.8695333368250143,0.8111356485372003,0.0036841911358361274,0.22362514029180697,0.8370934250320967,0.9611756323518514,0.937814161284832,0.0528819042438271,0.18059358238830392,27043,100,2391,8301
CATBOOST,CAT_08,0.575,0.9340557684683494,0.9885564429610204,0.7756266367377479,0.9964631765095974,0.8860449066236726,0.8692416540013627,0.8105440115722189,0.003536823490402682,0.22437336326225216,0.8368699426332923,0.9611756323518514,0.937814161284832,0.0528819042438271,0.18059358238830392,27047,96,2399,8293
CATBOOST,CAT_08,0.58,0.9339236156997489,0.9888994986870375,0.7748784137673027,0.9965737022436724,0.8857260580054875,0.8689040377556372,0.8099362609001682,0.0034262977563275982,0.22512158623269735,0.8365712543749632,0.9611756323518514,0.937814161284832,0.0528819042438271,0.18059358238830392,27050,93,2407,8285
CATBOOST,CAT_08,0.585,0.9337386018237082,0.9890070498267416,0.7741301907968574,0.9966105441550308,0.8853703674759441,0.8684748963852893,0.8092965954201458,0.003389455844969237,0.22586980920314254,0.8361213921526641,0.9611756323518514,0.937814161284832,0.0528819042438271,0.18059358238830392,27051,92,2415,8277
CATBOOST,CAT_08,0.59,0.9336593101625479,0.989354066985646,0.7735690235690236,0.9967210698891058,0.8851450467290647,0.8682553012807055,0.8088522922860273,0.003278930110894153,0.22643097643097643,0.8359545488069908,0.9611756323518514,0.937814161284832,0.0528819042438271,0.18059358238830392,27054,89,2421,8271
CATBOOST,CAT_08,0.595,0.9336328796088278,0.9897042978570574,0.773194912083801,0.9968315956231809,0.8850132538534909,0.8681543712260436,0.8085718198000823,0.0031684043768190695,0.22680508791619902,0.8359193192991916,0.9611756323518514,0.937814161284832,0.0528819042438271,0.18059358238830392,27057,86,2425,8267
CATBOOST,CAT_08,0.6,0.9335800185013876,0.9899365041332215,0.7728208005985784,0.9969052794458977,0.884863040022238,0.8680077735175167,0.8082754573021617,0.003094720554102347,0.22717919940142162,0.8358084054373831,0.9611756323518514,0.937814161284832,0.0528819042438271,0.18059358238830392,27059,84,2429,8263
CATBOOST,CAT_08,0.605,0.9333685740716268,0.9899268497421754,0.7720725776281332,0.9969052794458977,0.8844889285370154,0.8675319216015974,0.8076193085095976,0.003094720554102347,0.2279274223718668,0.8352830787740219,0.9611756323518514,0.937814161284832,0.0528819042438271,0.18059358238830392,27059,84,2437,8255
CATBOOST,CAT_08,0.61,0.9331835601955861,0.9900360144057623,0.771324354657688,0.996942121357256,0.884133238007472,0.867101251182841,0.8069787467219851,0.0030578786427439856,0.22867564534231202,0.8348336979329756,0.9611756323518514,0.937814161284832,0.0528819042438271,0.18059358238830392,27060,83,2445,8247
CATBOOST,CAT_08,0.615,0.9329985463195454,0.9902632527948071,0.7704826038159371,0.9970158051799728,0.8837492044979549,0.8666561464415339,0.8062716542368901,0.002984194820027263,0.22951739618406286,0.8343947623350704,0.9611756323518514,0.937814161284832,0.0528819042438271,0.18059358238830392,27062,81,2454,8238
CATBOOST,CAT_08,0.62,0.9329456852121052,0.9907329401853412,0.7699214365881033,0.9971631728254062,0.8835423047067548,0.8664807115414978,0.8058421598762653,0.002836827174593818,0.23007856341189675,0.8343052576780885,0.9611756323518514,0.937814161284832,0.0528819042438271,0.18059358238830392,27066,77,2460,8232
CATBOOST,CAT_08,0.625,0.9328135324435047,0.9909638554216867,0.7692667414889637,0.9972368566481229,0.8832517990685433,0.8661541701769165,0.8052988172632567,0.002763143351877095,0.2307332585110363,0.8339981023743936,0.9611756323518514,0.937814161284832,0.0528819042438271,0.18059358238830392,27068,75,2467,8225
CATBOOST,CAT_08,0.63,0.9325756574600238,0.9910725057304862,0.7683314627759072,0.9972736985594812,0.8828025806676942,0.8656024445498128,0.8044930176077718,0.0027263014405187343,0.23166853722409278,0.8334179201197726,0.9611756323518514,0.937814161284832,0.0528819042438271,0.18059358238830392,27069,74,2477,8215
CATBOOST,CAT_08,0.635,0.9325756574600238,0.9913095956547978,0.7681444070332959,0.997347382382198,0.8827458947077469,0.8655741160352006,0.8043601747203887,0.0026526176178020117,0.23185559296670408,0.8334392250354052,0.9611756323518514,0.937814161284832,0.0528819042438271,0.18059358238830392,27071,72,2479,8213
CATBOOST,CAT_08,0.64,0.9324699352451434,0.9914240850344245,0.7676767676767676,0.9973842242935563,0.882530495985162,0.8653207527278477,0.8039649734558348,0.0026157757064436504,0.23232323232323232,0.8331873879877129,0.9611756323518514,0.937814161284832,0.0528819042438271,0.18059358238830392,27072,71,2484,8208
CATBOOST,CAT_08,0.645,0.9324699352451434,0.9917804907530521,0.7673961840628507,0.9974947500276314,0.8824454670452411,0.8652781439493804,0.8037656002037576,0.0025052499723685665,0.23260381593714927,0.833219630609299,0.9611756323518514,0.937814161284832,0.0528819042438271,0.18059358238830392,27075,68,2487,8205
CATBOOST,CAT_08,0.65,0.932390643583983,0.9920154851197677,0.7669285447063224,0.9975684338503481,0.8822484892783353,0.8650701550796497,0.8033859779754673,0.002431566149651844,0.2330714552936775,0.833044406425669,0.9611756323518514,0.937814161284832,0.0528819042438271,0.18059358238830392,27077,66,2492,8200
CATBOOST,CAT_08,0.655,0.9323113519228228,0.9927281541631318,0.7660867938645717,0.9977894853184983,0.881938139591535,0.864804941139207,0.8027401556282955,0.0022105146815016765,0.23391320613542835,0.8329130793389651,0.9611756323518514,0.937814161284832,0.0528819042438271,0.18059358238830392,27083,60,2501,8191
CATBOOST,CAT_08,0.66,0.9323113519228228,0.993086719223772,0.7658062102506547,0.9979000110525734,0.8818531106516141,0.8647621059301897,0.802540528884794,0.0020999889474265926,0.2341937897493453,0.8329461291423994,0.9611756323518514,0.937814161284832,0.0528819042438271,0.18059358238830392,27086,57,2504,8188
CATBOOST,CAT_08,0.665,0.9323377824765429,0.9936862554638174,0.7654320987654321,0.9980842206093652,0.8817581596873987,0.8647506339814032,0.8022900164692963,0.001915779390634786,0.2345679012345679,0.8330671973903799,0.9611756323518514,0.937814161284832,0.0528819042438271,0.18059358238830392,27091,52,2508,8184
CATBOOST,CAT_08,0.67,0.9320999074930619,0.9939194941019093,0.76440329218107,0.998157904432082,0.8812805983065759,0.8641818662437218,0.8014159361455944,0.0018420955679180637,0.23559670781893005,0.832499698833133,0.9611756323518514,0.937814161284832,0.0528819042438271,0.18059358238830392,27093,50,2519,8173
CATBOOST,CAT_08,0.675,0.9319148936170213,0.9940345751156562,0.7636550692106248,0.9981947463434403,0.8809249077770325,0.8637469586374696,0.8007728217802362,0.0018052536565597024,0.23634493078937524,0.8320521704202426,0.9611756323518514,0.937814161284832,0.0528819042438271,0.18059358238830392,27094,49,2527,8165
CATBOOST,CAT_08,0.68,0.931835601955861,0.9942731814304862,0.7631874298540965,0.9982684301661571,0.8807279300101267,0.8635377533202816,0.8003923491907797,0.0017315698338429798,0.23681257014590348,0.8318782067615229,0.9611756323518514,0.937814161284832,0.0528819042438271,0.18059358238830392,27096,47,2532,8160
CATBOOST,CAT_08,0.685,0.9317827408484207,0.9943922955016458,0.7629068462401796,0.9983052720775154,0.8806060591588475,0.8634030166710771,0.8001608757921171,0.0016947279224846185,0.23709315375982043,0.8317585112875928,0.9611756323518514,0.937814161284832,0.0528819042438271,0.18059358238830392,27097,46,2535,8157
CATBOOST,CAT_08,0.69,0.9317563102947006,0.9945121951219512,0.7627197904975683,0.9983421139888737,0.880530952243221,0.8633283929705695,0.8000117720922932,0.0016578860111262572,0.23728020950243173,0.8317043825912135,0.9611756323518514,0.937814161284832,0.0528819042438271,0.18059358238830392,27098,45,2537,8155
CATBOOST,CAT_08,0.695,0.9315184353112198,0.9949896126115116,0.7615039281705949,0.9984894816343072,0.8799967049024511,0.862728476821192,0.7990029636317246,0.0015105183656928122,0.23849607182940516,0.831160610566078,0.9611756323518514,0.937814161284832,0.0528819042438271,0.18059358238830392,27102,41,2550,8142
CATBOOST,CAT_08,0.7,0.9314920047574997,0.9955947136563876,0.7609427609427609,0.9986736911910989,0.87980822606693,0.8625954198473281,0.7985865724381624,0.0013263088089010059,0.23905723905723905,0.8311531321875586,0.9611756323518514,0.937814161284832,0.0528819042438271,0.18059358238830392,27107,36,2556,8136
CATBOOST,CAT_08,0.705,0.9311748381128585,0.9955882352941177,0.7598204264870931,0.9986736911910989,0.879247058839096,0.8618714194780394,0.7975966069745524,0.0013263088089010059,0.24017957351290684,0.8303671738328384,0.9611756323518514,0.937814161284832,0.0528819042438271,0.18059358238830392,27107,36,2568,8124
CATBOOST,CAT_08,0.71,0.9309898242368178,0.9958277089213401,0.7589786756453423,0.9987473750138157,0.878863025329579,0.8614192452629903,0.7968851267749474,0.0012526249861842832,0.2410213243546577,0.8299322032063423,0.9611756323518514,0.937814161284832,0.0528819042438271,0.18059358238830392,27109,34,2577,8115
CATBOOST,CAT_08,0.715,0.9308312409144972,0.9960683130605725,0.7582304526748971,0.9988210588365325,0.8785257557557148,0.8610270298975095,0.7962559176537608,0.0011789411634675606,0.2417695473251029,0.8295629126537559,0.9611756323518514,0.937814161284832,0.0528819042438271,0.18059358238830392,27111,32,2585,8107
CATBOOST,CAT_08,0.72,0.9305933659310163,0.9960639606396064,0.7573887018331463,0.9988210588365325,0.8781048803348395,0.8604824141961535,0.7955125938150812,0.0011789411634675606,0.24261129816685373,0.8289734586149962,0.9611756323518514,0.937814161284832,0.0528819042438271,0.18059358238830392,27111,32,2594,8098
CATBOOST,CAT_08,0.725,0.9304876437161359,0.9961841457410143,0.7569210624766181,0.9988579007478908,0.8778894816122544,0.8602253401360545,0.7951151457989468,0.0011420992521091993,0.24307893752338197,0.8287234073651818,0.9611756323518514,0.937814161284832,0.0528819042438271,0.18059358238830392,27112,31,2599,8093
CATBOOST,CAT_08,0.73,0.9304612131624157,0.9964281315432935,0.7566404788627011,0.9989315845706075,0.8777860317166544,0.8601350273775983,0.7948985005993672,0.001068415429392477,0.24335952113729892,0.828681884048678,0.9611756323518514,0.937814161284832,0.0528819042438271,0.18059358238830392,27114,29,2602,8090
CATBOOST,CAT_08,0.735,0.9304612131624157,0.9965504496735247,0.7565469509913955,0.9989684264819659,0.8777576887366807,0.8601201552448295,0.7948314827552324,0.0010315735180341156,0.24345304900860457,0.828693904637157,0.9611756323518514,0.937814161284832,0.0528819042438271,0.18059358238830392,27115,28,2603,8089
CATBOOST,CAT_08,0.74,0.9303819215012554,0.9966715976331361,0.7561728395061729,0.9990052683933243,0.8775890539497486,0.8599234205488194,0.7945165094339623,0.0009947316066757543,0.24382716049382716,0.828509510788535,0.9611756323518514,0.937814161284832,0.0528819042438271,0.18059358238830392,27116,27,2607,8085
CATBOOST,CAT_08,0.745,0.9303026298400952,0.9969154842689698,0.7557052001496446,0.9990789522160409,0.8773920761828428,0.8597116561153375,0.7941344131464628,0.0009210477839590318,0.2442947998503554,0.8283372793318468,0.9611756323518514,0.937814161284832,0.0528819042438271,0.18059358238830392,27118,25,2612,8080
CATBOOST,CAT_08,0.75,0.9301176159640544,0.9970355731225297,0.7549569771791994,0.9991157941273994,0.8770363856532994,0.8592718756653183,0.7934885184020132,0.0008842058726006705,0.2450430228208006,0.8278911257926237,0.9611756323518514,0.937814161284832,0.0528819042438271,0.18059358238830392,27119,24,2620,8072
CATBOOST,CAT_08,0.755,0.9301704770714947,0.9972819372374598,0.7549569771791994,0.999189477950116,0.8770732275646578,0.8593633556904077,0.7935197200267391,0.0008105220498839479,0.2450430228208006,0.8280464676386974,0.9611756323518514,0.937814161284832,0.0528819042438271,0.18059358238830392,27121,22,2620,8072
CATBOOST,CAT_08,0.76,0.9301176159640544,0.9975272007912958,0.7545828656939768,0.9992631617728328,0.8769230137334048,0.8592119275825347,0.7932200723611766,0.0007368382271672254,0.2454171343060232,0.8279400494098026,0.9611756323518514,0.937814161284832,0.0528819042438271,0.18059358238830392,27123,20,2624,8068
CATBOOST,CAT_08,0.765,0.9300911854103343,0.9978962999628759,0.7542087542087542,0.9993736875069078,0.876791220857831,0.8591061631065892,0.7929359476095893,0.0006263124930921416,0.24579124579124578,0.8279115409287395,0.9611756323518514,0.937814161284832,0.0528819042438271,0.18059358238830392,27126,17,2628,8064
CATBOOST,CAT_08,0.77,0.9299590326417339,0.9978949975235265,0.753741114852226,0.9993736875069078,0.8765574011795669,0.8588022165387894,0.7925222248446228,0.0006263124930921416,0.24625888514777403,0.827584332598389,0.9611756323518514,0.937814161284832,0.0528819042438271,0.18059358238830392,27126,17,2633,8059
CATBOOST,CAT_08,0.775,0.9298797409805736,0.9978942152855196,0.753460531238309,0.9993736875069078,0.8764171093726084,0.8586197708499866,0.7922739521252531,0.0006263124930921416,0.24653946876169097,0.8273879982837002,0.9611756323518514,0.937814161284832,0.0528819042438271,0.18059358238830392,27126,17,2636,8056
CATBOOST,CAT_08,0.78,0.929747588211973,0.9978929102627665,0.7529928918817808,0.9993736875069078,0.8761832896943442,0.8583155650319829,0.7918600991423401,0.0006263124930921416,0.24700710811821924,0.8270607588440075,0.9611756323518514,0.937814161284832,0.0528819042438271,0.18059358238830392,27126,17,2641,8051
CATBOOST,CAT_08,0.785,0.9297211576582529,0.998016119032858,0.7528058361391695,0.9994105294182662,0.8761081827787178,0.8582395905528603,0.7917101095744891,0.0005894705817337803,0.24719416386083054,0.8270077379934608,0.9611756323518514,0.937814161284832,0.0528819042438271,0.18059358238830392,27127,16,2643,8049
CATBOOST,CAT_08,0.79,0.9296154354433726,0.998262380538662,0.7522446689113356,0.9994842132409829,0.8758644410761592,0.8579657581737692,0.7912444663059518,0.0005157867590170578,0.24775533108866443,0.8267709153676057,0.9611756323518514,0.937814161284832,0.0528819042438271,0.18059358238830392,27129,14,2649,8043
CATBOOST,CAT_08,0.795,0.9294568521210519,0.9987566828297899,0.7513093901982791,0.9996315808864163,0.8754704855423477,0.8575393648251936,0.7904784397079372,0.0003684191135836127,0.24869060980172092,0.8264285924506837,0.9611756323518514,0.937814161284832,0.0528819042438271,0.18059358238830392,27133,10,2659,8033
CATBOOST,CAT_08,0.8,0.9294039910136117,0.998756373585375,0.7511223344556678,0.9996315808864163,0.8753769576710421,0.8574173917685368,0.7903127398689208,0.0003684191135836127,0.24887766554433222,0.8262977428694525,0.9611756323518514,0.937814161284832,0.0528819042438271,0.18059358238830392,27133,10,2661,8031
CATBOOST,CAT_08,0.805,0.9292718382450113,0.998755599800896,0.7506546950991395,0.9996315808864163,0.8751431379927779,0.8571123451516445,0.7898984331942366,0.0003684191135836127,0.24934530490086046,0.8259706051076101,0.9611756323518514,0.937814161284832,0.0528819042438271,0.18059358238830392,27133,10,2666,8026
CATBOOST,CAT_08,0.81,0.9292454076912912,0.998755444928438,0.750561167227834,0.9996315808864163,0.8750963740571251,0.8570513162813052,0.7898155620731059,0.0003684191135836127,0.2494388327721661,0.8259051751829865,0.9611756323518514,0.937814161284832,0.0528819042438271,0.18059358238830392,27133,10,2667,8025
CATBOOST,CAT_08,0.815,0.9292189771375711,0.9987552900174259,0.7504676393565283,0.9996315808864163,0.8750496101214723,0.8569902808928762,0.789732687689461,0.0003684191135836127,0.24953236064347176,0.8258397444661407,0.9611756323518514,0.937814161284832,0.0528819042438271,0.18059358238830392,27133,10,2668,8024
CATBOOST,CAT_08,0.82,0.929192546583851,0.9988793425476279,0.7502805836139169,0.9996684227977748,0.8749745032058458,0.8569139560967793,0.7895824720959074,0.00033157720222525146,0.24971941638608305,0.8257870008788067,0.9611756323518514,0.937814161284832,0.0528819042438271,0.18059358238830392,27134,9,2670,8022
CATBOOST,CAT_08,0.825,0.9291132549226906,0.9988789237668162,0.75,0.9996684227977748,0.8748342113988874,0.8567307692307692,0.789333805811481,0.00033157720222525146,0.25,0.8255907164101213,0.9611756323518514,0.937814161284832,0.0528819042438271,0.18059358238830392,27134,9,2673,8019
CATBOOST,CAT_08,0.83,0.9290868243689705,0.9988787841036502,0.7499064721286943,0.9996684227977748,0.8747874474632346,0.8566696938939045,0.7892509105226891,0.00033157720222525146,0.2500935278713057,0.8255252866644418,0.9611756323518514,0.937814161284832,0.0528819042438271,0.18059358238830392,27134,9,2674,8018
CATBOOST,CAT_08,0.835,0.9290603938152504,0.9988786444056815,0.7498129442573886,0.9996684227977748,0.8747406835275817,0.8566086120311999,0.7891680119699177,0.00033157720222525146,0.2501870557426113,0.8254598561229853,0.9611756323518514,0.937814161284832,0.0528819042438271,0.18059358238830392,27134,9,2675,8017
CATBOOST,CAT_08,0.84,0.9290075327078102,0.9988783649052841,0.7496258885147774,0.9996684227977748,0.874647155656276,0.8564864287240864,0.7890022050716649,0.00033157720222525146,0.2503741114852226,0.8253289926502165,0.9611756323518514,0.937814161284832,0.0528819042438271,0.18059358238830392,27134,9,2677,8015
CATBOOST,CAT_08,0.845,0.92892824104665,0.9988779453933425,0.7493453049008605,0.9996684227977748,0.8745068638493176,0.8563031047934591,0.788753470239619,0.00033157720222525146,0.25065469509913957,0.8251326914569532,0.9611756323518514,0.937814161284832,0.0528819042438271,0.18059358238830392,27134,9,2680,8012
CATBOOST,CAT_08,0.85,0.9289018104929299,0.9988778054862842,0.7492517770295548,0.9996684227977748,0.8744600999136648,0.8562419837537409,0.788670552098921,0.00033157720222525146,0.2507482229704452,0.825067256127576,0.9611756323518514,0.937814161284832,0.0528819042438271,0.18059358238830392,27134,9,2681,8011
CATBOOST,CAT_08,0.855,0.9288225188317695,0.9991264195682017,0.7487841376730265,0.9997421066204915,0.8742631221467589,0.8560278000534616,0.7882869577204072,0.0002578933795085289,0.25121586232697346,0.8248965285602856,0.9611756323518514,0.937814161284832,0.0528819042438271,0.18059358238830392,27136,7,2686,8006
CATBOOST,CAT_08,0.86,0.9287960882780494,0.9991263105341986,0.7486906098017209,0.9997421066204915,0.8742163582111062,0.8559666381522668,0.7882040173296573,0.0002578933795085289,0.2513093901982791,0.8248310999252466,0.9611756323518514,0.937814161284832,0.0528819042438271,0.18059358238830392,27136,7,2687,8005
CATBOOST,CAT_08,0.865,0.9287960882780494,0.9991263105341986,0.7486906098017209,0.9997421066204915,0.8742163582111062,0.8559666381522668,0.7882040173296573,0.0002578933795085289,0.2513093901982791,0.8248310999252466,0.9611756323518514,0.937814161284832,0.0528819042438271,0.18059358238830392,27136,7,2687,8005
CATBOOST,CAT_08,0.87,0.9287960882780494,0.9991263105341986,0.7486906098017209,0.9997421066204915,0.8742163582111062,0.8559666381522668,0.7882040173296573,0.0002578933795085289,0.2513093901982791,0.8248310999252466,0.9611756323518514,0.937814161284832,0.0528819042438271,0.18059358238830392,27136,7,2687,8005
CATBOOST,CAT_08,0.875,0.928690366063169,0.9991258741258742,0.7483164983164983,0.9997421066204915,0.8740293024684949,0.8557219251336898,0.7878722230975264,0.0002578933795085289,0.2516835016835017,0.824569377356161,0.9611756323518514,0.937814161284832,0.0528819042438271,0.18059358238830392,27136,7,2691,8001
CATBOOST,CAT_08,0.88,0.9286639355094489,0.9991257649556637,0.7482229704451927,0.9997421066204915,0.8739825385328421,0.8556607305203487,0.7877892663712457,0.0002578933795085289,0.25177702955480735,0.8245039447034944,0.9611756323518514,0.937814161284832,0.0528819042438271,0.18059358238830392,27136,7,2692,8000
CATBOOST,CAT_08,0.885,0.9285582132945686,0.9992500937382827,0.7477553310886644,0.9997789485318498,0.8737671398102571,0.8554004172684962,0.7873899426815576,0.00022105146815016763,0.25224466891133557,0.8242550817218974,0.9611756323518514,0.937814161284832,0.0528819042438271,0.18059358238830392,27137,6,2697,7995
CATBOOST,CAT_08,0.89,0.9283996299722479,0.999249530956848,0.7471941638608305,0.9997789485318498,0.8734865561963401,0.8550329105795472,0.7868920276579398,0.00022105146815016763,0.25280583613916946,0.8238624792093232,0.9611756323518514,0.937814161284832,0.0528819042438271,0.18059358238830392,27137,6,2703,7989
CATBOOST,CAT_08,0.895,0.9283467688648077,0.9993742960830935,0.7469135802469136,0.9998157904432082,0.873364685345061,0.8548948241717069,0.7866585236115762,0.00018420955679180636,0.25308641975308643,0.8237445436654924,0.9611756323518514,0.937814161284832,0.0528819042438271,0.18059358238830392,27138,5,2706,7986
CATBOOST,CAT_08,0.9,0.9281881855424872,0.9994989352373794,0.746258885147774,0.9998526323545666,0.8730557587511703,0.8545113788487283,0.7860928848692637,0.00014736764543344508,0.25374111485222595,0.8233649232986139,0.9611756323518514,0.937814161284832,0.0528819042438271,0.18059358238830392,27139,4,2713,7979
CATBOOST,CAT_08,0.905,0.9280560327738866,0.9994986212083229,0.7457912457912458,0.9998526323545666,0.8728219390729062,0.8542046063202999,0.7856776888818822,0.00014736764543344508,0.2542087542087542,0.8230377492619071,0.9611756323518514,0.937814161284832,0.0528819042438271,0.18059358238830392,27139,4,2718,7974
CATBOOST,CAT_08,0.91,0.9280296022201665,0.9994985583552715,0.7456977179199401,0.9998526323545666,0.8727751751372533,0.854143232095988,0.7855946398659968,0.00014736764543344508,0.25430228208005984,0.8229723119992138,0.9611756323518514,0.937814161284832,0.0528819042438271,0.18059358238830392,27139,4,2719,7973
CATBOOST,CAT_08,0.915,0.9280031716664464,0.9994984954864594,0.7456041900486345,0.9998526323545666,0.8727284112016005,0.8540818512963361,0.7855115875768565,0.00014736764543344508,0.2543958099513655,0.8229068739165865,0.9611756323518514,0.937814161284832,0.0528819042438271,0.18059358238830392,27139,4,2720,7972
CATBOOST,CAT_08,0.92,0.9278181577904057,0.9994980549629816,0.7449494949494949,0.9998526323545666,0.8724010636520307,0.8536520015004555,0.7849301298854877,0.00014736764543344508,0.255050505050505,0.8224487843265925,0.9611756323518514,0.937814161284832,0.0528819042438271,0.18059358238830392,27139,4,2727,7965
CATBOOST,CAT_08,0.925,0.9276595744680851,0.9994976767549918,0.7443883277216611,0.9998526323545666,0.8721204800381138,0.8532833020637899,0.7844316098637915,0.00014736764543344508,0.2556116722783389,0.8220561039388179,0.9611756323518514,0.937814161284832,0.0528819042438271,0.18059358238830392,27139,4,2733,7959
CATBOOST,CAT_08,0.93,0.9275538522532047,0.9996229734824683,0.7439206883651328,0.9998894742659249,0.8719050813155289,0.8530216097377875,0.7840315426318383,0.00011052573407508382,0.2560793116348672,0.8218074343049356,0.9611756323518514,0.937814161284832,0.0528819042438271,0.18059358238830392,27140,3,2738,7954
CATBOOST,CAT_08,0.935,0.9273424078234439,0.9996225940369858,0.7431724653946876,0.9998894742659249,0.8715309698303062,0.852529370741913,0.7833665240451919,0.00011052573407508382,0.2568275346053124,0.8212838271899661,0.9611756323518514,0.937814161284832,0.0528819042438271,0.18059358238830392,27140,3,2746,7946
CATBOOST,CAT_08,0.94,0.927104532839963,0.9996221662468514,0.7423307145529368,0.9998894742659249,0.8711100944094308,0.8519750966079863,0.7826181273171886,0.00011052573407508382,0.25766928544706325,0.8206947051944882,0.9611756323518514,0.937814161284832,0.0528819042438271,0.18059358238830392,27140,3,2755,7937
CATBOOST,CAT_08,0.945,0.9267345050878816,0.9996214988644966,0.7410213243546577,0.9998894742659249,0.8704553993102913,0.8511118272639382,0.781453426440999,0.00011052573407508382,0.2589786756453423,0.8197781574617367,0.9611756323518514,0.937814161284832,0.0528819042438271,0.18059358238830392,27140,3,2769,7923
CATBOOST,CAT_08,0.95,0.9263380467820801,0.999620781190747,0.7396184062850729,0.9998894742659249,0.8697539402754989,0.8501854539590389,0.7802048185639022,0.00011052573407508382,0.26038159371492703,0.818795956889245,0.9611756323518514,0.937814161284832,0.0528819042438271,0.18059358238830392,27140,3,2784,7908
