run_id,candidate_id,seed,threshold,accuracy,precision,recall,f1,f2,fpr,fnr,true_negative,false_positive,false_negative,true_positive
FT_COMPACT_seed_997,FT_COMPACT,997,0.05,0.5839302233381789,0.40431256631802337,0.9978488589599701,0.5754584681769148,0.7713719706171556,0.5791180046420809,0.002151141040029929,11424,15719,23,10669
FT_COMPACT_seed_997,FT_COMPACT,997,0.055,0.5842473899828201,0.4044820263916275,0.9976618032173588,0.5755989639542414,0.771405843216662,0.5786022178830638,0.0023381967826412273,11438,15705,25,10667
FT_COMPACT_seed_997,FT_COMPACT,997,0.06,0.5849081538258226,0.4048586069462896,0.9975682753460531,0.575964575964576,0.7716348588543399,0.5776443281877464,0.0024317246539468764,11464,15679,26,10666
FT_COMPACT_seed_997,FT_COMPACT,997,0.065,0.585780362098586,0.4053663727576771,0.9975682753460531,0.5764782185709653,0.7720034742327737,0.5764285451129204,0.0024317246539468764,11497,15646,26,10666
FT_COMPACT_seed_997,FT_COMPACT,997,0.06999999999999999,0.5885027091317563,0.40692392839421354,0.9971006359895249,0.5779729473313274,0.7729058825235258,0.5724496186862175,0.0028993640104751214,11605,15538,31,10661
FT_COMPACT_seed_997,FT_COMPACT,997,0.07499999999999998,0.5894542090656799,0.407441398034492,0.996539468761691,0.5784002388513422,0.7730088944993397,0.5709022584091663,0.003460531238309016,11647,15496,37,10655
FT_COMPACT_seed_997,FT_COMPACT,997,0.07999999999999999,0.5912514867186468,0.40849660672520227,0.9964459408903853,0.5794468767845973,0.7737222036630887,0.5683601665254393,0.003554059109614665,11716,15427,38,10654
FT_COMPACT_seed_997,FT_COMPACT,997,0.08499999999999999,0.5937359587683362,0.40996728882047334,0.9963524130190797,0.5809090165498814,0.7747298299710558,0.564860184946395,0.003647586980920314,11811,15332,39,10653
FT_COMPACT_seed_997,FT_COMPACT,997,0.08999999999999998,0.5946610281485397,0.41051333436102977,0.996258885147774,0.5814410480349346,0.7750742185226148,0.5635338761374941,0.0037411148522259632,11847,15296,40,10652
FT_COMPACT_seed_997,FT_COMPACT,997,0.09499999999999997,0.5955860975287433,0.4110472073184854,0.9959783015338571,0.5819284679909288,0.7753185293046959,0.5621338835058762,0.0040216984661429105,11885,15258,43,10649
FT_COMPACT_seed_997,FT_COMPACT,997,0.09999999999999998,0.5966697502312673,0.4116919270027838,0.9958847736625515,0.5825582667687931,0.7757314372304464,0.5605865232288251,0.00411522633744856,11927,15216,44,10648
FT_COMPACT_seed_997,FT_COMPACT,997,0.10499999999999998,0.5983084445619136,0.4126676486549345,0.9956977179199401,0.5835023294053165,0.7763322929731937,0.55822864090189,0.004302282080059858,11991,15152,46,10646
FT_COMPACT_seed_997,FT_COMPACT,997,0.10999999999999997,0.5992863750495573,0.4132603547998913,0.9956977179199401,0.5840945875510932,0.7767514482919641,0.5568654901816307,0.004302282080059858,12028,15115,46,10646
FT_COMPACT_seed_997,FT_COMPACT,997,0.11499999999999998,0.6004757499669618,0.4139835122102971,0.9956977179199401,0.5848165238409141,0.7772618421821156,0.5552076041705044,0.004302282080059858,12073,15070,46,10646
FT_COMPACT_seed_997,FT_COMPACT,997,0.11999999999999997,0.601321527686005,0.4144859813084112,0.9955106621773289,0.5852853843615968,0.7775245441795232,0.5539549791843201,0.004489337822671156,12107,15036,48,10644
FT_COMPACT_seed_997,FT_COMPACT,997,0.12499999999999996,0.6022201665124884,0.4150222291552921,0.9953236064347175,0.5857874167446468,0.7778102616576524,0.5526286703754191,0.004676393565282455,12143,15000,50,10642
FT_COMPACT_seed_997,FT_COMPACT,997,0.12999999999999995,0.6030923747852518,0.41554383909392695,0.9951365506921063,0.5862743477422377,0.7780849165606306,0.5513392034778765,0.004863449307893753,12178,14965,52,10640
FT_COMPACT_seed_997,FT_COMPACT,997,0.13499999999999995,0.6039117219505749,0.4160475482912333,0.9951365506921063,0.5867754921965478,0.7784378566620819,0.5501971042257673,0.004863449307893753,12209,14934,52,10640
FT_COMPACT_seed_997,FT_COMPACT,997,0.13999999999999996,0.6045460552398573,0.4164318146234539,0.9950430228208006,0.5871412803532009,0.7786609286257977,0.5492760564418082,0.004956977179199401,12234,14909,53,10639
FT_COMPACT_seed_997,FT_COMPACT,997,0.14499999999999996,0.6076912911325493,0.41836132635802226,0.9947624392068837,0.5890073376713277,0.779868311067443,0.5447813432560882,0.005237560793116348,12356,14787,56,10636
FT_COMPACT_seed_997,FT_COMPACT,997,0.14999999999999997,0.6129245407691292,0.4215954619381967,0.9940142162364385,0.5920726442160386,0.7817349986024685,0.5371919095162657,0.005985783763561541,12562,14581,64,10628
FT_COMPACT_seed_997,FT_COMPACT,997,0.15499999999999997,0.6359719836130567,0.43641916711378925,0.9889637111859334,0.6055954869562727,0.7891398122303985,0.5030762995984231,0.011036288814066592,13488,13655,118,10574
FT_COMPACT_seed_997,FT_COMPACT,997,0.15999999999999995,0.6385093167701863,0.4381295858724039,0.9884960718294051,0.6071520896165447,0.7900165941606494,0.4993552665512287,0.011503928170594837,13589,13554,123,10569
FT_COMPACT_seed_997,FT_COMPACT,997,0.16499999999999992,0.6407294832826748,0.43964548745474974,0.9882154882154882,0.6085529157667388,0.7908564243050255,0.4961500202630513,0.011784511784511785,13676,13467,126,10566
FT_COMPACT_seed_997,FT_COMPACT,997,0.16999999999999993,0.6423946081670411,0.44077134986225897,0.9876543209876543,0.6095238095238095,0.7912957467853611,0.4936079283793243,0.012345679012345678,13745,13398,132,10560
FT_COMPACT_seed_997,FT_COMPACT,997,0.17499999999999993,0.6445883441258095,0.44226497338530535,0.9869060980172091,0.6108072125264103,0.7918711633421885,0.49025531444571346,0.013093901982790871,13836,13307,140,10552
FT_COMPACT_seed_997,FT_COMPACT,997,0.17999999999999994,0.65790934320074,0.4515893156694912,0.9819491208380098,0.6186617954686073,0.7951739703409728,0.4697343698191062,0.018050879161990274,14393,12750,193,10499
FT_COMPACT_seed_997,FT_COMPACT,997,0.18499999999999994,0.6604995374653099,0.4534244797300221,0.9801720912832024,0.6200266232805799,0.7953734764196051,0.46542386619017795,0.019827908716797606,14510,12633,212,10480
FT_COMPACT_seed_997,FT_COMPACT,997,0.18999999999999995,0.6639090788952029,0.4559463694932962,0.9796109240553685,0.6222671102661598,0.7966230605415273,0.46045020815679916,0.0203890759446315,14645,12498,218,10474
FT_COMPACT_seed_997,FT_COMPACT,997,0.19499999999999995,0.6774150918461742,0.46608991886682505,0.9725028058361391,0.6301627223417472,0.7988997648938948,0.4388240061894411,0.02749719416386083,15232,11911,294,10398
FT_COMPACT_seed_997,FT_COMPACT,997,0.1999999999999999,0.6810889388132682,0.468978596586291,0.9713804713804713,0.6325598392106706,0.7999815140031427,0.4332608775743286,0.02861952861952862,15383,11760,306,10386
FT_COMPACT_seed_997,FT_COMPACT,997,0.2049999999999999,0.6847892163340822,0.47190601948820693,0.9693228582117471,0.6347767501684327,0.8005561563417272,0.42729248793427405,0.0306771417882529,15545,11598,328,10364
FT_COMPACT_seed_997,FT_COMPACT,997,0.2099999999999999,0.6895731465574204,0.4757674782528651,0.9667976056864945,0.6377124525741078,0.8013799519342584,0.41962937037173487,0.033202394313505426,15753,11390,355,10337
FT_COMPACT_seed_997,FT_COMPACT,997,0.2149999999999999,0.6956257433593234,0.4807350603198354,0.9615600448933782,0.6410000623480268,0.801275056894348,0.4091294256346019,0.03843995510662177,16038,11105,411,10281
FT_COMPACT_seed_997,FT_COMPACT,997,0.21999999999999992,0.6999074930619796,0.48437647503068065,0.9597830153385709,0.6438296003513395,0.8022953998186196,0.40246103967873853,0.0402169846614291,16219,10924,430,10262
FT_COMPACT_seed_997,FT_COMPACT,997,0.22499999999999992,0.7023126734505087,0.48645057187603813,0.9586606808829031,0.6454050310109246,0.8028007957518132,0.3986663228088273,0.041339319117096894,16322,10821,442,10250
FT_COMPACT_seed_997,FT_COMPACT,997,0.22999999999999993,0.7053257565746003,0.48907795994455333,0.9569771791994014,0.6473286306266409,0.8032784311262541,0.3938031905095236,0.04302282080059858,16454,10689,460,10232
FT_COMPACT_seed_997,FT_COMPACT,997,0.23499999999999993,0.7108761728558213,0.49402023919043236,0.9542648709315376,0.651012920721008,0.804386559656896,0.3849979736948753,0.0457351290684624,16693,10450,489,10203
FT_COMPACT_seed_997,FT_COMPACT,997,0.23999999999999988,0.7183031584511695,0.500836778893483,0.9516460905349794,0.656282249742002,0.806464396677446,0.3736138230851417,0.04835390946502058,17002,10141,517,10175
FT_COMPACT_seed_997,FT_COMPACT,997,0.24499999999999988,0.7230870886745078,0.5053575878395216,0.9483726150392817,0.6593620964333323,0.8069008323651585,0.3656559702317356,0.051627384960718295,17218,9925,552,10140
FT_COMPACT_seed_997,FT_COMPACT,997,0.2499999999999999,0.7283996299722479,0.5105199271697349,0.9440703329592218,0.6626838235294118,0.8070035177486409,0.3565560181262204,0.055929667040778154,17465,9678,598,10094
FT_COMPACT_seed_997,FT_COMPACT,997,0.2549999999999999,0.7334742962865072,0.5155689849431527,0.9415450804339693,0.6662916142696406,0.8080232446142487,0.3484876395387393,0.058454919566030675,17684,9459,625,10067
FT_COMPACT_seed_997,FT_COMPACT,997,0.2599999999999999,0.7400819347165323,0.5223670490093848,0.9370557426112982,0.6707953936797001,0.8086621036998773,0.3375087499539476,0.06294425738870184,17982,9161,673,10019
FT_COMPACT_seed_997,FT_COMPACT,997,0.2649999999999999,0.7473239064358398,0.5300456524047139,0.9338757949869061,0.6762614290551981,0.8103918449501671,0.32616144125557234,0.0661242050130939,18290,8853,707,9985
FT_COMPACT_seed_997,FT_COMPACT,997,0.2699999999999999,0.7541429892956257,0.5375148440030227,0.9313505424616536,0.6816346088027928,0.8123144190295951,0.3156614965184394,0.06864945753834643,18575,8568,734,9958
FT_COMPACT_seed_997,FT_COMPACT,997,0.2749999999999999,0.7624157526100172,0.5470208183776023,0.9264870931537598,0.6878927815006424,0.8136077664799515,0.3022141988726375,0.07351290684624018,18940,8203,786,9906
FT_COMPACT_seed_997,FT_COMPACT,997,0.27999999999999986,0.776582529403991,0.5644613347152646,0.916853722409278,0.6987419366335222,0.81508273052299,0.27867221751464466,0.08314627759072203,19579,7564,889,9803
FT_COMPACT_seed_997,FT_COMPACT,997,0.28499999999999986,0.7962732919254658,0.5910866910866911,0.9055368499812945,0.7152777777777778,0.8184554000135255,0.2467671222783038,0.09446315001870557,20445,6698,1010,9682
FT_COMPACT_seed_997,FT_COMPACT,997,0.28999999999999987,0.8297079423813929,0.645603454184086,0.8810325476992144,0.7451647351975634,0.8211440227340088,0.19050952363408613,0.11896745230078563,21972,5171,1272,9420
FT_COMPACT_seed_997,FT_COMPACT,997,0.2949999999999999,0.8470463856217788,0.6794731064763996,0.8684062850729517,0.7624091636901097,0.8226569560363617,0.16136757174962238,0.13159371492704827,22763,4380,1407,9285
FT_COMPACT_seed_997,FT_COMPACT,997,0.2999999999999999,0.8601030791595083,0.7086650691814176,0.8574635241301908,0.7759955986288036,0.8229063818328696,0.13885716390966363,0.1425364758698092,23374,3769,1524,9168
FT_COMPACT_seed_997,FT_COMPACT,997,0.3049999999999999,0.8866657856482093,0.7776621574748526,0.8387579498690609,0.8070554355651548,0.8257826887661142,0.09446266072283831,0.161242050130939,24579,2564,1724,8968
FT_COMPACT_seed_997,FT_COMPACT,997,0.3099999999999999,0.8958636183428043,0.8060743427017226,0.831556303778526,0.8186170702513581,0.8263318338971707,0.07880484839553475,0.168443696221474,25004,2139,1801,8891
FT_COMPACT_seed_997,FT_COMPACT,997,0.31499999999999984,0.8975816043346108,0.8116485325043431,0.8302469135802469,0.8208423875352536,0.826459361325761,0.07589433739822422,0.1697530864197531,25083,2060,1815,8877
FT_COMPACT_seed_997,FT_COMPACT,997,0.31999999999999984,0.8988238403594555,0.8156152289865735,0.8294986906098017,0.8224983770750254,0.8266843145296596,0.07386803227351435,0.17050130939019828,25138,2005,1823,8869
FT_COMPACT_seed_997,FT_COMPACT,997,0.32499999999999984,0.8998282014008193,0.819005361434646,0.8286569397680509,0.8238028823802882,0.8267084686298661,0.07213646243967137,0.17134306023194912,25185,1958,1832,8860
FT_COMPACT_seed_997,FT_COMPACT,997,0.32999999999999985,0.9008589929959032,0.8226271265222646,0.8276281331836888,0.8251200522168867,0.8266230733302197,0.0702943668717533,0.17237186681631125,25235,1908,1843,8849
FT_COMPACT_seed_997,FT_COMPACT,997,0.33499999999999985,0.9022069512356284,0.8274634694642188,0.826225215114104,0.8268438786971171,0.8264725694184567,0.06786280072210146,0.17377478488589598,25301,1842,1858,8834
FT_COMPACT_seed_997,FT_COMPACT,997,0.33999999999999986,0.9027355623100304,0.8303184473337102,0.8242611298166854,0.8272787008354455,0.8254655127196433,0.06635228235640865,0.17573887018331463,25342,1801,1879,8813
FT_COMPACT_seed_997,FT_COMPACT,997,0.34499999999999986,0.9033963261530329,0.8329075598448292,0.8233258511036289,0.8280889892291048,0.8252245158145376,0.06506281545886601,0.17667414889637112,25377,1766,1889,8803
FT_COMPACT_seed_997,FT_COMPACT,997,0.3499999999999998,0.9037663539051143,0.8346464167062174,0.8223905723905723,0.8284731709615113,0.8248128623154419,0.06417860958626534,0.1776094276094276,25401,1742,1899,8793
FT_COMPACT_seed_997,FT_COMPACT,997,0.3549999999999998,0.904189242764636,0.8362996097839536,0.8218294051627385,0.8290013679890561,0.8246832473017363,0.06336808753638139,0.1781705948372615,25423,1720,1905,8787
FT_COMPACT_seed_997,FT_COMPACT,997,0.3599999999999998,0.9049292982687988,0.8395061728395061,0.8204264870931538,0.8298566765999715,0.8241727267602459,0.06178388534797185,0.17957351290684623,25466,1677,1920,8772
FT_COMPACT_seed_997,FT_COMPACT,997,0.3649999999999998,0.906303687062244,0.8450989859971029,0.8184624017957352,0.831567444291348,0.8236545375825914,0.05909442581881148,0.18153759820426488,25539,1604,1941,8751
FT_COMPACT_seed_997,FT_COMPACT,997,0.36999999999999983,0.907123034227567,0.8481086323957323,0.8178077066965956,0.8326826016569852,0.8236934323071705,0.05769443318719375,0.18219229330340442,25577,1566,1948,8744
FT_COMPACT_seed_997,FT_COMPACT,997,0.37499999999999983,0.9079159508391701,0.8509933774834437,0.8172465394687617,0.8337786259541985,0.8237800739120595,0.05636812437829274,0.1827534605312383,25613,1530,1954,8738
FT_COMPACT_seed_997,FT_COMPACT,997,0.37999999999999984,0.9085238535747324,0.8535941320293399,0.8163112607557051,0.8345365014103362,0.8235049912252561,0.05515234130346682,0.1836887392442948,25646,1497,1964,8728
FT_COMPACT_seed_997,FT_COMPACT,997,0.38499999999999984,0.9092639090788952,0.8566375159673775,0.8153759820426487,0.83549762806076,0.8233072055907074,0.053752348671849096,0.18462401795735128,25684,1459,1974,8718
FT_COMPACT_seed_997,FT_COMPACT,997,0.38999999999999985,0.9097660895995772,0.859017363851618,0.8143471754582866,0.8360860380257346,0.8229056404052626,0.05264709133109826,0.18565282454171342,25714,1429,1985,8707
FT_COMPACT_seed_997,FT_COMPACT,997,0.3949999999999998,0.9104004228888595,0.8621305296568141,0.8129442573887018,0.8368152498315201,0.8223273415326396,0.05121025678812217,0.18705574261129818,25753,1390,2000,8692
FT_COMPACT_seed_997,FT_COMPACT,997,0.3999999999999998,0.9108233117483812,0.8642970927917164,0.8119154508043397,0.8372878086419752,0.821877603574945,0.05021552518144641,0.1880845491956603,25780,1363,2011,8681
FT_COMPACT_seed_997,FT_COMPACT,997,0.4049999999999998,0.9112462006079027,0.8662604874151019,0.8111672278338945,0.8378091190108192,0.8216180371352786,0.049331319308845746,0.1888327721661055,25804,1339,2019,8673
FT_COMPACT_seed_997,FT_COMPACT,997,0.4099999999999998,0.9119598255583454,0.8692685863349052,0.8103254769921436,0.8387627668328573,0.8214658196643596,0.04800501049994474,0.18967452300785634,25840,1303,2028,8664
FT_COMPACT_seed_997,FT_COMPACT,997,0.4149999999999998,0.91314920047575,0.8744943365695793,0.8087355031799476,0.8403304178814383,0.8210840170161046,0.04572081199572634,0.19126449682005237,25902,1241,2045,8647
FT_COMPACT_seed_997,FT_COMPACT,997,0.4199999999999998,0.913968547641073,0.8783192593346221,0.8074261129816686,0.8413819989279275,0.8206741829381904,0.04406292598460008,0.19257388701833147,25947,1196,2059,8633
FT_COMPACT_seed_997,FT_COMPACT,997,0.4249999999999998,0.9149464781287168,0.8832034454470877,0.8055555555555556,0.8425944042261788,0.819973343488195,0.041962937037173485,0.19444444444444445,26004,1139,2079,8613
FT_COMPACT_seed_997,FT_COMPACT,997,0.42999999999999977,0.916320866922162,0.8894638791140551,0.8037785260007482,0.8444531787363664,0.8195689490749571,0.03934716133072984,0.19622147399925177,26075,1068,2098,8594
FT_COMPACT_seed_997,FT_COMPACT,997,0.4349999999999998,0.9181974362362891,0.8982908671489986,0.8012532734754957,0.847001829057294,0.8189465634260588,0.035736654017610434,0.1987467265245043,26173,970,2125,8567
FT_COMPACT_seed_997,FT_COMPACT,997,0.4399999999999998,0.919730408352055,0.9053266970242507,0.7995697717919941,0.8491681152222499,0.818697209400318,0.032936668754374974,0.200430228208006,26249,894,2143,8549
FT_COMPACT_seed_997,FT_COMPACT,997,0.4449999999999998,0.9206290471785384,0.9103426192763369,0.797699214365881,0.8503065649768207,0.8179411933943264,0.030947205541023468,0.20230078563411896,26303,840,2163,8529
FT_COMPACT_seed_997,FT_COMPACT,997,0.4499999999999998,0.9211840888066605,0.9148730090400344,0.7950804339693228,0.8507806244995997,0.816461774875144,0.029141951884463765,0.20491956603067715,26352,791,2191,8501
FT_COMPACT_seed_997,FT_COMPACT,997,0.4549999999999998,0.9224263248315052,0.9221726352454556,0.792368125701459,0.8523567583882489,0.8153209508228275,0.02634196662122831,0.20763187429854096,26428,715,2220,8472
FT_COMPACT_seed_997,FT_COMPACT,997,0.4599999999999998,0.9237742830712303,0.928258007898201,0.7914328469884025,0.8544022617124394,0.8154729781820985,0.024094610028368272,0.20856715301159745,26489,654,2230,8462
FT_COMPACT_seed_997,FT_COMPACT,997,0.4649999999999998,0.9250429496497952,0.9351872368712608,0.7894687616909839,0.8561720255604017,0.81486272541221,0.021552518144641344,0.2105312383090161,26558,585,2251,8441
FT_COMPACT_seed_997,FT_COMPACT,997,0.4699999999999998,0.9257037134927977,0.9389551074969367,0.7883464272353161,0.8570847526564646,0.814474828485844,0.020189367424381977,0.21165357276468388,26595,548,2263,8429
FT_COMPACT_seed_997,FT_COMPACT,997,0.47499999999999976,0.9262851856746399,0.9424476542380472,0.7872240927796483,0.8578708658207206,0.8140389562660786,0.018936742438197693,0.21277590722035167,26629,514,2275,8417
FT_COMPACT_seed_997,FT_COMPACT,997,0.47999999999999976,0.9266287828730012,0.9450191140094446,0.7861017583239805,0.8582661084448074,0.8134605706321861,0.018015694654238662,0.21389824167601945,26654,489,2287,8405
FT_COMPACT_seed_997,FT_COMPACT,997,0.48499999999999976,0.9269988106250826,0.9477190605239386,0.7849794238683128,0.8587067730714141,0.8128971021230437,0.017057804958921268,0.21502057613168724,26680,463,2299,8393
FT_COMPACT_seed_997,FT_COMPACT,997,0.48999999999999977,0.927871018897846,0.9525974764124133,0.7837635615413393,0.8599722920621888,0.8125666634345,0.01536307703643665,0.21623643845866067,26726,417,2312,8380
FT_COMPACT_seed_997,FT_COMPACT,997,0.4949999999999998,0.9280031716664464,0.9539653600729262,0.7830153385708941,0.8600780768440518,0.8121216824460654,0.014884132188777955,0.21698466142910589,26739,404,2320,8372
FT_COMPACT_seed_997,FT_COMPACT,997,0.4999999999999998,0.9283203383110876,0.956,0.7823606434717546,0.86050817817097,0.8118521681742303,0.01418413587296909,0.21763935652824543,26758,385,2327,8365
FT_COMPACT_seed_997,FT_COMPACT,997,0.5049999999999998,0.9283203383110876,0.9573590096286108,0.7811447811447811,0.8603213844252163,0.8109997669540899,0.013705191025310393,0.21885521885521886,26771,372,2340,8352
FT_COMPACT_seed_997,FT_COMPACT,997,0.5099999999999998,0.9283467688648077,0.9577836411609498,0.7808641975308642,0.8603225307846876,0.8108186850538992,0.013557823379876948,0.2191358024691358,26775,368,2343,8349
FT_COMPACT_seed_997,FT_COMPACT,997,0.5149999999999998,0.928426060525968,0.9584290307762977,0.7805836139169473,0.8604123711340206,0.8106690496542078,0.01333677191172678,0.21941638608305275,26781,362,2346,8346
FT_COMPACT_seed_997,FT_COMPACT,997,0.5199999999999998,0.9283996299722479,0.9587403746695782,0.7802095024317246,0.860310421286031,0.8103907206279506,0.013226246177651696,0.21979049756827534,26784,359,2350,8342
FT_COMPACT_seed_997,FT_COMPACT,997,0.5249999999999998,0.9285582132945686,0.9595076498331991,0.780115974560419,0.8605622904307455,0.8104195410116398,0.012968352798143167,0.219884025439581,26791,352,2351,8341
FT_COMPACT_seed_997,FT_COMPACT,997,0.5299999999999998,0.9288753799392098,0.9609402004839267,0.7800224466891134,0.8610809973671983,0.8105428887981808,0.012489407950484472,0.21997755331088664,26804,339,2352,8340
FT_COMPACT_seed_997,FT_COMPACT,997,0.5349999999999998,0.9291132549226906,0.962364350034634,0.7796483352038908,0.8614239950397851,0.8104219327240909,0.012010463102825775,0.22035166479610924,26817,326,2356,8336
FT_COMPACT_seed_997,FT_COMPACT,997,0.5399999999999998,0.9293511299061715,0.9634724309328402,0.7795548073325851,0.8618104740733082,0.8104980649176374,0.011642043989242162,0.22044519266741489,26827,316,2357,8335
FT_COMPACT_seed_997,FT_COMPACT,997,0.5449999999999998,0.9295625743359324,0.964579233707605,0.7793677515899738,0.8621385339609954,0.8104927344525066,0.011273624875658549,0.22063224841002618,26837,306,2359,8333
FT_COMPACT_seed_997,FT_COMPACT,997,0.5499999999999998,0.9296418659970926,0.9652375434530707,0.7790871679760568,0.8622295828589174,0.8103428148955213,0.01105257340750838,0.22091283202394313,26843,300,2362,8330
FT_COMPACT_seed_997,FT_COMPACT,997,0.5549999999999998,0.9295361437822123,0.9653293135435993,0.7786195286195287,0.8619797059432596,0.8099509651307597,0.01101573149615002,0.22138047138047137,26844,299,2367,8325
FT_COMPACT_seed_997,FT_COMPACT,997,0.5599999999999998,0.9296154354433726,0.9658813972380179,0.7784324728769173,0.8620850380651509,0.8098666926145761,0.010831521939358215,0.22156752712308267,26849,294,2369,8323
FT_COMPACT_seed_997,FT_COMPACT,997,0.5649999999999998,0.9296682965508127,0.9663221460922077,0.7782454171343061,0.8621457804486349,0.8097666361743125,0.01068415429392477,0.22175458286569397,26853,290,2371,8321
FT_COMPACT_seed_997,FT_COMPACT,997,0.5699999999999998,0.9297740187656931,0.9669882599093339,0.7780583613916947,0.8622959315884943,0.8096980786825253,0.010463102825774602,0.22194163860830526,26859,284,2373,8319
FT_COMPACT_seed_997,FT_COMPACT,997,0.5749999999999997,0.9299590326417339,0.9678845706306726,0.777964833520389,0.8625946282277298,0.8097426112690316,0.010168367534907711,0.2220351664796109,26867,276,2374,8318
FT_COMPACT_seed_997,FT_COMPACT,997,0.5799999999999997,0.9299854631954539,0.9681061576067979,0.7778713056490835,0.862625110200695,0.809692556319243,0.010094683712190989,0.22212869435091656,26869,274,2375,8317
FT_COMPACT_seed_997,FT_COMPACT,997,0.5849999999999997,0.9301176159640544,0.9686699277894246,0.7778713056490835,0.8628488432410001,0.8097713907387935,0.009910474155399182,0.22212869435091656,26874,269,2375,8317
FT_COMPACT_seed_997,FT_COMPACT,997,0.5899999999999997,0.9301440465177745,0.9690012819018763,0.7776842499064721,0.8628651481346962,0.8096554947516018,0.009799948421324098,0.22231575009352786,26877,266,2377,8315
FT_COMPACT_seed_997,FT_COMPACT,997,0.5949999999999998,0.9301969076252148,0.9692271826553212,0.7776842499064721,0.8629546987701727,0.8096870313747638,0.009726264598607376,0.22231575009352786,26879,264,2377,8315
FT_COMPACT_seed_997,FT_COMPACT,997,0.5999999999999998,0.9302233381789349,0.9694496268656716,0.7775907220351664,0.8629852605356029,0.8096369585540666,0.009652580775890653,0.2224092779648335,26881,262,2378,8314
FT_COMPACT_seed_997,FT_COMPACT,997,0.6049999999999998,0.9303026298400952,0.969788872040126,0.7775907220351664,0.8631196470282896,0.8096842679340097,0.009542055041815569,0.2224092779648335,26884,259,2378,8314
FT_COMPACT_seed_997,FT_COMPACT,997,0.6099999999999998,0.9303026298400952,0.9700081689812113,0.7774036662925552,0.8630912206012149,0.8095525644272162,0.009468371219098846,0.22259633370744483,26886,257,2380,8312
FT_COMPACT_seed_997,FT_COMPACT,997,0.6149999999999998,0.9303290603938152,0.9703409621672116,0.7772166105499438,0.8631076028250934,0.8094366087430842,0.009357845485023763,0.22278338945005613,26889,254,2382,8310
FT_COMPACT_seed_997,FT_COMPACT,997,0.6199999999999998,0.9314127130963393,0.9765744555620953,0.7759072203516648,0.8647521759524679,0.8091606031640756,0.007331540360313893,0.2240927796483352,26944,199,2396,8296
FT_COMPACT_seed_997,FT_COMPACT,997,0.6249999999999998,0.9319413241707414,0.9805802249851984,0.7745043022820801,0.865443904478236,0.8084861265694259,0.006042073462771249,0.22549569771791994,26979,164,2411,8281
FT_COMPACT_seed_997,FT_COMPACT,997,0.6299999999999998,0.9320999074930619,0.9815056312981624,0.7743172465394688,0.865687248392325,0.8084487237075952,0.005747338171904358,0.22568275346053124,26987,156,2413,8279
FT_COMPACT_seed_997,FT_COMPACT,997,0.6349999999999998,0.9321791991542223,0.9823124406457739,0.7739431350542462,0.8657668968403432,0.8082317549617128,0.005489444792395829,0.22605686494575383,26994,149,2417,8275
FT_COMPACT_seed_997,FT_COMPACT,997,0.6399999999999998,0.9322320602616625,0.9831193533048027,0.7734754956977179,0.8657872696817421,0.8079327862446267,0.005231551412887301,0.22652450430228208,27001,142,2422,8270
FT_COMPACT_seed_997,FT_COMPACT,997,0.6449999999999998,0.9323377824765429,0.9839323970483218,0.773194912083801,0.8659264690478685,0.8077975376196991,0.004973658033378772,0.22680508791619902,27008,135,2425,8267
FT_COMPACT_seed_997,FT_COMPACT,997,0.6499999999999997,0.9324170741377031,0.9842838433146803,0.773194912083801,0.8660625425593211,0.8078449000332245,0.004863132299303688,0.22680508791619902,27011,132,2425,8267
FT_COMPACT_seed_997,FT_COMPACT,997,0.6549999999999997,0.9324699352451434,0.984518280338216,0.773194912083801,0.8661532819948662,0.8078764780611747,0.004789448476586965,0.22680508791619902,27013,130,2425,8267
FT_COMPACT_seed_997,FT_COMPACT,997,0.6599999999999997,0.9324963657988635,0.9847510126280676,0.7731013842124953,0.8661846379545217,0.8078261209491419,0.0047157646538702426,0.22689861578750467,27015,128,2426,8266
FT_COMPACT_seed_997,FT_COMPACT,997,0.6649999999999997,0.9324963657988635,0.9848665395614872,0.7730078563411896,0.8661706141270175,0.8077599687255668,0.004678922742511881,0.22699214365881032,27016,127,2427,8265
FT_COMPACT_seed_997,FT_COMPACT,997,0.6699999999999997,0.9325756574600238,0.9853344461666865,0.7729143284698841,0.8662927826405997,0.8077411787704037,0.004531555097078436,0.22708567153011597,27020,123,2428,8264
FT_COMPACT_seed_997,FT_COMPACT,997,0.6749999999999997,0.9325492269063037,0.9856801909307876,0.7725402169846615,0.8661912751677854,0.8074607022757488,0.004421029363003353,0.22745978301533856,27023,120,2432,8260
FT_COMPACT_seed_997,FT_COMPACT,997,0.6799999999999997,0.9325492269063037,0.9859121298949379,0.7723531612420501,0.8661632053702538,0.8073283278585953,0.00434734554028663,0.22764683875794986,27025,118,2434,8258
FT_COMPACT_seed_997,FT_COMPACT,997,0.6849999999999997,0.9325227963525836,0.9862588122834269,0.7719790497568275,0.8660615917318083,0.8070477345170816,0.0042368198062115465,0.22802095024317245,27028,115,2438,8254
FT_COMPACT_seed_997,FT_COMPACT,997,0.6899999999999997,0.9324963657988635,0.9862571701720841,0.7718855218855218,0.8660020986358867,0.8069657384230289,0.0042368198062115465,0.2281144781144781,27028,115,2439,8253
FT_COMPACT_seed_997,FT_COMPACT,997,0.6949999999999997,0.9325492269063037,0.9868421052631579,0.7716049382716049,0.8660508083140878,0.8067986230636833,0.00405261024941974,0.22839506172839505,27033,110,2442,8250
FT_COMPACT_seed_997,FT_COMPACT,997,0.6999999999999997,0.9325492269063037,0.987075155576831,0.7714178825289937,0.866022679546409,0.8066661450590721,0.003978926426703017,0.22858211747100635,27035,108,2444,8248
FT_COMPACT_seed_997,FT_COMPACT,997,0.7049999999999997,0.9324699352451434,0.9874206301665269,0.7708567153011597,0.8658017753033248,0.8062212657732564,0.0038684006926279334,0.22914328469884027,27038,105,2450,8242
FT_COMPACT_seed_997,FT_COMPACT,997,0.7099999999999997,0.9324699352451434,0.9874206301665269,0.7708567153011597,0.8658017753033248,0.8062212657732564,0.0038684006926279334,0.22914328469884027,27038,105,2450,8242
FT_COMPACT_seed_997,FT_COMPACT,997,0.7149999999999997,0.9324699352451434,0.9875374475733972,0.7707631874298541,0.8657876766297211,0.8061549899242854,0.003831558781269572,0.22923681257014591,27039,104,2451,8241
FT_COMPACT_seed_997,FT_COMPACT,997,0.7199999999999998,0.9325227963525836,0.987891140151061,0.7706696595585485,0.8658645510429256,0.8061202527930501,0.0037210330471944887,0.22933034044145156,27042,101,2452,8240
FT_COMPACT_seed_997,FT_COMPACT,997,0.7249999999999998,0.9324963657988635,0.9881238003838771,0.7703890759446315,0.8657767500525542,0.8059056042579836,0.003647349224477766,0.2296109240553685,27044,99,2455,8237
FT_COMPACT_seed_997,FT_COMPACT,997,0.7299999999999998,0.9324699352451434,0.9882395295811832,0.7702020202020202,0.8657030223390276,0.8057572258859905,0.0036105073131194047,0.2297979797979798,27045,98,2457,8235
FT_COMPACT_seed_997,FT_COMPACT,997,0.7349999999999997,0.9324435046914232,0.9884726224783862,0.7699214365881033,0.865615141955836,0.8055425082198214,0.003536823490402682,0.23007856341189675,27047,96,2460,8232
FT_COMPACT_seed_997,FT_COMPACT,997,0.7399999999999997,0.9324170741377031,0.9887059954343386,0.7696408529741863,0.8655272153562977,0.8053277485271378,0.0034631396676859595,0.2303591470258137,27049,94,2463,8229
FT_COMPACT_seed_997,FT_COMPACT,997,0.7449999999999997,0.9324435046914232,0.9888248017303533,0.7696408529741863,0.865572735878826,0.8053435114503815,0.0034262977563275982,0.2303591470258137,27050,93,2463,8229
FT_COMPACT_seed_997,FT_COMPACT,997,0.7499999999999997,0.9324435046914232,0.9888248017303533,0.7696408529741863,0.865572735878826,0.8053435114503815,0.0034262977563275982,0.2303591470258137,27050,93,2463,8229
FT_COMPACT_seed_997,FT_COMPACT,997,0.7549999999999997,0.9324435046914232,0.9888248017303533,0.7696408529741863,0.865572735878826,0.8053435114503815,0.0034262977563275982,0.2303591470258137,27050,93,2463,8229
FT_COMPACT_seed_997,FT_COMPACT,997,0.7599999999999997,0.9324963657988635,0.9890625,0.7696408529741863,0.8656637912897117,0.8053750391481366,0.0033526139336108756,0.2303591470258137,27052,91,2463,8229
FT_COMPACT_seed_997,FT_COMPACT,997,0.7649999999999997,0.9324963657988635,0.9891800913681174,0.7695473251028807,0.8656496580746976,0.8053086951415261,0.0033157720222525143,0.23045267489711935,27053,90,2464,8228
FT_COMPACT_seed_997,FT_COMPACT,997,0.7699999999999997,0.9324699352451434,0.9891787904292413,0.769453797231575,0.8655899836919354,0.8052265831457375,0.0033157720222525143,0.230546202768425,27053,90,2465,8227
FT_COMPACT_seed_997,FT_COMPACT,997,0.7749999999999997,0.9324963657988635,0.9894154438296848,0.7693602693602694,0.8656213827212459,0.8051759915430092,0.0032420881995357917,0.23063973063973064,27055,88,2466,8226
FT_COMPACT_seed_997,FT_COMPACT,997,0.7799999999999997,0.9324963657988635,0.9894154438296848,0.7693602693602694,0.8656213827212459,0.8051759915430092,0.0032420881995357917,0.23063973063973064,27055,88,2466,8226
FT_COMPACT_seed_997,FT_COMPACT,997,0.7849999999999997,0.9324963657988635,0.9894154438296848,0.7693602693602694,0.8656213827212459,0.8051759915430092,0.0032420881995357917,0.23063973063973064,27055,88,2466,8226
FT_COMPACT_seed_997,FT_COMPACT,997,0.7899999999999997,0.9324963657988635,0.9895332050048123,0.7692667414889637,0.8656072405809303,0.8051096319498825,0.003205246288177431,0.2307332585110363,27056,87,2467,8225
FT_COMPACT_seed_997,FT_COMPACT,997,0.7949999999999997,0.9325227963525836,0.9896522680784502,0.7692667414889637,0.8656527916644741,0.8051253939975331,0.0031684043768190695,0.2307332585110363,27057,86,2467,8225
FT_COMPACT_seed_997,FT_COMPACT,997,0.7999999999999997,0.9324963657988635,0.9897688974482427,0.7690796857463524,0.865578947368421,0.8049768971728406,0.0031315624654607082,0.2309203142536476,27058,85,2469,8223
FT_COMPACT_seed_997,FT_COMPACT,997,0.8049999999999997,0.9324435046914232,0.9897664339032025,0.7688926300037411,0.8654595220549531,0.80481262481889,0.0031315624654607082,0.2311073699962589,27058,85,2471,8221
FT_COMPACT_seed_997,FT_COMPACT,997,0.8099999999999996,0.9324170741377031,0.9897652016857315,0.7687991021324355,0.8653997999684162,0.8047304838172812,0.0031315624654607082,0.23120089786756454,27058,85,2472,8220
FT_COMPACT_seed_997,FT_COMPACT,997,0.8149999999999996,0.9324699352451434,0.9901216720877003,0.7687055742611298,0.8654767545937978,0.8046956079030332,0.0030210367313856243,0.23129442573887019,27061,82,2473,8219
FT_COMPACT_seed_997,FT_COMPACT,997,0.8199999999999996,0.9324699352451434,0.9902397879262562,0.7686120463898242,0.865462587541467,0.8046292126030509,0.002984194820027263,0.23138795361017583,27062,81,2474,8218
FT_COMPACT_seed_997,FT_COMPACT,997,0.8249999999999996,0.9324699352451434,0.9903579607086899,0.7685185185185185,0.8654484175048711,0.8045628121022227,0.0029473529086689017,0.23148148148148148,27063,80,2475,8217
FT_COMPACT_seed_997,FT_COMPACT,997,0.8299999999999996,0.932390643583983,0.9903544731130938,0.7682379349046016,0.8652691456862952,0.8043163213348478,0.0029473529086689017,0.23176206509539843,27063,80,2478,8214
FT_COMPACT_seed_997,FT_COMPACT,997,0.8349999999999996,0.932390643583983,0.9903544731130938,0.7682379349046016,0.8652691456862952,0.8043163213348478,0.0029473529086689017,0.23176206509539843,27063,80,2478,8214
FT_COMPACT_seed_997,FT_COMPACT,997,0.8399999999999996,0.9322849213691027,0.9903498190591074,0.767863823419379,0.8650300284480033,0.8039876219201691,0.0029473529086689017,0.23213617658062102,27063,80,2482,8210
FT_COMPACT_seed_997,FT_COMPACT,997,0.8449999999999996,0.9322584908153826,0.9903486548437689,0.7677702955480733,0.864970233391286,0.8039054390191355,0.0029473529086689017,0.23222970445192667,27063,80,2483,8209
FT_COMPACT_seed_997,FT_COMPACT,997,0.8499999999999996,0.9322320602616625,0.9903474903474904,0.7676767676767676,0.8649104320337196,0.8038232528987777,0.0029473529086689017,0.23232323232323232,27063,80,2484,8208
FT_COMPACT_seed_997,FT_COMPACT,997,0.8549999999999996,0.9322320602616625,0.9903474903474904,0.7676767676767676,0.8649104320337196,0.8038232528987777,0.0029473529086689017,0.23232323232323232,27063,80,2484,8208
FT_COMPACT_seed_997,FT_COMPACT,997,0.8599999999999997,0.9322056297079424,0.9903463255701701,0.7675832398054621,0.8648506243743084,0.8037410635589072,0.0029473529086689017,0.23241676019453797,27063,80,2485,8207
FT_COMPACT_seed_997,FT_COMPACT,997,0.8649999999999997,0.9321263380467821,0.9904612412460758,0.7672091283202395,0.8646568989143038,0.8034280117531831,0.0029105109973105404,0.23279087167976056,27064,79,2489,8203
FT_COMPACT_seed_997,FT_COMPACT,997,0.8699999999999997,0.9319941852781816,0.9904554790382989,0.7667414889637112,0.864357636143181,0.803016945832109,0.0029105109973105404,0.2332585110362888,27064,79,2494,8198
FT_COMPACT_seed_997,FT_COMPACT,997,0.8749999999999997,0.9319413241707414,0.991165436282222,0.765993265993266,0.8641519388024269,0.8024534106719443,0.002689459529160373,0.234006734006734,27070,73,2502,8190
FT_COMPACT_seed_997,FT_COMPACT,997,0.8799999999999997,0.9316770186335404,0.9925871916393243,0.7639356528245417,0.8633793139897469,0.800831421456164,0.0022473565928600374,0.2360643471754583,27082,61,2524,8168
FT_COMPACT_seed_997,FT_COMPACT,997,0.8849999999999997,0.9317034491872604,0.9930673801994648,0.7636550692106248,0.8633816220788835,0.8006471857226909,0.0020999889474265926,0.23634493078937524,27086,57,2527,8165
FT_COMPACT_seed_997,FT_COMPACT,997,0.8899999999999997,0.9318620325095811,0.9939128317506696,0.7635615413393191,0.8636411721146725,0.800674747950257,0.0018420955679180637,0.2364384586606809,27093,50,2528,8164
FT_COMPACT_seed_997,FT_COMPACT,997,0.8949999999999996,0.9318884630633012,0.9947567369832947,0.7630003741114852,0.8636002752342137,0.800290372579411,0.0015842021884095348,0.23699962588851478,27100,43,2534,8158
FT_COMPACT_seed_997,FT_COMPACT,997,0.8999999999999996,0.9315977269723801,0.9952334392569054,0.7615974560419004,0.8628801525908657,0.799116781157998,0.0014368345429760896,0.2384025439580995,27104,39,2549,8143
FT_COMPACT_seed_997,FT_COMPACT,997,0.9049999999999996,0.93157129641866,0.9952328566189952,0.7615039281705949,0.8628199014465109,0.7990343284460931,0.0014368345429760896,0.23849607182940516,27104,39,2550,8142
FT_COMPACT_seed_997,FT_COMPACT,997,0.9099999999999996,0.9315977269723801,0.9953545232273838,0.7615039281705949,0.8628656210258584,0.7990500117767136,0.0013999926316177282,0.23849607182940516,27105,38,2550,8142
FT_COMPACT_seed_997,FT_COMPACT,997,0.9149999999999996,0.93157129641866,0.9955963302752293,0.7612233445566778,0.8627762760375257,0.7988339909310406,0.0013263088089010059,0.2387766554433221,27107,36,2553,8139
FT_COMPACT_seed_997,FT_COMPACT,997,0.9199999999999996,0.9315448658649399,0.9955957915341326,0.7611298166853723,0.8627159970316972,0.7987515213379922,0.0013263088089010059,0.23887018331462775,27107,36,2554,8138
FT_COMPACT_seed_997,FT_COMPACT,997,0.9249999999999996,0.9314920047574997,0.9957160342717258,0.7608492330714552,0.8625808503870215,0.7985197691311006,0.0012894668975426446,0.2391507669285447,27108,35,2557,8135
FT_COMPACT_seed_997,FT_COMPACT,997,0.9299999999999996,0.9313598519888991,0.9958348646331006,0.7602880658436214,0.8622646512861311,0.7980404861479257,0.0012526249861842832,0.2397119341563786,27109,34,2563,8129
FT_COMPACT_seed_997,FT_COMPACT,997,0.9349999999999996,0.9311484075591384,0.996439533456108,0.759072203516648,0.8617083399692096,0.7970459411152359,0.001068415429392477,0.24092779648335205,27114,29,2576,8116
FT_COMPACT_seed_997,FT_COMPACT,997,0.9399999999999996,0.9311219770054182,0.9965610415131417,0.7588851477740367,0.8616332165233089,0.7968964839913574,0.0010315735180341156,0.24111485222596335,27115,28,2578,8114
FT_COMPACT_seed_997,FT_COMPACT,997,0.9449999999999996,0.9311748381128585,0.9969279921356599,0.758791619902731,0.8617100371747212,0.7968608808391938,0.0009210477839590318,0.241208380097269,27118,25,2579,8113
FT_COMPACT_seed_997,FT_COMPACT,997,0.9499999999999996,0.9310955464516981,0.9969268592501537,0.7585110362888141,0.8615286556541137,0.7966131662181011,0.0009210477839590318,0.24148896371118594,27118,25,2582,8110
