notebook_id,path,canonical_status,stage_scope,sha256,bytes,total_cells,code_cells,markdown_cells,executed_code_cells,notes
NB001,notebooks/archive/stage01_to_stage20_original_kaggle_notebook.ipynb,AUTHORITATIVE_HISTORICAL_SOURCE,"Precursor; Stage01-Stage20; embedded Stage21 cells 462-488",147760f81f5db581c2cbc92b3c7c24060b823dfa50ac9d9a2156eb132b51b3ce,14127660,488,488,0,324,"Byte-for-byte archive of the user-supplied notebook. Physical 1-based cell order is canonical."
NB002,notebooks/original_kaggle_working_notebook.ipynb,PARTIAL_HISTORICAL_SUBSET,Stage01-Stage07,b3445fe86d1baf51bbd3ccccac99daeb60c3a2f64ff476e51afba803cd16ad32,576984,111,111,0,9,"Contains 109 exact source-cell matches with NB001 but is not the complete historical notebook and must not replace NB001."
NB003,scripts/stage24/stage24_cross_dataset_generalization.ipynb,RECOVERED_STAGE_EXPORT,Stage24,7afb979b7f76871ab3fc0ad6471aaa0e4475c1ca9f9c68619ace36386f1bd225,2330975,45,44,1,0,"Recovered from executed Kaggle code-cell history; paired Python export exists."
NB004,scripts/stage25/stage25_prevalence_operational_stress.ipynb,STAGE_EXPORT,Stage25,6e71c937cc472826a5b81a0ab9d43f66c55925340cde50092212d1c7609bc0c5,938549,7,7,0,0,"Analytic Stage25 notebook export; paired Python export exists."
NB005,scripts/stage27/stage27_loao_unseen_attack.ipynb,EXECUTED_STAGE_EXPORT,Stage27,d5c80a78221395ae0dccf361335bca5de989fbf9dff232f62e2701939613cd46,388619,12,12,0,12,"Executed Stage27 source export; paired Python export and publication generator exist."
NB006,scripts/stage28/stage28_full_kaggle_notebook.ipynb,EXECUTED_STAGE_ARCHIVE,Stage28,74c315410ecbd1caa0b0f9d22dd75effe7ef9079438ce945f4b001a3d7fd00b2,588140,15,15,0,15,"Complete Stage28 Kaggle notebook archive; paired Python source exists."
NB007,notebooks/archive/stage21_stage22_research_continues.ipynb,AUTHORITATIVE_EXECUTED_ARCHIVE,Stage21-Stage22,dab6efa73600d36b1a6324ffa4036d6b02453b3b6c4ea84f995875d74a35a5db,24673089,139,139,0,138,"Byte-for-byte user-supplied archive. Cell 1 is generic; Stage21 cells 2-85; Stage22/22R cells 86-139."
NB008,notebooks/archive/stage23_research_executed.ipynb,AUTHORITATIVE_EXECUTED_ARCHIVE,Stage23,a33b83e09261aed6f7b772049bcfb7f4691e63e0cf2e13202c4cd00afeae007e,3263936,78,78,0,77,"Byte-for-byte user-supplied archive. Scientific history is cells 1-75; cells 76-78 are post-closure export operations."
NB009,notebooks/archive/stage24_cross_dataset_executed.ipynb,AUTHORITATIVE_EXECUTED_ARCHIVE,Stage24,395465a0b72d718c997583ac3838fe12731d990799cadb134c20a548e669b8ac,2688147,62,62,0,45,"Byte-for-byte user-supplied full archive. Complements sanitized NB003 with pre-opening cells 1-17 and packaging recovery cells 61-62."
